{
"type": "FeatureCollection",
"name": "oahu_income_solar_combined",
"crs": { "type": "name", "properties": { "name": "urn:ogc:def:crs:EPSG::3759" } },
"features": [
{ "type": "Feature", "properties": { "GEOID": "15003008702", "NAME": "Census Tract 87.02; Honolulu County; Hawaii", "variable": "median_income", "median_income": 79091.0, "income_moe": 18131.0, "tract_area_m2": 11807511.407659866, "solar_area_m2": 117434.0814124406, "solar_polygon_count": 224, "solar_fraction": 0.0099457097569482598, "solar_percent": 0.994570975694826, "residential_solar_m2": 117434.0814124406, "residential_polygon_count": 224, "residential_solar_percent": 0.994570975694826 }, "geometry": { "type": "MultiPolygon", "coordinates": [ [ [ [ 1635896.42420078185387, 78962.278111572188209 ], [ 1636070.715503496350721, 80138.12675015363493 ], [ 1636199.648403397761285, 80012.429460192404804 ], [ 1636162.540649084141478, 79712.745298786961939 ], [ 1636791.277044873684645, 79824.582141850580228 ], [ 1637561.517637757118791, 79475.808673207502579 ], [ 1638063.011430041166022, 79600.744666191632859 ], [ 1638838.409758871421218, 80703.564766632101964 ], [ 1638859.85413259640336, 81075.539518495177617 ], [ 1638846.932244223542511, 81286.229097106552217 ], [ 1639469.868635386694223, 81833.279905356292147 ], [ 1639697.469589889748022, 81981.485347579335212 ], [ 1640830.693688567262143, 82581.583291392162209 ], [ 1640250.982359275687486, 80805.980249894462759 ], [ 1639973.359778092708439, 79871.321207478511496 ], [ 1640145.848138870904222, 79223.632740928020212 ], [ 1640226.820493220584467, 78932.300285415680264 ], [ 1640118.622633958235383, 77867.594775603996823 ], [ 1638729.44235388096422, 77578.104870081559056 ], [ 1637224.560257837409154, 77182.950137336825719 ], [ 1636774.763784412527457, 77142.657376824994572 ], [ 1636914.662685357267037, 78078.034348708679317 ], [ 1636797.991390253184363, 78493.971271075657569 ], [ 1636068.559350827010348, 78726.146802986651892 ], [ 1635896.42420078185387, 78962.278111572188209 ] ] ] ] } },
{ "type": "Feature", "properties": { "GEOID": "15003002003", "NAME": "Census Tract 20.03; Honolulu County; Hawaii", "variable": "median_income", "median_income": 64338.0, "income_moe": 9032.0, "tract_area_m2": 1535402.8537538121, "solar_area_m2": 14765.929740421972, "solar_polygon_count": 7, "solar_fraction": 0.0096169742711638556, "solar_percent": 0.96169742711638562, "residential_solar_m2": 14765.929740421972, "residential_polygon_count": 7, "residential_solar_percent": 0.96169742711638562 }, "geometry": { "type": "MultiPolygon", "coordinates": [ [ [ [ 1698373.879899670137092, 41224.28668880724581 ], [ 1699287.982236563693732, 42204.613464559028216 ], [ 1699755.225564872147515, 41777.940314179795678 ], [ 1700224.872511558467522, 41339.649762520777585 ], [ 1699769.8669727826491, 40851.658302779273072 ], [ 1699539.463189686648548, 41075.532186184253078 ], [ 1699007.54831352061592, 40545.688541038689436 ], [ 1698568.915428986307234, 40957.868840930190345 ], [ 1698373.879899670137092, 41224.28668880724581 ] ] ] ] } },
{ "type": "Feature", "properties": { "GEOID": "15003006900", "NAME": "Census Tract 69; Honolulu County; Hawaii", "variable": "median_income", "median_income": 108929.0, "income_moe": 19006.0, "tract_area_m2": 11896857.53483987, "solar_area_m2": 228521.62749558108, "solar_polygon_count": 624, "solar_fraction": 0.019208570568014029, "solar_percent": 1.920857056801403, "residential_solar_m2": 228521.62749558108, "residential_polygon_count": 624, "residential_solar_percent": 1.920857056801403 }, "geometry": { "type": "MultiPolygon", "coordinates": [ [ [ [ 1669993.101026302203536, 63140.278280661033932 ], [ 1670304.527100252686068, 64312.313623951464251 ], [ 1670686.701160341501236, 64320.88307518226793 ], [ 1671554.847827094607055, 64335.547597547178157 ], [ 1672120.442064985167235, 64363.850008790264837 ], [ 1672701.32250592764467, 64437.937827652531269 ], [ 1673283.878667927347124, 64551.627861716711777 ], [ 1673964.436951281735674, 64676.283202741404239 ], [ 1674766.855456324294209, 64754.165204737408203 ], [ 1674054.40743227978237, 63390.414292914902035 ], [ 1673957.093978175427765, 61183.939190862700343 ], [ 1672801.530562178231776, 61367.035737083839194 ], [ 1670009.48584059625864, 61818.764055050050956 ], [ 1670210.929645555093884, 63105.526430013320351 ], [ 1669993.101026302203536, 63140.278280661033932 ] ] ] ] } },
{ "type": "Feature", "properties": { "GEOID": "15003006301", "NAME": "Census Tract 63.01; Honolulu County; Hawaii", "variable": "median_income", "median_income": 121500.0, "income_moe": 9610.0, "tract_area_m2": 8060029.2287336681, "solar_area_m2": 106388.86204378087, "solar_polygon_count": 212, "solar_fraction": 0.013199562808594913, "solar_percent": 1.3199562808594913, "residential_solar_m2": 91680.246147637095, "residential_polygon_count": 211, "residential_solar_percent": 1.137467911664648 }, "geometry": { "type": "MultiPolygon", "coordinates": [ [ [ [ 1681339.067668075906113, 64296.357583263110428 ], [ 1682295.349960979772732, 64753.709487880085362 ], [ 1683086.425627728924155, 65811.409353440874838 ], [ 1684256.504070997936651, 64453.049364217535185 ], [ 1684539.415509634418413, 64737.347971828101436 ], [ 1685338.915453721303493, 65436.554284295314574 ], [ 1686244.858864854788408, 65799.125077365824836 ], [ 1687225.699465123238042, 66503.601108599526924 ], [ 1687486.803265986032784, 66789.712871928684763 ], [ 1687958.513991570333019, 66734.914535923919175 ], [ 1687699.5298860326875, 65977.658614270781982 ], [ 1686584.000696314265952, 65181.153937089446117 ], [ 1686007.805761712836102, 64830.84461114435544 ], [ 1685471.556260888231918, 64319.289390814279614 ], [ 1685016.185466710710898, 63937.489393211435527 ], [ 1684109.885412478819489, 62711.480027091209195 ], [ 1683576.902241605566815, 62743.741126357715984 ], [ 1683399.744248672854155, 62976.082534104971273 ], [ 1683352.722178617026657, 63046.879747987302835 ], [ 1682971.492817480815575, 63553.317720889535849 ], [ 1682420.569581933319569, 63907.420856318742153 ], [ 1681554.671740822028369, 64060.043031399683969 ], [ 1681339.067668075906113, 64296.357583263110428 ] ] ] ] } },
{ "type": "Feature", "properties": { "GEOID": "15003010901", "NAME": "Census Tract 109.01; Honolulu County; Hawaii", "variable": "median_income", "median_income": 154877.0, "income_moe": 5370.0, "tract_area_m2": 34857612.888648763, "solar_area_m2": 196345.57631387378, "solar_polygon_count": 658, "solar_fraction": 0.0056327889388493643, "solar_percent": 0.56327889388493646, "residential_solar_m2": 196345.57631387378, "residential_polygon_count": 658, "residential_solar_percent": 0.56327889388493646 }, "geometry": { "type": "MultiPolygon", "coordinates": [ [ [ [ 1720831.929133835015818, 88542.173324072413379 ], [ 1721084.691689223283902, 89431.091743291239254 ], [ 1721506.047155858483166, 92859.103137166122906 ], [ 1722030.840291560860351, 94889.084499807242537 ], [ 1722232.811737711541355, 94931.169036224542651 ], [ 1723799.988824642030522, 94797.73570244597795 ], [ 1724043.972373538650572, 95160.653354989088257 ], [ 1727563.937851816881448, 95163.018690550379688 ], [ 1727240.478038335684687, 94117.748372090994962 ], [ 1726069.242453158833086, 92520.407464931005961 ], [ 1726225.332268652739003, 91908.198362542389077 ], [ 1725645.709710836410522, 90424.434374966702308 ], [ 1723991.002194204134867, 88152.886193077079952 ], [ 1723427.85878172959201, 87380.803902377854683 ], [ 1723213.961294129258022, 87553.020927827674313 ], [ 1722710.545472011668608, 87304.498563664456015 ], [ 1721734.414422299945727, 86966.260131552815437 ], [ 1720060.08045478630811, 87178.42406876059249 ], [ 1720831.929133835015818, 88542.173324072413379 ] ] ] ] } },
{ "type": "Feature", "properties": { "GEOID": "15003001400", "NAME": "Census Tract 14; Honolulu County; Hawaii", "variable": "median_income", "median_income": 132750.0, "income_moe": 44533.0, "tract_area_m2": 5417412.8828561241, "solar_area_m2": 97726.34683934522, "solar_polygon_count": 319, "solar_fraction": 0.018039301960647815, "solar_percent": 1.8039301960647816, "residential_solar_m2": 97726.34683934522, "residential_polygon_count": 319, "residential_solar_percent": 1.8039301960647816 }, "geometry": { "type": "MultiPolygon", "coordinates": [ [ [ [ 1705140.861303748330101, 40501.141406961331086 ], [ 1705157.668052577646449, 41246.559788082289742 ], [ 1705168.261918327305466, 41496.491655712903594 ], [ 1705496.094594517024234, 41807.470262880444352 ], [ 1706402.335979938972741, 41313.095964478903625 ], [ 1707190.708063603844494, 40885.792415584386617 ], [ 1707984.883521831128746, 40456.328137204080122 ], [ 1707365.96900327806361, 39310.575643025695172 ], [ 1706826.851165712578222, 38319.6757524262066 ], [ 1706407.167600761866197, 38763.782276346370054 ], [ 1706172.613300272729248, 39010.507829961490643 ], [ 1705191.105057967361063, 40057.305065980574 ], [ 1705141.128537566866726, 40279.193292251875391 ], [ 1705140.861303748330101, 40501.141406961331086 ] ] ] ] } },
{ "type": "Feature", "properties": { "GEOID": "15003011202", "NAME": "Census Tract 112.02; Honolulu County; Hawaii", "variable": "median_income", "median_income": 174375.0, "income_moe": 60879.0, "tract_area_m2": 13869867.518998487, "solar_area_m2": 80286.144342037485, "solar_polygon_count": 284, "solar_fraction": 0.0057885300080959086, "solar_percent": 0.5788530008095909, "residential_solar_m2": 80286.144342037485, "residential_polygon_count": 284, "residential_solar_percent": 0.5788530008095909 }, "geometry": { "type": "MultiPolygon", "coordinates": [ [ [ [ 1735444.202708863886073, 83203.642229238132131 ], [ 1737081.307403483428061, 82424.176305187895196 ], [ 1738003.080949965631589, 81326.492416445165873 ], [ 1738406.251570908818394, 80846.400220494746463 ], [ 1738448.227305699372664, 80764.039368186233332 ], [ 1739457.265916480915621, 78784.283971369310166 ], [ 1740484.422749967779964, 77695.685000498575391 ], [ 1740481.859274160815403, 77639.820549187163124 ], [ 1739445.825210066279396, 77429.660365254370845 ], [ 1736762.206642844015732, 77319.048942051827908 ], [ 1736232.536496164044365, 77651.207796241287724 ], [ 1735915.996425102930516, 78098.179362397379009 ], [ 1736335.572069022804499, 78062.240998804554692 ], [ 1736563.713551047258079, 78717.247677398278029 ], [ 1736583.723395907087252, 79698.452811233597458 ], [ 1735915.809971570037305, 81630.533424918990931 ], [ 1735887.463957236614078, 81691.147478541650344 ], [ 1735383.592357448302209, 82274.37447883594723 ], [ 1735444.202708863886073, 83203.642229238132131 ] ] ] ] } },
{ "type": "Feature", "properties": { "GEOID": "15003005000", "NAME": "Census Tract 50; Honolulu County; Hawaii", "variable": "median_income", "median_income": 69516.0, "income_moe": 19667.0, "tract_area_m2": 5909288.0194544224, "solar_area_m2": 115990.04964541552, "solar_polygon_count": 136, "solar_fraction": 0.019628430576332671, "solar_percent": 1.9628430576332672, "residential_solar_m2": 83223.026920568649, "residential_polygon_count": 133, "residential_solar_percent": 1.4083427080654001 }, "geometry": { "type": "MultiPolygon", "coordinates": [ [ [ [ 1688934.804869014769793, 57009.245545789803145 ], [ 1689388.844087230274454, 57392.892824672184361 ], [ 1690195.881799284834415, 58089.633695055992575 ], [ 1690534.914103153161705, 57689.278500206404715 ], [ 1691415.026140533620492, 56684.25344743495225 ], [ 1690687.768341775517911, 55840.087592086631048 ], [ 1690329.736579291056842, 55429.274635048059281 ], [ 1689489.890555008081719, 54462.240711108031974 ], [ 1688960.668600962031633, 55133.418157151107152 ], [ 1688077.032196165528148, 56297.948801904014545 ], [ 1688934.804869014769793, 57009.245545789803145 ] ] ] ] } },
{ "type": "Feature", "properties": { "GEOID": "15003007302", "NAME": "Census Tract 73.02; Honolulu County; Hawaii", "variable": "median_income", "median_income": 118042.0, "income_moe": 17609.0, "tract_area_m2": 35169216.248020157, "solar_area_m2": 183994.98480622974, "solar_polygon_count": 321, "solar_fraction": 0.0052317055776466923, "solar_percent": 0.52317055776466925, "residential_solar_m2": 183994.98480622974, "residential_polygon_count": 321, "residential_solar_percent": 0.52317055776466925 }, "geometry": { "type": "MultiPolygon", "coordinates": [ [ [ [ 1650369.682869830867276, 62252.14633563454845 ], [ 1650743.378907891921699, 63959.879461888107471 ], [ 1652448.701633568387479, 64084.46859916732501 ], [ 1654942.743122949264944, 64706.616657538121217 ], [ 1656709.90354167134501, 65050.038104876075522 ], [ 1659526.158455695491284, 65579.142258962761844 ], [ 1660626.741956369020045, 64632.539058322079654 ], [ 1660380.073672979837283, 64466.802083135444263 ], [ 1659116.646124403458089, 62991.892785130243283 ], [ 1659137.079362950287759, 62953.031609034987923 ], [ 1658166.710503669688478, 62209.118032830243465 ], [ 1657947.685550240566954, 61752.797525104884699 ], [ 1657230.896188203711063, 60804.1090220982951 ], [ 1656827.56757475854829, 60882.083831481410016 ], [ 1655469.639762136852369, 61976.535837696304952 ], [ 1653886.805902904598042, 60383.968184793950059 ], [ 1653424.506065806141123, 60847.367226742855564 ], [ 1652728.668423105729744, 60150.116813653810823 ], [ 1652080.453305301722139, 59491.390964084173902 ], [ 1652221.796695851022378, 59045.345129751061904 ], [ 1651893.627316953614354, 59369.66031287619262 ], [ 1650605.08817010675557, 59221.555293892080954 ], [ 1650233.822771032806486, 60762.775996345044405 ], [ 1650369.682869830867276, 62252.14633563454845 ] ] ] ] } },
{ "type": "Feature", "properties": { "GEOID": "15003008407", "NAME": "Census Tract 84.07; Honolulu County; Hawaii", "variable": "median_income", "median_income": 158060.0, "income_moe": 34761.0, "tract_area_m2": 7747005.8739699163, "solar_area_m2": 197464.16374219788, "solar_polygon_count": 392, "solar_fraction": 0.025489094361691545, "solar_percent": 2.5489094361691547, "residential_solar_m2": 197464.16374219788, "residential_polygon_count": 392, "residential_solar_percent": 2.5489094361691547 }, "geometry": { "type": "MultiPolygon", "coordinates": [ [ [ [ 1633256.331525306683034, 53965.501561485390994 ], [ 1633416.008652726421133, 54246.275864686977002 ], [ 1634055.825879242504016, 56248.816459942980146 ], [ 1634756.695336104603484, 56693.361203230342653 ], [ 1635345.433156027458608, 55656.937846661450749 ], [ 1636030.84916844801046, 54465.40383613009908 ], [ 1633878.99873580224812, 52019.834141644976626 ], [ 1633639.045931412838399, 52235.273416413103405 ], [ 1632520.998337356839329, 53272.879373254996608 ], [ 1633256.331525306683034, 53965.501561485390994 ] ] ] ] } },
{ "type": "Feature", "properties": { "GEOID": "15003002404", "NAME": "Census Tract 24.04; Honolulu County; Hawaii", "variable": "median_income", "median_income": 64413.0, "income_moe": 4162.0, "tract_area_m2": 1680163.341043039, "solar_area_m2": 9781.3087994898233, "solar_polygon_count": 17, "solar_fraction": 0.0058216415990945403, "solar_percent": 0.58216415990945403, "residential_solar_m2": 9781.3087994898233, "residential_polygon_count": 17, "residential_solar_percent": 0.58216415990945403 }, "geometry": { "type": "MultiPolygon", "coordinates": [ [ [ [ 1698818.036109869135544, 45750.917172859197308 ], [ 1698982.535109640331939, 45689.342981667010463 ], [ 1699189.596534658921883, 46243.532567139125604 ], [ 1699820.68961729365401, 46003.025677537283627 ], [ 1700398.998977812938392, 45781.719707776181167 ], [ 1699973.296556154266, 44692.571791088965256 ], [ 1699837.311408576788381, 44518.059013036116085 ], [ 1699406.876476552570239, 44928.788841296176543 ], [ 1699393.976712204050273, 44894.992000736376212 ], [ 1698609.610691119451076, 45193.458387520287943 ], [ 1698818.036109869135544, 45750.917172859197308 ] ] ] ] } },
{ "type": "Feature", "properties": { "GEOID": "15003000122", "NAME": "Census Tract 1.22; Honolulu County; Hawaii", "variable": "median_income", "median_income": 141226.0, "income_moe": 26283.0, "tract_area_m2": 12729265.49090267, "solar_area_m2": 154748.56300595807, "solar_polygon_count": 519, "solar_fraction": 0.012156912204915006, "solar_percent": 1.2156912204915005, "residential_solar_m2": 154748.56300595807, "residential_polygon_count": 519, "residential_solar_percent": 1.2156912204915005 }, "geometry": { "type": "MultiPolygon", "coordinates": [ [ [ [ 1740939.586830935906619, 39794.414960724614502 ], [ 1741824.336545733734965, 41141.218426727602491 ], [ 1742508.444973051082343, 42163.267102061618061 ], [ 1743242.445117700845003, 43252.986600026037195 ], [ 1743657.504545520059764, 44117.609706465213094 ], [ 1744025.740562109276652, 44716.604491662663349 ], [ 1745238.109288545325398, 44526.7927427298564 ], [ 1745662.121251740958542, 44449.521188925056776 ], [ 1747064.617903186706826, 45388.040489429906302 ], [ 1748930.668850491056219, 46195.305788214696804 ], [ 1748733.685437444597483, 45961.332852639432531 ], [ 1746364.302558878669515, 44707.724908236530609 ], [ 1743818.815179510274902, 40434.849757759686327 ], [ 1743245.715479301521555, 39407.911540651191899 ], [ 1742781.665877571795136, 39393.222222203869023 ], [ 1741456.250087601365522, 39530.569015922847029 ], [ 1740939.586830935906619, 39794.414960724614502 ] ] ] ] } },
{ "type": "Feature", "properties": { "GEOID": "15003006814", "NAME": "Census Tract 68.14; Honolulu County; Hawaii", "variable": "median_income", "median_income": 84231.0, "income_moe": 17799.0, "tract_area_m2": 877511.42385607678, "solar_area_m2": 46353.014519227479, "solar_polygon_count": 6, "solar_fraction": 0.052823260483079448, "solar_percent": 5.2823260483079446, "residential_solar_m2": 10182.840110895324, "residential_polygon_count": 4, "residential_solar_percent": 1.1604225123530063 }, "geometry": { "type": "MultiPolygon", "coordinates": [ [ [ [ 1669992.290498122340068, 64608.556969703844516 ], [ 1670110.764538137707859, 65144.061442846337741 ], [ 1670690.121977878501639, 64891.922980098948756 ], [ 1670873.24761216621846, 64829.183538401179248 ], [ 1671495.721377530833706, 64768.514088340467424 ], [ 1671554.847827094607055, 64335.547597547178157 ], [ 1670686.701160341501236, 64320.88307518226793 ], [ 1670304.527100252686068, 64312.313623951464251 ], [ 1670000.625618221471086, 64305.243087671602552 ], [ 1669992.290498122340068, 64608.556969703844516 ] ] ] ] } },
{ "type": "Feature", "properties": { "GEOID": "15003004801", "NAME": "Census Tract 48.01; Honolulu County; Hawaii", "variable": "median_income", "median_income": 96061.0, "income_moe": 11625.0, "tract_area_m2": 32381953.169723909, "solar_area_m2": 146462.21865893083, "solar_polygon_count": 255, "solar_fraction": 0.0045229581394079814, "solar_percent": 0.45229581394079815, "residential_solar_m2": 108908.31256349693, "residential_polygon_count": 252, "residential_solar_percent": 0.33632410000926916 }, "geometry": { "type": "MultiPolygon", "coordinates": [ [ [ [ 1685238.083172948332503, 62301.20604703349818 ], [ 1685398.190856043947861, 62931.952616027228942 ], [ 1685520.011710620252416, 62952.034099663716916 ], [ 1685860.422017033910379, 63658.491577506145404 ], [ 1686248.254066573223099, 63421.615662240954407 ], [ 1687408.093478337861598, 64187.637934946040332 ], [ 1689207.33929375722073, 64969.884311114961747 ], [ 1689861.056957056047395, 65002.087020672486688 ], [ 1690757.522209800081328, 65648.792144458479015 ], [ 1691928.254802458919585, 66294.685873363399878 ], [ 1692444.364136505872011, 66436.49162575470109 ], [ 1693546.622490593930706, 67118.680382891659974 ], [ 1695129.80879560764879, 67689.134990994309192 ], [ 1695852.306142840534449, 67648.466767960591824 ], [ 1696817.092801489401609, 68259.019808835480944 ], [ 1697886.318703354569152, 69194.454630216161604 ], [ 1698850.753412961494178, 69769.082164126753923 ], [ 1699573.285626152064651, 69982.381407090477296 ], [ 1699131.553295171353966, 69400.683035478927195 ], [ 1698009.813829305814579, 68273.36670348046755 ], [ 1697159.65313734090887, 67727.57317814687849 ], [ 1696139.588553164619952, 66600.405082259327173 ], [ 1694405.346865736413747, 65291.267462766460085 ], [ 1693487.091205860488117, 65036.070162907963095 ], [ 1693112.796762533951551, 64636.11836776646669 ], [ 1692797.995307517237961, 64295.074976465439249 ], [ 1692704.663162225158885, 64381.438861559225188 ], [ 1690992.511509425472468, 62940.93662563127873 ], [ 1689552.848218485247344, 61905.043575112780672 ], [ 1689540.582443145569414, 61548.678114384842047 ], [ 1688650.152221891563386, 60532.205702831211966 ], [ 1688383.743776791496202, 60441.51592729119875 ], [ 1688547.930179501418024, 61422.454142046415654 ], [ 1688253.476610231446102, 61109.063876124928356 ], [ 1687869.640217420179397, 61032.438929498130165 ], [ 1686770.246559776598588, 60745.231258319770859 ], [ 1686477.046647631563246, 60540.828737178540905 ], [ 1686293.040908118709922, 60400.09094934474706 ], [ 1685911.414213127456605, 60116.789471315467381 ], [ 1684776.477565168403089, 61616.811101123297703 ], [ 1685238.083172948332503, 62301.20604703349818 ] ] ] ] } },
{ "type": "Feature", "properties": { "GEOID": "15003008946", "NAME": "Census Tract 89.46; Honolulu County; Hawaii", "variable": "median_income", "median_income": 113030.0, "income_moe": 18067.0, "tract_area_m2": 6303709.6256804522, "solar_area_m2": 38654.449780657531, "solar_polygon_count": 133, "solar_fraction": 0.0061320162374206739, "solar_percent": 0.61320162374206744, "residential_solar_m2": 38654.449780657531, "residential_polygon_count": 133, "residential_solar_percent": 0.61320162374206744 }, "geometry": { "type": "MultiPolygon", "coordinates": [ [ [ [ 1640579.933649916900322, 92544.659158352791565 ], [ 1641625.186901275534183, 92340.158010936196661 ], [ 1642158.885449233697727, 91799.280799546657363 ], [ 1642291.565155302872881, 91131.616230051731691 ], [ 1642645.315683463355526, 91224.987247384968214 ], [ 1642900.116389155620709, 90581.667863564027357 ], [ 1643768.599063798086718, 89393.134192278055707 ], [ 1643996.217693442478776, 88619.409045700755087 ], [ 1643935.32839176687412, 88617.225449274934363 ], [ 1642972.672388259321451, 88417.378718841908267 ], [ 1642746.144211632898077, 87907.717274173308397 ], [ 1642560.074085222091526, 87849.588194020878291 ], [ 1642224.975779472151771, 88778.06347982614534 ], [ 1641986.170152707956731, 89147.489484336067108 ], [ 1641372.155163845978677, 90496.616185069127823 ], [ 1641306.50127988611348, 90763.246692293250817 ], [ 1641142.544551769969985, 91059.299807854768005 ], [ 1640849.329943007789552, 91826.135244344492094 ], [ 1640579.933649916900322, 92544.659158352791565 ] ] ] ] } },
{ "type": "Feature", "properties": { "GEOID": "15003006815", "NAME": "Census Tract 68.15; Honolulu County; Hawaii", "variable": "median_income", "median_income": 86843.0, "income_moe": 7981.0, "tract_area_m2": 927587.97425835428, "solar_area_m2": 15751.320167172709, "solar_polygon_count": 7, "solar_fraction": 0.016980944777519949, "solar_percent": 1.6980944777519948, "residential_solar_m2": 5470.5223479030001, "residential_polygon_count": 6, "residential_solar_percent": 0.58975779114395199 }, "geometry": { "type": "MultiPolygon", "coordinates": [ [ [ [ 1671495.721377530833706, 64768.514088340467424 ], [ 1672297.727881748229265, 64970.229083996557165 ], [ 1672459.397663457784802, 64936.906010535392852 ], [ 1672958.03764680842869, 64809.340551680623321 ], [ 1673239.512464669067413, 64755.387159026853624 ], [ 1673923.13314609718509, 64876.774569219327532 ], [ 1673964.436951281735674, 64676.283202741404239 ], [ 1673283.878667927347124, 64551.627861716711777 ], [ 1672701.32250592764467, 64437.937827652531269 ], [ 1672120.442064985167235, 64363.850008790264837 ], [ 1671554.847827094607055, 64335.547597547178157 ], [ 1671495.721377530833706, 64768.514088340467424 ] ] ] ] } },
{ "type": "Feature", "properties": { "GEOID": "15003003701", "NAME": "Census Tract 37.01; Honolulu County; Hawaii", "variable": "median_income", "median_income": 61505.0, "income_moe": 25454.0, "tract_area_m2": 1869104.4067816339, "solar_area_m2": 10527.638376897019, "solar_polygon_count": 10, "solar_fraction": 0.005632450674611756, "solar_percent": 0.56324506746117564, "residential_solar_m2": 2724.9642529963585, "residential_polygon_count": 9, "residential_solar_percent": 0.14578983619692007 }, "geometry": { "type": "MultiPolygon", "coordinates": [ [ [ [ 1694206.985436449991539, 44542.276872713824559 ], [ 1694909.833016448188573, 44713.351455065378104 ], [ 1694796.952365684788674, 45240.682393552553549 ], [ 1694938.615533555625007, 45537.241584257695649 ], [ 1695849.745717818615958, 45097.546453992581519 ], [ 1696368.648574507562444, 45031.972100008657435 ], [ 1696667.859980025095865, 44418.02134708010999 ], [ 1695787.321992846438661, 44225.671596969652455 ], [ 1695341.773911414435133, 44129.315132567586261 ], [ 1694822.362285973038524, 44017.630854659139004 ], [ 1694547.542401467915624, 44432.189625909093593 ], [ 1694206.985436449991539, 44542.276872713824559 ] ] ] ] } },
{ "type": "Feature", "properties": { "GEOID": "15003008951", "NAME": "Census Tract 89.51; Honolulu County; Hawaii", "variable": "median_income", "median_income": 138721.0, "income_moe": 12674.0, "tract_area_m2": 2991814.1386794518, "solar_area_m2": 126117.71006641025, "solar_polygon_count": 363, "solar_fraction": 0.042154259663361636, "solar_percent": 4.2154259663361637, "residential_solar_m2": 126117.71006641025, "residential_polygon_count": 363, "residential_solar_percent": 4.2154259663361637 }, "geometry": { "type": "MultiPolygon", "coordinates": [ [ [ [ 1631817.392220098525286, 82803.860667833840125 ], [ 1632480.505435931961983, 83210.243195974820992 ], [ 1633145.324175188085064, 83724.158003293065121 ], [ 1633622.796301509952173, 82445.065530181804206 ], [ 1633601.622130436822772, 81805.73524445242947 ], [ 1632709.845742539968342, 81171.609150426622364 ], [ 1632081.142784658819437, 81227.645126376097323 ], [ 1632137.32879460696131, 81557.474020874986309 ], [ 1632079.221317469840869, 81995.571413182129618 ], [ 1631817.392220098525286, 82803.860667833840125 ] ] ] ] } },
{ "type": "Feature", "properties": { "GEOID": "15003001905", "NAME": "Census Tract 19.05; Honolulu County; Hawaii", "variable": "median_income", "median_income": 91875.0, "income_moe": 37486.0, "tract_area_m2": 654125.30187890993, "solar_area_m2": 13049.280852549991, "solar_polygon_count": 2, "solar_fraction": 0.019949206696434504, "solar_percent": 1.9949206696434505, "residential_solar_m2": 3833.0437025358237, "residential_polygon_count": 1, "residential_solar_percent": 0.58598003953153721 }, "geometry": { "type": "MultiPolygon", "coordinates": [ [ [ [ 1694822.362285973038524, 44017.630854659139004 ], [ 1695341.773911414435133, 44129.315132567586261 ], [ 1695787.321992846438661, 44225.671596969652455 ], [ 1695977.016268852399662, 43833.916039044830541 ], [ 1695806.636428953381255, 43653.566012336137646 ], [ 1695642.707988099893555, 43488.843107218468504 ], [ 1695317.152961435960606, 43236.047828582304646 ], [ 1694875.660481397295371, 43832.061939222512592 ], [ 1694822.362285973038524, 44017.630854659139004 ] ] ] ] } },
{ "type": "Feature", "properties": { "GEOID": "15003006811", "NAME": "Census Tract 68.11; Honolulu County; Hawaii", "variable": "median_income", "median_income": 76893.0, "income_moe": 6814.0, "tract_area_m2": 10171691.210432636, "solar_area_m2": 48291.009148203317, "solar_polygon_count": 117, "solar_fraction": 0.0047475889848753424, "solar_percent": 0.47475889848753422, "residential_solar_m2": 48291.009148203317, "residential_polygon_count": 117, "residential_solar_percent": 0.47475889848753422 }, "geometry": { "type": "MultiPolygon", "coordinates": [ [ [ [ 1669141.800500267650932, 71653.445914302108577 ], [ 1669697.600555769400671, 72029.717636769943056 ], [ 1670868.192641645902768, 71921.75720824484597 ], [ 1671663.609128376469016, 72157.606013363445527 ], [ 1672473.445699729258195, 72166.803162295633228 ], [ 1672967.943836655467749, 72584.483615661752992 ], [ 1673674.179711767472327, 71744.705143072133069 ], [ 1674388.982248396379873, 70845.730733434247668 ], [ 1674479.623820880195126, 70645.270722866785945 ], [ 1674412.411392426351085, 70388.768885395038524 ], [ 1674360.45666869985871, 70218.005359823655454 ], [ 1673442.664900169707835, 70300.253713311976753 ], [ 1672766.043405883479863, 69408.409337090371992 ], [ 1671473.123155143810436, 69113.042839535381063 ], [ 1670864.918632096378133, 68704.393486065018806 ], [ 1670984.186559140216559, 69009.959928378666518 ], [ 1670988.85941978963092, 69765.535669272459927 ], [ 1669940.964943461120129, 70050.466942815299262 ], [ 1669732.619634296745062, 70218.540121339479811 ], [ 1670034.555430621374398, 70642.626529422093881 ], [ 1670647.72222987585701, 70672.029843701253412 ], [ 1670616.453285379335284, 71209.995008049954777 ], [ 1669916.248393556335941, 71677.478865342025529 ], [ 1669636.219462844077498, 71648.991235487672384 ], [ 1668796.500932262511924, 70865.721719252571347 ], [ 1669141.800500267650932, 71653.445914302108577 ] ] ] ] } },
{ "type": "Feature", "properties": { "GEOID": "15003008950", "NAME": "Census Tract 89.50; Honolulu County; Hawaii", "variable": "median_income", "median_income": 134931.0, "income_moe": 18358.0, "tract_area_m2": 4949737.6355345873, "solar_area_m2": 122893.97490709138, "solar_polygon_count": 342, "solar_fraction": 0.02482838161457793, "solar_percent": 2.482838161457793, "residential_solar_m2": 122893.97490709138, "residential_polygon_count": 342, "residential_solar_percent": 2.482838161457793 }, "geometry": { "type": "MultiPolygon", "coordinates": [ [ [ [ 1630983.089244794100523, 84001.661586185437045 ], [ 1632380.409246183698997, 84955.347754412228824 ], [ 1632423.336299146991223, 85378.899846605563653 ], [ 1633069.02127370564267, 85477.249980722044711 ], [ 1633327.429376194719225, 84481.525653691671323 ], [ 1634302.063699497841299, 84372.064654637346393 ], [ 1634071.021851180121303, 83936.18246102752164 ], [ 1633644.716627117013559, 83607.123436420559301 ], [ 1633879.161840087734163, 81233.933578603871865 ], [ 1633100.717993518803269, 80943.065405182205723 ], [ 1632528.094285883475095, 80641.280099443378276 ], [ 1632079.72221618401818, 80844.772198642778676 ], [ 1632081.142784658819437, 81227.645126376097323 ], [ 1632709.845742539968342, 81171.609150426622364 ], [ 1633601.622130436822772, 81805.73524445242947 ], [ 1633622.796301509952173, 82445.065530181804206 ], [ 1633145.324175188085064, 83724.158003293065121 ], [ 1632480.505435931961983, 83210.243195974820992 ], [ 1632200.59195467014797, 83667.263493902835762 ], [ 1631324.209861575858667, 83449.814170920450124 ], [ 1630983.089244794100523, 84001.661586185437045 ] ] ] ] } },
{ "type": "Feature", "properties": { "GEOID": "15003008302", "NAME": "Census Tract 83.02; Honolulu County; Hawaii", "variable": "median_income", "median_income": 107474.0, "income_moe": 23561.0, "tract_area_m2": 16543494.737486502, "solar_area_m2": 196627.63045655779, "solar_polygon_count": 418, "solar_fraction": 0.01188549539118915, "solar_percent": 1.1885495391189149, "residential_solar_m2": 187283.50280959628, "residential_polygon_count": 417, "residential_solar_percent": 1.132067352040339 }, "geometry": { "type": "MultiPolygon", "coordinates": [ [ [ [ 1636775.325013798195869, 55366.581618772725051 ], [ 1638193.058231586590409, 56993.883239681672421 ], [ 1638426.558712921570987, 57254.69071186180372 ], [ 1639122.627921215258539, 58288.128327052923851 ], [ 1640616.450152666307986, 59987.418188006275159 ], [ 1640847.205160313285887, 59985.603271050524199 ], [ 1642159.959027748554945, 58847.916315667171148 ], [ 1639522.166558951605111, 55833.973638093259069 ], [ 1638865.224901377456263, 55078.783172672679939 ], [ 1639301.546584905358031, 53029.293177811996429 ], [ 1638410.055682565784082, 52828.439712855571997 ], [ 1637687.054711167234927, 52665.370635336868872 ], [ 1637518.560751222539693, 52676.640340011639637 ], [ 1637042.704361255979165, 52883.72285398846725 ], [ 1636030.84916844801046, 54465.40383613009908 ], [ 1636775.325013798195869, 55366.581618772725051 ] ] ] ] } },
{ "type": "Feature", "properties": { "GEOID": "15003007809", "NAME": "Census Tract 78.09; Honolulu County; Hawaii", "variable": "median_income", "median_income": 168846.0, "income_moe": 33068.0, "tract_area_m2": 26816078.307724033, "solar_area_m2": 184089.24626748727, "solar_polygon_count": 574, "solar_fraction": 0.0068648832299412956, "solar_percent": 0.68648832299412954, "residential_solar_m2": 184089.24626748727, "residential_polygon_count": 574, "residential_solar_percent": 0.68648832299412954 }, "geometry": { "type": "MultiPolygon", "coordinates": [ [ [ [ 1657837.671697399811819, 82919.708216937026009 ], [ 1658053.252484004711732, 83242.714959972407087 ], [ 1659046.164416150189936, 83611.758470650369418 ], [ 1659420.555012495955452, 84077.949996975978138 ], [ 1659217.029778378084302, 84332.158427189904614 ], [ 1659809.223777976119891, 84553.230862657917896 ], [ 1659981.100888445507735, 85261.283119700819952 ], [ 1660809.360838022083044, 85505.338986640781513 ], [ 1661491.010782080003992, 86569.949619487510063 ], [ 1662585.155051529873163, 87070.235801142771379 ], [ 1663841.68356544431299, 87244.772888765815878 ], [ 1664179.592586178798229, 87746.945109382868395 ], [ 1665204.352790888864547, 88119.750787862853031 ], [ 1666223.71342611964792, 87670.156640169152524 ], [ 1666442.182399431243539, 87507.522942180701648 ], [ 1668464.243309558136389, 86709.741690257302253 ], [ 1669884.642692136811092, 85803.087421932985308 ], [ 1668519.057748768478632, 85329.389359540698933 ], [ 1667248.906533337663859, 85124.948438042512862 ], [ 1666754.834599378053099, 85368.811954928038176 ], [ 1665812.673366658622399, 85047.598853257353767 ], [ 1663806.147580606630072, 84498.163101013778942 ], [ 1662546.08724270039238, 83659.590472945536021 ], [ 1662337.990557709243149, 83407.403805555906729 ], [ 1661446.744337079580873, 83223.600430549893645 ], [ 1660407.760064364643767, 83267.155772301804973 ], [ 1659719.738280054647475, 82712.571625669661444 ], [ 1658219.629944557556883, 82160.989080756204203 ], [ 1658095.323851138586178, 81528.516557453840505 ], [ 1657995.290348749607801, 81564.446046726981876 ], [ 1657837.671697399811819, 82919.708216937026009 ] ] ] ] } },
{ "type": "Feature", "properties": { "GEOID": "15003005800", "NAME": "Census Tract 58; Honolulu County; Hawaii", "variable": "median_income", "median_income": 57955.0, "income_moe": 25449.0, "tract_area_m2": 5538267.6259651929, "solar_area_m2": 55966.398419515623, "solar_polygon_count": 37, "solar_fraction": 0.010105397969055706, "solar_percent": 1.0105397969055705, "residential_solar_m2": 40775.925088271208, "residential_polygon_count": 35, "residential_solar_percent": 0.73625775860127196 }, "geometry": { "type": "MultiPolygon", "coordinates": [ [ [ [ 1680764.620385301066563, 57497.229932961039594 ], [ 1681431.517188456607983, 58223.519886153706466 ], [ 1681760.363720883848146, 58587.027783754063421 ], [ 1682799.622918527107686, 59687.413548336968233 ], [ 1683345.769359208643436, 59405.23529258868075 ], [ 1684150.173321257112548, 58799.248717867165396 ], [ 1683859.443911153357476, 58460.82152825864614 ], [ 1683172.483205417171121, 57757.370194910108694 ], [ 1682671.314774473430589, 57091.48928632112802 ], [ 1682526.797698560170829, 56915.196835977389128 ], [ 1681473.533262323820964, 56246.717246941363555 ], [ 1680885.858529960270971, 56954.9813129151662 ], [ 1680764.620385301066563, 57497.229932961039594 ] ] ] ] } },
{ "type": "Feature", "properties": { "GEOID": "15003008913", "NAME": "Census Tract 89.13; Honolulu County; Hawaii", "variable": "median_income", "median_income": 163688.0, "income_moe": 22557.0, "tract_area_m2": 8811481.1185844392, "solar_area_m2": 158382.41193016624, "solar_polygon_count": 413, "solar_fraction": 0.017974550452831285, "solar_percent": 1.7974550452831286, "residential_solar_m2": 158382.41193016624, "residential_polygon_count": 413, "residential_solar_percent": 1.7974550452831286 }, "geometry": { "type": "MultiPolygon", "coordinates": [ [ [ [ 1629532.132456038612872, 78845.136479677064926 ], [ 1631712.858864769572392, 80153.188979198253946 ], [ 1632528.094285883475095, 80641.280099443378276 ], [ 1633100.717993518803269, 80943.065405182205723 ], [ 1633879.161840087734163, 81233.933578603871865 ], [ 1633747.292932108277455, 79574.591118393014767 ], [ 1634041.184572902275249, 79069.264719030805281 ], [ 1633880.588584096636623, 78990.457341480680043 ], [ 1633280.046750818612054, 78666.508902503541321 ], [ 1632850.64723217417486, 78440.985374257958028 ], [ 1632069.070766934659332, 77994.658929708020878 ], [ 1630765.169026372488588, 77263.279066852541291 ], [ 1630736.5672357538715, 77142.31971812757547 ], [ 1629474.626919072819874, 78809.912287198618287 ], [ 1629532.132456038612872, 78845.136479677064926 ] ] ] ] } },
{ "type": "Feature", "properties": { "GEOID": "15003008906", "NAME": "Census Tract 89.06; Honolulu County; Hawaii", "variable": "median_income", "median_income": 119804.0, "income_moe": 16028.0, "tract_area_m2": 17647886.880266961, "solar_area_m2": 110335.58359975598, "solar_polygon_count": 405, "solar_fraction": 0.0062520563707334307, "solar_percent": 0.62520563707334309, "residential_solar_m2": 110335.58359975598, "residential_polygon_count": 405, "residential_solar_percent": 0.62520563707334309 }, "geometry": { "type": "MultiPolygon", "coordinates": [ [ [ [ 1630504.653638862771913, 103478.594533966810559 ], [ 1631191.141283461358398, 104788.386872638366185 ], [ 1632339.759734191931784, 106312.076781043913797 ], [ 1632435.822475414257497, 107434.173479673088877 ], [ 1632707.454505932284519, 106995.31492658816569 ], [ 1633124.995242892997339, 106722.447608493515872 ], [ 1634485.44946154486388, 105985.95015879793209 ], [ 1634828.131091222167015, 105103.917423458231497 ], [ 1635113.942980498541147, 103315.195955004252028 ], [ 1635136.715375900967047, 103190.595552036131267 ], [ 1635858.132962171686813, 100685.126608527338249 ], [ 1635035.777595565421507, 100451.264125116009382 ], [ 1634988.181515963049605, 100612.192937853862531 ], [ 1634794.714872971409932, 101024.149377890775213 ], [ 1633826.2653130562976, 101943.670592171343742 ], [ 1633617.84688229765743, 102338.196878165501403 ], [ 1633527.092390461126342, 102694.566407220234396 ], [ 1632426.165042408276349, 101992.175683959329035 ], [ 1631291.141383234411478, 102931.747856723784935 ], [ 1630996.581169349141419, 102610.677404166723136 ], [ 1630563.329589646775275, 102634.367649131309008 ], [ 1630504.653638862771913, 103478.594533966810559 ] ] ] ] } },
{ "type": "Feature", "properties": { "GEOID": "15003000700", "NAME": "Census Tract 7; Honolulu County; Hawaii", "variable": "median_income", "median_income": 133679.0, "income_moe": 16481.0, "tract_area_m2": 10274585.143068133, "solar_area_m2": 144653.83242560347, "solar_polygon_count": 432, "solar_fraction": 0.014078800303017181, "solar_percent": 1.407880030301718, "residential_solar_m2": 144653.83242560347, "residential_polygon_count": 432, "residential_solar_percent": 1.407880030301718 }, "geometry": { "type": "MultiPolygon", "coordinates": [ [ [ [ 1709565.655186441261321, 38107.718148591760837 ], [ 1709869.588868259452283, 37938.470031004791963 ], [ 1710486.069808350177482, 39094.419152583439427 ], [ 1710801.28622784698382, 39667.683447881012398 ], [ 1711408.904997862642631, 40800.747541338467272 ], [ 1710532.051301797386259, 40648.119376503498643 ], [ 1711280.152656025718898, 40841.988703191665991 ], [ 1711574.296595546649769, 40859.087009339040378 ], [ 1712486.917135656345636, 40740.065503473771969 ], [ 1712566.596539744408801, 40733.270549586777634 ], [ 1712648.659260612679645, 40726.478916174157348 ], [ 1712358.806408571777865, 39028.963740973493259 ], [ 1712126.632301246514544, 37726.385790881824505 ], [ 1712173.879933052696288, 37276.376473524702305 ], [ 1711983.73357846820727, 37134.090606123972975 ], [ 1711685.563819682924077, 37056.321460256069258 ], [ 1711387.875318329781294, 35839.025780087846215 ], [ 1710752.694949416676536, 35688.530744133990083 ], [ 1708825.116188966669142, 36752.195755814798758 ], [ 1709565.655186441261321, 38107.718148591760837 ] ] ] ] } },
{ "type": "Feature", "properties": { "GEOID": "15003002500", "NAME": "Census Tract 25; Honolulu County; Hawaii", "variable": "median_income", "median_income": 69018.0, "income_moe": 29613.0, "tract_area_m2": 4625680.4871104676, "solar_area_m2": 56379.546047915101, "solar_polygon_count": 73, "solar_fraction": 0.01218837881367241, "solar_percent": 1.2188378813672411, "residential_solar_m2": 56379.546047915101, "residential_polygon_count": 73, "residential_solar_percent": 1.2188378813672411 }, "geometry": { "type": "MultiPolygon", "coordinates": [ [ [ [ 1695937.494736154796556, 47485.309346923779231 ], [ 1696230.379851568955928, 47372.277478634627187 ], [ 1697475.824748103739694, 46902.808163003559457 ], [ 1698246.202107334509492, 46603.946991644501395 ], [ 1698040.156439749523997, 46047.219353501801379 ], [ 1697932.87495468556881, 45770.304340174901881 ], [ 1697830.701278921449557, 45491.215506830718368 ], [ 1697619.87609423790127, 44938.843699310185912 ], [ 1697508.869993303203955, 44638.677417641905777 ], [ 1697358.493200117023662, 44222.954762102795939 ], [ 1696886.740793843287975, 44443.315517827773874 ], [ 1696667.859980025095865, 44418.02134708010999 ], [ 1696368.648574507562444, 45031.972100008657435 ], [ 1696077.285342183196917, 45635.035085284434899 ], [ 1695959.470075682504103, 46316.015380628195999 ], [ 1695938.363559688907117, 46974.210911419169861 ], [ 1695937.494736154796556, 47485.309346923779231 ] ] ] ] } },
{ "type": "Feature", "properties": { "GEOID": "15003006302", "NAME": "Census Tract 63.02; Honolulu County; Hawaii", "variable": "median_income", "median_income": 51603.0, "income_moe": 8297.0, "tract_area_m2": 7178626.83906525, "solar_area_m2": 28305.052945275198, "solar_polygon_count": 129, "solar_fraction": 0.0039429620148581064, "solar_percent": 0.39429620148581063, "residential_solar_m2": 28305.052945275198, "residential_polygon_count": 129, "residential_solar_percent": 0.39429620148581063 }, "geometry": { "type": "MultiPolygon", "coordinates": [ [ [ [ 1683667.169040622422472, 66017.841475124048884 ], [ 1686643.927275883965194, 68299.036552158955601 ], [ 1687190.30534000787884, 67675.072758929236443 ], [ 1687724.708192197373137, 67138.648853364225943 ], [ 1687486.803265986032784, 66789.712871928684763 ], [ 1687225.699465123238042, 66503.601108599526924 ], [ 1686244.858864854788408, 65799.125077365824836 ], [ 1685338.915453721303493, 65436.554284295314574 ], [ 1684539.415509634418413, 64737.347971828101436 ], [ 1684256.504070997936651, 64453.049364217535185 ], [ 1683086.425627728924155, 65811.409353440874838 ], [ 1683667.169040622422472, 66017.841475124048884 ] ] ] ] } },
{ "type": "Feature", "properties": { "GEOID": "15003000114", "NAME": "Census Tract 1.14; Honolulu County; Hawaii", "variable": "median_income", "median_income": 209107.0, "income_moe": 82611.0, "tract_area_m2": 13567011.532653632, "solar_area_m2": 197139.81582007909, "solar_polygon_count": 469, "solar_fraction": 0.014530820980404934, "solar_percent": 1.4530820980404935, "residential_solar_m2": 197139.81582007909, "residential_polygon_count": 469, "residential_solar_percent": 1.4530820980404935 }, "geometry": { "type": "MultiPolygon", "coordinates": [ [ [ [ 1738272.254907767986879, 41568.292411383910803 ], [ 1738517.822361073456705, 41809.650433123177208 ], [ 1738985.512830729829147, 41498.831468723234138 ], [ 1739724.144315307028592, 40862.311476239621697 ], [ 1740939.586830935906619, 39794.414960724614502 ], [ 1741456.250087601365522, 39530.569015922847029 ], [ 1742781.665877571795136, 39393.222222203869023 ], [ 1743245.715479301521555, 39407.911540651191899 ], [ 1742896.281327355187386, 38745.389614788131439 ], [ 1741689.971736814826727, 37642.435178412444657 ], [ 1740076.925027791410685, 35874.720568271222874 ], [ 1739835.339141051284969, 35228.766630166493997 ], [ 1740068.204267074353993, 34332.680498332971183 ], [ 1740381.358942489372566, 33827.506998334843956 ], [ 1739412.162580164847896, 33892.292486307233048 ], [ 1738646.544243288226426, 34712.938278743895353 ], [ 1738842.734161978587508, 35799.433540787242237 ], [ 1739592.129207465564832, 37307.235286084527615 ], [ 1739494.197048480156809, 38345.242671199848701 ], [ 1739332.880772727075964, 40339.952850372486864 ], [ 1738349.36800662917085, 41478.983052548006526 ], [ 1738272.254907767986879, 41568.292411383910803 ] ] ], [ [ [ 1736173.292349702911451, 43190.157921307712968 ], [ 1736229.884594321018085, 43147.394459891627776 ], [ 1736566.695491600316018, 42902.434250244499708 ], [ 1737284.277554279426113, 42021.317477242322639 ], [ 1736750.340368064120412, 42256.165527282304538 ], [ 1736054.722754101734608, 42757.657734400861955 ], [ 1736173.292349702911451, 43190.157921307712968 ] ] ] ] } },
{ "type": "Feature", "properties": { "GEOID": "15003002004", "NAME": "Census Tract 20.04; Honolulu County; Hawaii", "variable": "median_income", "median_income": 66943.0, "income_moe": 3794.0, "tract_area_m2": 1687941.0000614042, "solar_area_m2": 17988.568929806661, "solar_polygon_count": 12, "solar_fraction": 0.010657107641293309, "solar_percent": 1.0657107641293309, "residential_solar_m2": 17988.568929806661, "residential_polygon_count": 12, "residential_solar_percent": 1.0657107641293309 }, "geometry": { "type": "MultiPolygon", "coordinates": [ [ [ [ 1699539.463189686648548, 41075.532186184253078 ], [ 1699769.8669727826491, 40851.658302779273072 ], [ 1700224.872511558467522, 41339.649762520777585 ], [ 1699755.225564872147515, 41777.940314179795678 ], [ 1699287.982236563693732, 42204.613464559028216 ], [ 1699484.684697404503822, 42281.112699257166241 ], [ 1701010.163227698532864, 40882.828984299587319 ], [ 1700671.742914548842236, 40573.319259352145309 ], [ 1700297.596143197035417, 40239.433897148432152 ], [ 1700010.578024611342698, 40238.388441588780552 ], [ 1699635.358192923478782, 39945.554293664790748 ], [ 1699007.54831352061592, 40545.688541038689436 ], [ 1699539.463189686648548, 41075.532186184253078 ] ] ] ] } },
{ "type": "Feature", "properties": { "GEOID": "15003008929", "NAME": "Census Tract 89.29; Honolulu County; Hawaii", "variable": "median_income", "median_income": 99818.0, "income_moe": 24709.0, "tract_area_m2": 14566659.266733214, "solar_area_m2": 110700.87518250642, "solar_polygon_count": 336, "solar_fraction": 0.0075996062759098714, "solar_percent": 0.75996062759098715, "residential_solar_m2": 101940.29914571458, "residential_polygon_count": 335, "residential_solar_percent": 0.69981934278178648 }, "geometry": { "type": "MultiPolygon", "coordinates": [ [ [ [ 1637792.698642481584102, 110583.109145946393255 ], [ 1638274.516377156600356, 110662.64167898701271 ], [ 1640075.970391762442887, 111849.736054047345533 ], [ 1640109.293797579361126, 112163.230024934906396 ], [ 1641386.702915896195918, 113507.303750099497847 ], [ 1641659.384216247824952, 113646.801686191756744 ], [ 1642295.213752300711349, 113064.149561074591475 ], [ 1643073.529145084088668, 112345.289201620980748 ], [ 1644072.877576230792329, 111619.189897809294052 ], [ 1643747.155390637926757, 111382.322432524844771 ], [ 1643613.568797370418906, 110700.110440314616426 ], [ 1643401.057759625138715, 110633.621380262367893 ], [ 1642885.242474456550553, 110607.803443259443156 ], [ 1642217.100586759159341, 110439.586923760405625 ], [ 1641527.202719129389152, 109795.506846649877843 ], [ 1640323.158039569389075, 109467.834250750020146 ], [ 1639099.361057507339865, 108512.475194446640671 ], [ 1638929.007256890181452, 108692.656896962449537 ], [ 1637536.313641919055954, 110460.703531652616221 ], [ 1637792.698642481584102, 110583.109145946393255 ] ] ] ] } },
{ "type": "Feature", "properties": { "GEOID": "15003006817", "NAME": "Census Tract 68.17; Honolulu County; Hawaii", "variable": "median_income", "median_income": 123811.0, "income_moe": 10472.0, "tract_area_m2": 4920167.1223465241, "solar_area_m2": 104312.07210599165, "solar_polygon_count": 289, "solar_fraction": 0.021200920520001196, "solar_percent": 2.1200920520001199, "residential_solar_m2": 104312.07210599165, "residential_polygon_count": 289, "residential_solar_percent": 2.1200920520001199 }, "geometry": { "type": "MultiPolygon", "coordinates": [ [ [ [ 1665488.206743088550866, 68927.187771699202131 ], [ 1666415.474045655457303, 69675.937698899186216 ], [ 1667014.020037576090544, 69708.198279982374515 ], [ 1667400.695704272715375, 68811.512306864286074 ], [ 1667722.992990890285, 68729.579831312556053 ], [ 1667039.76670393277891, 67886.481704091871507 ], [ 1666956.913990527391434, 67523.911111915018409 ], [ 1667424.85214136284776, 66795.81695342407329 ], [ 1668019.473629043903202, 66580.709388722723816 ], [ 1667252.080369941657409, 66591.217052038788097 ], [ 1666878.484929488738999, 65782.060510774914292 ], [ 1666465.16955213714391, 66149.83599351621524 ], [ 1665919.902539539383724, 67061.708940718861413 ], [ 1665886.829674739623442, 67195.371364367252681 ], [ 1665871.398884624708444, 67442.014784523620619 ], [ 1665592.846944217570126, 68563.254299025458749 ], [ 1665488.206743088550866, 68927.187771699202131 ] ] ] ] } },
{ "type": "Feature", "properties": { "GEOID": "15003003408", "NAME": "Census Tract 34.08; Honolulu County; Hawaii", "variable": "median_income", "median_income": 76393.0, "income_moe": 17867.0, "tract_area_m2": 982538.38296201034, "solar_area_m2": 2115.1108452207568, "solar_polygon_count": 8, "solar_fraction": 0.0021527004765395891, "solar_percent": 0.21527004765395891, "residential_solar_m2": 2115.1108452207568, "residential_polygon_count": 8, "residential_solar_percent": 0.21527004765395891 }, "geometry": { "type": "MultiPolygon", "coordinates": [ [ [ [ 1693450.580404724692926, 49991.069688355273684 ], [ 1693466.872394977370277, 50039.398685145504714 ], [ 1694110.923765375744551, 50726.590885781261022 ], [ 1694461.179262629011646, 51087.654648483854544 ], [ 1695049.051923434017226, 50759.140698666480603 ], [ 1694592.712421619566157, 50277.365302651756792 ], [ 1694137.0597220195923, 49781.427671224715596 ], [ 1694100.369276559678838, 49707.286972833462642 ], [ 1693433.265356810297817, 49944.555961486978049 ], [ 1693450.580404724692926, 49991.069688355273684 ] ] ] ] } },
{ "type": "Feature", "properties": { "GEOID": "15003008632", "NAME": "Census Tract 86.32; Honolulu County; Hawaii", "variable": "median_income", "median_income": 134088.0, "income_moe": 24341.0, "tract_area_m2": 30461977.358033188, "solar_area_m2": 406466.64061480894, "solar_polygon_count": 536, "solar_fraction": 0.013343409583607311, "solar_percent": 1.3343409583607311, "residential_solar_m2": 215630.7430898434, "residential_polygon_count": 529, "residential_solar_percent": 0.70786850293872661 }, "geometry": { "type": "MultiPolygon", "coordinates": [ [ [ [ 1605045.334269363665953, 63431.125549280404812 ], [ 1606107.067498162155971, 63303.295674003711611 ], [ 1606423.878046522382647, 63251.148189106381324 ], [ 1608105.092113100690767, 62689.24138412794855 ], [ 1608212.068453885382041, 64009.247893239611585 ], [ 1608927.549505167407915, 64801.083319819481403 ], [ 1608314.99794926866889, 65399.365967052428459 ], [ 1608960.045210470212623, 66821.493464597559068 ], [ 1609382.440272647188976, 68130.785163790045772 ], [ 1609969.846975717693567, 67632.423813669127412 ], [ 1610452.58323527732864, 67369.154139671853045 ], [ 1610345.757236001780257, 66813.432344642860699 ], [ 1610740.189160874811932, 66235.272158847132232 ], [ 1612628.985135708935559, 65753.30822429296677 ], [ 1613260.010048798518255, 64587.29706989677652 ], [ 1613983.087379061151296, 63699.138847709662514 ], [ 1613518.654068903299049, 63236.582513091045257 ], [ 1611837.369185884483159, 61185.786533023667289 ], [ 1610856.015855413628742, 60287.988617906492436 ], [ 1609943.781499036587775, 60095.61093483329023 ], [ 1609251.931637990521267, 60223.511266120731307 ], [ 1608849.774195901816711, 60446.058785609973711 ], [ 1607525.978898825822398, 61789.446567191684153 ], [ 1606087.268398143118247, 62678.145397840533406 ], [ 1604960.884578718105331, 63357.077197270504257 ], [ 1605045.334269363665953, 63431.125549280404812 ] ] ] ] } },
{ "type": "Feature", "properties": { "GEOID": "15003004202", "NAME": "Census Tract 42.02; Honolulu County; Hawaii", "variable": "median_income", "median_income": 82222.0, "income_moe": 37538.0, "tract_area_m2": 2363421.2908965535, "solar_area_m2": 30130.994152627081, "solar_polygon_count": 17, "solar_fraction": 0.012748888346180981, "solar_percent": 1.2748888346180982, "residential_solar_m2": 30130.994152627081, "residential_polygon_count": 17, "residential_solar_percent": 1.2748888346180982 }, "geometry": { "type": "MultiPolygon", "coordinates": [ [ [ [ 1688488.828127986984327, 53318.533818476433225 ], [ 1689422.221774953650311, 54388.438049061143829 ], [ 1689489.890555008081719, 54462.240711108031974 ], [ 1690017.068959715776145, 53806.686623790454178 ], [ 1690514.615682090399787, 53183.803052904266224 ], [ 1690384.318074299488217, 53106.308222919207765 ], [ 1690342.811635795747861, 53083.384517059450445 ], [ 1688842.166807683883235, 52171.692309523248696 ], [ 1688697.608821477973834, 52048.418652059415763 ], [ 1688501.306925151962787, 52307.969662923511351 ], [ 1688891.073216251563281, 52671.212011928822903 ], [ 1688801.750145636266097, 52826.241275253261847 ], [ 1688642.896214416250587, 53082.919558399815287 ], [ 1688488.828127986984327, 53318.533818476433225 ] ] ] ] } },
{ "type": "Feature", "properties": { "GEOID": "15003008937", "NAME": "Census Tract 89.37; Honolulu County; Hawaii", "variable": "median_income", "median_income": 108587.0, "income_moe": 32991.0, "tract_area_m2": 2764330.7099177209, "solar_area_m2": 14918.813833581962, "solar_polygon_count": 17, "solar_fraction": 0.0053968990685727379, "solar_percent": 0.5396899068572738, "residential_solar_m2": 14918.813833581962, "residential_polygon_count": 17, "residential_solar_percent": 0.5396899068572738 }, "geometry": { "type": "MultiPolygon", "coordinates": [ [ [ [ 1630765.169026372488588, 77263.279066852541291 ], [ 1632069.070766934659332, 77994.658929708020878 ], [ 1633026.093096589902416, 77627.265395450653159 ], [ 1633331.558560461038724, 77135.737581423614756 ], [ 1631392.364020223496482, 76067.691606891545234 ], [ 1631331.114900175482035, 76037.551672693938599 ], [ 1631082.833507419330999, 76594.466951413240167 ], [ 1630736.5672357538715, 77142.31971812757547 ], [ 1630765.169026372488588, 77263.279066852541291 ] ] ] ] } },
{ "type": "Feature", "properties": { "GEOID": "15003011401", "NAME": "Census Tract 114.01; Honolulu County; Hawaii", "variable": "median_income", "median_income": 83553.0, "income_moe": 25516.0, "tract_area_m2": 30867210.28364189, "solar_area_m2": 32019.175456513443, "solar_polygon_count": 25, "solar_fraction": 0.0010373200286739887, "solar_percent": 0.10373200286739888, "residential_solar_m2": 24103.563839198374, "residential_polygon_count": 24, "residential_solar_percent": 0.078087924427599084 }, "geometry": { "type": "MultiPolygon", "coordinates": [ [ [ [ 1647975.581922063138336, 78154.011398481176002 ], [ 1647907.763238769257441, 78958.252753562861471 ], [ 1648505.064402987249196, 79855.584724090280361 ], [ 1648173.896650664042681, 80774.576273819373455 ], [ 1649731.727674046065658, 80838.395085024312721 ], [ 1649912.355148581555113, 80985.909314570293645 ], [ 1649890.931701350724325, 80929.600637744893902 ], [ 1650557.025147768901661, 81164.750317563724821 ], [ 1651941.025633062468842, 81081.481644790852442 ], [ 1652731.096600913209841, 80658.826371039423975 ], [ 1653265.215548644308001, 79322.528935669091879 ], [ 1653384.5951903834939, 78080.218729653774062 ], [ 1652056.744688695529476, 74614.807222414572607 ], [ 1651414.224169380730018, 73550.693122285942081 ], [ 1650937.561338689411059, 73336.639265302073909 ], [ 1650454.71585137094371, 73411.014054807994398 ], [ 1650858.180803166469559, 73846.635686633482692 ], [ 1649445.651369157480076, 74534.386372515902622 ], [ 1648993.721936902962625, 74982.570541363791563 ], [ 1648536.630836431169882, 75862.306658286528545 ], [ 1648598.418466780334711, 76758.470336528291227 ], [ 1648032.244204850401729, 76862.64140228634642 ], [ 1647612.31555566797033, 77407.105171112591051 ], [ 1647975.581922063138336, 78154.011398481176002 ] ] ] ] } },
{ "type": "Feature", "properties": { "GEOID": "15003009401", "NAME": "Census Tract 94.01; Honolulu County; Hawaii", "variable": "median_income", "median_income": 103333.0, "income_moe": 36914.0, "tract_area_m2": 10837312.436245393, "solar_area_m2": 46024.657976743772, "solar_polygon_count": 130, "solar_fraction": 0.0042468700840269493, "solar_percent": 0.42468700840269491, "residential_solar_m2": 46024.657976743772, "residential_polygon_count": 130, "residential_solar_percent": 0.42468700840269491 }, "geometry": { "type": "MultiPolygon", "coordinates": [ [ [ [ 1622790.26190990023315, 121207.367118207432213 ], [ 1623313.771529715042561, 121134.180373462833813 ], [ 1623749.975403618765995, 120174.303354051982751 ], [ 1625343.841401013312861, 119393.540789538019453 ], [ 1626062.32797541632317, 119889.194459399441257 ], [ 1626984.893281711032614, 119494.814141011447646 ], [ 1628515.779338694410399, 121068.826775490335422 ], [ 1628553.123161337571219, 120838.147020004398655 ], [ 1628985.662521811434999, 119776.60073875451053 ], [ 1628216.24462004727684, 119447.293224281180301 ], [ 1628479.241978526115417, 118834.047526230031508 ], [ 1628790.686229690909386, 118972.017993059693254 ], [ 1628866.724625491304323, 118442.36573614399822 ], [ 1628907.860951710492373, 118439.813983192914748 ], [ 1628845.952284526312724, 118286.530964598830906 ], [ 1627626.029810326872393, 117906.475423609721474 ], [ 1627736.738379996037111, 117385.894931812537834 ], [ 1625832.900588531279936, 117589.083023052473436 ], [ 1625573.323242220329121, 118187.810180914690136 ], [ 1623891.954510284587741, 118676.89331644817139 ], [ 1623335.909427051432431, 119144.950364976437413 ], [ 1622833.361759973224252, 120981.767042772102286 ], [ 1622790.26190990023315, 121207.367118207432213 ] ] ] ] } },
{ "type": "Feature", "properties": { "GEOID": "15003001501", "NAME": "Census Tract 15.01; Honolulu County; Hawaii", "variable": "median_income", "median_income": 62221.0, "income_moe": 29665.0, "tract_area_m2": 2396351.2089007744, "solar_area_m2": 34092.934734136994, "solar_polygon_count": 120, "solar_fraction": 0.01422701923136538, "solar_percent": 1.4227019231365381, "residential_solar_m2": 34092.934734136994, "residential_polygon_count": 120, "residential_solar_percent": 1.4227019231365381 }, "geometry": { "type": "MultiPolygon", "coordinates": [ [ [ [ 1703690.89292549341917, 41859.802856904498185 ], [ 1703959.547645869664848, 43274.996417633650708 ], [ 1705266.111201217630878, 41948.498303211439634 ], [ 1705496.094594517024234, 41807.470262880444352 ], [ 1705168.261918327305466, 41496.491655712903594 ], [ 1705157.668052577646449, 41246.559788082289742 ], [ 1703758.776535894954577, 40881.638643636892084 ], [ 1703690.89292549341917, 41859.802856904498185 ] ] ] ] } },
{ "type": "Feature", "properties": { "GEOID": "15003981700", "NAME": "Census Tract 9817; Honolulu County; Hawaii", "variable": "median_income", "median_income": 57204.0, "income_moe": 6065.0, "tract_area_m2": 60484808.565885767, "solar_area_m2": 191494.25689074708, "solar_polygon_count": 231, "solar_fraction": 0.0031659893026222186, "solar_percent": 0.31659893026222186, "residential_solar_m2": 140362.68441067741, "residential_polygon_count": 227, "residential_solar_percent": 0.23206270754379776 }, "geometry": { "type": "MultiPolygon", "coordinates": [ [ [ [ 1716146.789796753553674, 103635.750786092248745 ], [ 1717260.513437002431601, 104350.793644199191476 ], [ 1717695.496069040615112, 105497.517447892561904 ], [ 1719230.172211544122547, 105277.449174575303914 ], [ 1720143.481506362557411, 107158.695847778930329 ], [ 1720539.288463151315227, 107391.778517544720671 ], [ 1720742.43281340203248, 107076.408638109147432 ], [ 1720944.373662241268903, 106434.100673093780642 ], [ 1726830.223835775861517, 104221.968257357395487 ], [ 1727956.475933489156887, 104331.130855792041984 ], [ 1728005.002206113887951, 103905.304589271865552 ], [ 1728188.698372889077291, 103457.33960755453154 ], [ 1727708.166663390351459, 102631.578720480625634 ], [ 1726664.229838620405644, 102566.307674206036609 ], [ 1724577.055395973147824, 100911.93950421109912 ], [ 1723497.59913367498666, 98955.528842876796261 ], [ 1722886.20144434273243, 97347.869402838725364 ], [ 1722011.026932238601148, 96723.891450434428407 ], [ 1721894.376394925173372, 96272.541384830066818 ], [ 1722030.840291560860351, 94889.084499807242537 ], [ 1721853.377671687630937, 94833.960709345599753 ], [ 1721603.214674073969945, 95230.160981348628411 ], [ 1721911.042433371534571, 96717.56310784915695 ], [ 1722894.560955990338698, 97440.514253461777116 ], [ 1722711.415829150471836, 98208.531423439926584 ], [ 1717704.154381033498794, 100465.978254824352916 ], [ 1716323.979734363034368, 100523.206600901045022 ], [ 1715820.679009557235986, 101700.551995020083268 ], [ 1716146.789796753553674, 103635.750786092248745 ] ] ] ] } },
{ "type": "Feature", "properties": { "GEOID": "15003007814", "NAME": "Census Tract 78.14; Honolulu County; Hawaii", "variable": "median_income", "median_income": 162969.0, "income_moe": 19887.0, "tract_area_m2": 16096934.905980516, "solar_area_m2": 213489.62264394917, "solar_polygon_count": 683, "solar_fraction": 0.013262749951522204, "solar_percent": 1.3262749951522204, "residential_solar_m2": 213136.79815329681, "residential_polygon_count": 682, "residential_solar_percent": 1.3240831214028814 }, "geometry": { "type": "MultiPolygon", "coordinates": [ [ [ [ 1657376.569500401383266, 86543.419707268330967 ], [ 1658229.885471124434844, 88133.678333139410825 ], [ 1658750.156443157698959, 87683.777525774086826 ], [ 1659098.394534142455086, 87959.974458413067623 ], [ 1661262.81103665032424, 88160.20439840828476 ], [ 1661396.730155475670472, 88432.337318723075441 ], [ 1663099.190732688410208, 88596.862961519946111 ], [ 1664007.457514114445075, 88536.955666785637732 ], [ 1664381.392538891173899, 88328.975148075420293 ], [ 1664920.404343764530495, 88660.87472063266614 ], [ 1665060.786002251319587, 88154.193875368146109 ], [ 1665204.352790888864547, 88119.750787862853031 ], [ 1664179.592586178798229, 87746.945109382868395 ], [ 1663841.68356544431299, 87244.772888765815878 ], [ 1662585.155051529873163, 87070.235801142771379 ], [ 1661491.010782080003992, 86569.949619487510063 ], [ 1660809.360838022083044, 85505.338986640781513 ], [ 1659981.100888445507735, 85261.283119700819952 ], [ 1659809.223777976119891, 84553.230862657917896 ], [ 1659217.029778378084302, 84332.158427189904614 ], [ 1657930.513144973199815, 85097.105372511243331 ], [ 1657121.155906585743651, 85263.944749661430251 ], [ 1657376.569500401383266, 86543.419707268330967 ] ] ] ] } },
{ "type": "Feature", "properties": { "GEOID": "15003981803", "NAME": "Census Tract 9818.03; Honolulu County; Hawaii", "variable": "median_income", "median_income": 49554.0, "income_moe": 14619.0, "tract_area_m2": 39277267.08067672, "solar_area_m2": 161308.85873170572, "solar_polygon_count": 337, "solar_fraction": 0.0041069267472294427, "solar_percent": 0.4106926747229443, "residential_solar_m2": 143139.87267275361, "residential_polygon_count": 335, "residential_solar_percent": 0.36443440012957085 }, "geometry": { "type": "MultiPolygon", "coordinates": [ [ [ [ 1722011.026932238601148, 96723.891450434428407 ], [ 1722886.20144434273243, 97347.869402838725364 ], [ 1723497.59913367498666, 98955.528842876796261 ], [ 1724577.055395973147824, 100911.93950421109912 ], [ 1727564.659111577784643, 99924.305847143768915 ], [ 1727696.069432074669749, 101089.142669742199359 ], [ 1728815.646325356094167, 101086.628713472164236 ], [ 1729375.435527569847181, 101085.017291856027441 ], [ 1729674.453011590288952, 99819.181153466299293 ], [ 1730186.278077451745048, 100066.895968979821191 ], [ 1730063.053029242204502, 98885.88340920637711 ], [ 1730264.495100693078712, 96605.656848307247856 ], [ 1729741.474350744392723, 95160.357938930217642 ], [ 1727563.937851816881448, 95163.018690550379688 ], [ 1724043.972373538650572, 95160.653354989088257 ], [ 1723799.988824642030522, 94797.73570244597795 ], [ 1722232.811737711541355, 94931.169036224542651 ], [ 1722030.840291560860351, 94889.084499807242537 ], [ 1721894.376394925173372, 96272.541384830066818 ], [ 1722011.026932238601148, 96723.891450434428407 ] ] ] ] } },
{ "type": "Feature", "properties": { "GEOID": "15003000119", "NAME": "Census Tract 1.19; Honolulu County; Hawaii", "variable": "median_income", "median_income": 198000.0, "income_moe": 34673.0, "tract_area_m2": 7913054.9873045851, "solar_area_m2": 129269.69801462963, "solar_polygon_count": 427, "solar_fraction": 0.016336256758233726, "solar_percent": 1.6336256758233727, "residential_solar_m2": 129269.69801462963, "residential_polygon_count": 427, "residential_solar_percent": 1.6336256758233727 }, "geometry": { "type": "MultiPolygon", "coordinates": [ [ [ [ 1742615.344217850361019, 44672.85481847653864 ], [ 1743220.065442731836811, 44984.957413604730391 ], [ 1744440.108126366743818, 46101.782101084427268 ], [ 1744663.250439533498138, 46548.65916435077088 ], [ 1746057.92498344136402, 47290.615315821487457 ], [ 1746356.551439557224512, 47084.146192004001932 ], [ 1747104.825526519911364, 46570.163500993156049 ], [ 1747694.948397883214056, 46156.860890313088021 ], [ 1748075.997331923106685, 45938.941616191987123 ], [ 1748930.668850491056219, 46195.305788214696804 ], [ 1747064.617903186706826, 45388.040489429906302 ], [ 1745662.121251740958542, 44449.521188925056776 ], [ 1745238.109288545325398, 44526.7927427298564 ], [ 1744025.740562109276652, 44716.604491662663349 ], [ 1743657.504545520059764, 44117.609706465213094 ], [ 1743144.274231682531536, 44383.620517724797537 ], [ 1742595.835368316620588, 44369.134122879004281 ], [ 1742615.344217850361019, 44672.85481847653864 ] ] ] ] } },
{ "type": "Feature", "properties": { "GEOID": "15003010509", "NAME": "Census Tract 105.09; Honolulu County; Hawaii", "variable": "median_income", "median_income": 105917.0, "income_moe": 31506.0, "tract_area_m2": 4281296.9816694157, "solar_area_m2": 44268.861834717078, "solar_polygon_count": 111, "solar_fraction": 0.010340058637430758, "solar_percent": 1.0340058637430758, "residential_solar_m2": 44268.861834717078, "residential_polygon_count": 111, "residential_solar_percent": 1.0340058637430758 }, "geometry": { "type": "MultiPolygon", "coordinates": [ [ [ [ 1707769.261114640859887, 91416.739877235071617 ], [ 1709205.7343317004852, 92717.592710210796213 ], [ 1709436.159188081510365, 92339.009167845099 ], [ 1710282.353206865023822, 92142.133167914202204 ], [ 1710585.453340890351683, 91600.90889170767332 ], [ 1710711.147678476525471, 91206.209783366299234 ], [ 1710718.998401697026566, 91185.514258236580645 ], [ 1709027.129345399327576, 90360.527119934617076 ], [ 1708225.551008420996368, 90227.639222852667444 ], [ 1707943.987955919234082, 90965.790979788507684 ], [ 1707769.261114640859887, 91416.739877235071617 ] ] ] ] } },
{ "type": "Feature", "properties": { "GEOID": "15003004701", "NAME": "Census Tract 47.01; Honolulu County; Hawaii", "variable": "median_income", "median_income": 124500.0, "income_moe": 21310.0, "tract_area_m2": 6594005.9694021316, "solar_area_m2": 92037.118077448642, "solar_polygon_count": 330, "solar_fraction": 0.013957694079217448, "solar_percent": 1.3957694079217449, "residential_solar_m2": 92037.118077448642, "residential_polygon_count": 330, "residential_solar_percent": 1.3957694079217449 }, "geometry": { "type": "MultiPolygon", "coordinates": [ [ [ [ 1688650.152221891563386, 60532.205702831211966 ], [ 1689540.582443145569414, 61548.678114384842047 ], [ 1689552.848218485247344, 61905.043575112780672 ], [ 1690992.511509425472468, 62940.93662563127873 ], [ 1692704.663162225158885, 64381.438861559225188 ], [ 1692797.995307517237961, 64295.074976465439249 ], [ 1693112.796762533951551, 64636.11836776646669 ], [ 1692671.516910076374188, 63473.265281933243386 ], [ 1692706.045747909927741, 62964.739989446468826 ], [ 1691680.750377984484658, 62131.89239229937084 ], [ 1691545.964942408725619, 62145.56736421923415 ], [ 1690805.695154322776943, 61105.227159957503318 ], [ 1691099.13191340258345, 60678.677962981018936 ], [ 1690572.122354326304048, 60119.8578142977276 ], [ 1690046.537540052318946, 59848.379735169168271 ], [ 1689506.239623934030533, 60399.667949137256073 ], [ 1689114.405823966255412, 60131.227699410468631 ], [ 1688598.870509300613776, 60030.866487270941434 ], [ 1688650.152221891563386, 60532.205702831211966 ] ] ] ] } },
{ "type": "Feature", "properties": { "GEOID": "15003008941", "NAME": "Census Tract 89.41; Honolulu County; Hawaii", "variable": "median_income", "median_income": 158500.0, "income_moe": 33170.0, "tract_area_m2": 7828880.1946861884, "solar_area_m2": 60902.307350796727, "solar_polygon_count": 226, "solar_fraction": 0.007779184996614695, "solar_percent": 0.77791849966146953, "residential_solar_m2": 60902.307350796727, "residential_polygon_count": 226, "residential_solar_percent": 0.77791849966146953 }, "geometry": { "type": "MultiPolygon", "coordinates": [ [ [ [ 1634828.131091222167015, 105103.917423458231497 ], [ 1635511.662134729791433, 105230.991134629512089 ], [ 1635741.626407967647538, 106195.789488022492151 ], [ 1636356.478528661420569, 106686.140419195711729 ], [ 1637327.658928828546777, 106680.989586119700107 ], [ 1637917.971634772140533, 106406.697112851034035 ], [ 1637818.601777409669012, 104870.111381998853176 ], [ 1637748.176553362514824, 104218.789626695433981 ], [ 1637553.98375624185428, 103927.101947383533115 ], [ 1636599.716698356904089, 103377.18623876782658 ], [ 1635113.942980498541147, 103315.195955004252028 ], [ 1634828.131091222167015, 105103.917423458231497 ] ] ] ] } },
{ "type": "Feature", "properties": { "GEOID": "15003003414", "NAME": "Census Tract 34.14; Honolulu County; Hawaii", "variable": "median_income", "median_income": 66520.0, "income_moe": 18517.0, "tract_area_m2": 2720401.2526560677, "solar_area_m2": 34404.975943270925, "solar_polygon_count": 38, "solar_fraction": 0.012647022533782314, "solar_percent": 1.2647022533782315, "residential_solar_m2": 27213.98808001876, "residential_polygon_count": 37, "residential_solar_percent": 1.0003666941944076 }, "geometry": { "type": "MultiPolygon", "coordinates": [ [ [ [ 1695469.529682012740523, 49357.769298953593534 ], [ 1696066.707618827233091, 49271.930309244111413 ], [ 1696630.823374372906983, 49878.064077475646627 ], [ 1696134.89927073661238, 50151.441353542555589 ], [ 1697190.008877943037078, 51271.372755221891566 ], [ 1697608.419546193210408, 50900.570122219789482 ], [ 1698212.283853060565889, 50282.9565830596257 ], [ 1697848.07644597068429, 49935.657048221735749 ], [ 1697452.287266386672854, 49511.679687733660103 ], [ 1697280.271539161680266, 49290.638171025391784 ], [ 1696957.08321408322081, 48770.842264866980258 ], [ 1696332.027721281396225, 49141.434202817894402 ], [ 1695432.483236414846033, 49300.337048757333832 ], [ 1695469.529682012740523, 49357.769298953593534 ] ] ] ] } },
{ "type": "Feature", "properties": { "GEOID": "15003002403", "NAME": "Census Tract 24.03; Honolulu County; Hawaii", "variable": "median_income", "median_income": 72987.0, "income_moe": 6548.0, "tract_area_m2": 1096119.7629398743, "solar_area_m2": 25037.266741183539, "solar_polygon_count": 21, "solar_fraction": 0.022841725500899406, "solar_percent": 2.2841725500899406, "residential_solar_m2": 25037.266741183539, "residential_polygon_count": 21, "residential_solar_percent": 2.2841725500899406 }, "geometry": { "type": "MultiPolygon", "coordinates": [ [ [ [ 1697932.87495468556881, 45770.304340174901881 ], [ 1698040.156439749523997, 46047.219353501801379 ], [ 1698246.202107334509492, 46603.946991644501395 ], [ 1698640.583182311151177, 46456.891654352679325 ], [ 1699189.596534658921883, 46243.532567139125604 ], [ 1698982.535109640331939, 45689.342981667010463 ], [ 1698818.036109869135544, 45750.917172859197308 ], [ 1698609.610691119451076, 45193.458387520287943 ], [ 1698220.324725533602759, 45342.698976793049951 ], [ 1697830.701278921449557, 45491.215506830718368 ], [ 1697932.87495468556881, 45770.304340174901881 ] ] ] ] } },
{ "type": "Feature", "properties": { "GEOID": "15003008413", "NAME": "Census Tract 84.13; Honolulu County; Hawaii", "variable": "median_income", "median_income": 134500.0, "income_moe": 37581.0, "tract_area_m2": 5097898.3011520589, "solar_area_m2": 105531.53158950318, "solar_polygon_count": 262, "solar_fraction": 0.020700988006303388, "solar_percent": 2.0700988006303387, "residential_solar_m2": 105531.53158950318, "residential_polygon_count": 262, "residential_solar_percent": 2.0700988006303387 }, "geometry": { "type": "MultiPolygon", "coordinates": [ [ [ [ 1634609.345071600517258, 56960.00565606278542 ], [ 1635926.566716670058668, 57030.350544808527047 ], [ 1637538.214115536538884, 57353.536233903985703 ], [ 1638426.558712921570987, 57254.69071186180372 ], [ 1638193.058231586590409, 56993.883239681672421 ], [ 1636775.325013798195869, 55366.581618772725051 ], [ 1636030.84916844801046, 54465.40383613009908 ], [ 1635345.433156027458608, 55656.937846661450749 ], [ 1634756.695336104603484, 56693.361203230342653 ], [ 1634609.345071600517258, 56960.00565606278542 ] ] ] ] } },
{ "type": "Feature", "properties": { "GEOID": "15003002204", "NAME": "Census Tract 22.04; Honolulu County; Hawaii", "variable": "median_income", "median_income": 68095.0, "income_moe": 18486.0, "tract_area_m2": 563780.24308724783, "solar_area_m2": 2154.4148008444627, "solar_polygon_count": 4, "solar_fraction": 0.0038213733582555787, "solar_percent": 0.38213733582555787, "residential_solar_m2": 2154.4148008444627, "residential_polygon_count": 4, "residential_solar_percent": 0.38213733582555787 }, "geometry": { "type": "MultiPolygon", "coordinates": [ [ [ [ 1699182.52847479400225, 43368.364920397973037 ], [ 1699641.871559324907139, 43921.742531445372151 ], [ 1700441.562767846276984, 43945.515012260832009 ], [ 1699573.099926274968311, 42994.641461245795654 ], [ 1699182.52847479400225, 43368.364920397973037 ] ] ] ] } },
{ "type": "Feature", "properties": { "GEOID": "15003009508", "NAME": "Census Tract 95.08; Honolulu County; Hawaii", "variable": "median_income", "median_income": 77000.0, "income_moe": 50093.0, "tract_area_m2": 7576483.7710375534, "solar_area_m2": 25986.606480961964, "solar_polygon_count": 48, "solar_fraction": 0.0034299032725840918, "solar_percent": 0.34299032725840917, "residential_solar_m2": 25986.606480961964, "residential_polygon_count": 48, "residential_solar_percent": 0.34299032725840917 }, "geometry": { "type": "MultiPolygon", "coordinates": [ [ [ [ 1612778.323402664391324, 118835.895711852790555 ], [ 1613527.966005501803011, 119516.627755868248641 ], [ 1613874.126063763629645, 119662.848438123750384 ], [ 1614559.564461691537872, 119797.644125527818687 ], [ 1616795.496667654952034, 122041.200967458222294 ], [ 1617845.515502188354731, 121026.516238933516433 ], [ 1617327.203279603039846, 120528.343119650322478 ], [ 1616556.555179549381137, 119868.27286054828437 ], [ 1615262.133144608931616, 118781.989457294839667 ], [ 1615331.180671899579465, 118131.717864415040822 ], [ 1613782.961172020994127, 118198.221297948010033 ], [ 1612700.171374066965654, 118263.435375341257895 ], [ 1612778.323402664391324, 118835.895711852790555 ] ] ] ] } },
{ "type": "Feature", "properties": { "GEOID": "15003008947", "NAME": "Census Tract 89.47; Honolulu County; Hawaii", "variable": "median_income", "median_income": 95530.0, "income_moe": 8572.0, "tract_area_m2": 3049624.4170565931, "solar_area_m2": 40522.572141394558, "solar_polygon_count": 118, "solar_fraction": 0.013287725503098424, "solar_percent": 1.3287725503098424, "residential_solar_m2": 40522.572141394558, "residential_polygon_count": 118, "residential_solar_percent": 1.3287725503098424 }, "geometry": { "type": "MultiPolygon", "coordinates": [ [ [ [ 1638459.137171941576526, 91813.455344937217887 ], [ 1639369.040976970922202, 92741.91861691007216 ], [ 1640579.933649916900322, 92544.659158352791565 ], [ 1640849.329943007789552, 91826.135244344492094 ], [ 1640216.320956044830382, 91588.19955153769115 ], [ 1640259.177988637704402, 91144.297575277014403 ], [ 1639239.400066718459129, 90554.741952839191072 ], [ 1638459.137171941576526, 91813.455344937217887 ] ] ] ] } },
{ "type": "Feature", "properties": { "GEOID": "15003003413", "NAME": "Census Tract 34.13; Honolulu County; Hawaii", "variable": "median_income", "median_income": 67591.0, "income_moe": 10026.0, "tract_area_m2": 1573136.1051629866, "solar_area_m2": 20627.775935606223, "solar_polygon_count": 21, "solar_fraction": 0.013112518279827453, "solar_percent": 1.3112518279827452, "residential_solar_m2": 20627.775935606223, "residential_polygon_count": 21, "residential_solar_percent": 1.3112518279827452 }, "geometry": { "type": "MultiPolygon", "coordinates": [ [ [ [ 1691941.340080902446061, 50550.465373461098352 ], [ 1691964.771338688675314, 50609.698414030390268 ], [ 1692091.424619957106188, 50940.745407639551559 ], [ 1692552.164483808912337, 50764.28579674653156 ], [ 1693099.368645943002775, 50937.002928174333647 ], [ 1693199.419886284507811, 50965.435110234509921 ], [ 1694221.060293773654848, 51221.091271753371984 ], [ 1694461.179262629011646, 51087.654648483854544 ], [ 1694110.923765375744551, 50726.590885781261022 ], [ 1693466.872394977370277, 50039.398685145504714 ], [ 1693450.580404724692926, 49991.069688355273684 ], [ 1693433.265356810297817, 49944.555961486978049 ], [ 1691921.649423748487607, 50495.231737091649848 ], [ 1691941.340080902446061, 50550.465373461098352 ] ] ] ] } },
{ "type": "Feature", "properties": { "GEOID": "15003000800", "NAME": "Census Tract 8; Honolulu County; Hawaii", "variable": "median_income", "median_income": 122147.0, "income_moe": 30234.0, "tract_area_m2": 12040500.597399907, "solar_area_m2": 258360.79516004212, "solar_polygon_count": 493, "solar_fraction": 0.021457645641065289, "solar_percent": 2.1457645641065288, "residential_solar_m2": 193691.66741142783, "residential_polygon_count": 487, "residential_solar_percent": 1.6086678942007999 }, "geometry": { "type": "MultiPolygon", "coordinates": [ [ [ [ 1706826.851165712578222, 38319.6757524262066 ], [ 1707365.96900327806361, 39310.575643025695172 ], [ 1707984.883521831128746, 40456.328137204080122 ], [ 1708659.389620498754084, 40701.287311218649847 ], [ 1708775.414838002761826, 40760.645246577631042 ], [ 1708848.573978751897812, 41061.149966531789687 ], [ 1708863.152137768920511, 41109.844660406801268 ], [ 1709097.527846567565575, 42071.315807049933937 ], [ 1710492.737934997305274, 41292.48214632133022 ], [ 1710945.214256003964692, 41036.979291743969952 ], [ 1711222.911114705726504, 40874.242952086569858 ], [ 1711280.152656025718898, 40841.988703191665991 ], [ 1710532.051301797386259, 40648.119376503498643 ], [ 1711408.904997862642631, 40800.747541338467272 ], [ 1710801.28622784698382, 39667.683447881012398 ], [ 1710486.069808350177482, 39094.419152583439427 ], [ 1709869.588868259452283, 37938.470031004791963 ], [ 1709565.655186441261321, 38107.718148591760837 ], [ 1708825.116188966669142, 36752.195755814798758 ], [ 1707419.392929590772837, 37696.340012302796822 ], [ 1707126.53512340108864, 38000.019707331106474 ], [ 1706826.851165712578222, 38319.6757524262066 ] ] ] ] } },
{ "type": "Feature", "properties": { "GEOID": "15003003501", "NAME": "Census Tract 35.01; Honolulu County; Hawaii", "variable": "median_income", "median_income": 70009.0, "income_moe": 13774.0, "tract_area_m2": 3214980.7139430949, "solar_area_m2": 68638.168113147549, "solar_polygon_count": 27, "solar_fraction": 0.021349480516467709, "solar_percent": 2.1349480516467709, "residential_solar_m2": 24307.680845489391, "residential_polygon_count": 24, "residential_solar_percent": 0.75607547939771669 }, "geometry": { "type": "MultiPolygon", "coordinates": [ [ [ [ 1691669.001225941348821, 49850.575881669130467 ], [ 1691799.059472874505445, 50184.531366503812023 ], [ 1691921.649423748487607, 50495.231737091649848 ], [ 1693433.265356810297817, 49944.555961486978049 ], [ 1694100.369276559678838, 49707.286972833462642 ], [ 1693782.408943686168641, 49036.764816379363765 ], [ 1693499.128404065733775, 48401.877982338359288 ], [ 1692911.687342388322577, 48620.70627907000744 ], [ 1691417.387476948322728, 49185.580115607081098 ], [ 1691669.001225941348821, 49850.575881669130467 ] ] ] ] } },
{ "type": "Feature", "properties": { "GEOID": "15003008609", "NAME": "Census Tract 86.09; Honolulu County; Hawaii", "variable": "median_income", "median_income": 88427.0, "income_moe": 22009.0, "tract_area_m2": 29318649.984180551, "solar_area_m2": 118199.14391816124, "solar_polygon_count": 175, "solar_fraction": 0.0040315343299209853, "solar_percent": 0.40315343299209855, "residential_solar_m2": 78210.161748077007, "residential_polygon_count": 171, "residential_solar_percent": 0.26675908266675585 }, "geometry": { "type": "MultiPolygon", "coordinates": [ [ [ [ 1600777.899047104176134, 61002.841997047238692 ], [ 1601152.443159363698214, 61698.200825981308299 ], [ 1601546.095380340470001, 62005.954675105138449 ], [ 1601197.011950720334426, 63072.364660393635859 ], [ 1601082.889021346578375, 63845.456810487274197 ], [ 1601093.872818303992972, 64436.466184553479252 ], [ 1601857.173420178471133, 64387.598314168317302 ], [ 1602951.898999440018088, 63783.816810244497901 ], [ 1604960.884578718105331, 63357.077197270504257 ], [ 1606087.268398143118247, 62678.145397840533406 ], [ 1607525.978898825822398, 61789.446567191684153 ], [ 1608849.774195901816711, 60446.058785609973711 ], [ 1609251.931637990521267, 60223.511266120731307 ], [ 1609943.781499036587775, 60095.61093483329023 ], [ 1609777.595955542288721, 58735.678565173649986 ], [ 1609522.01120873587206, 58182.951126757398015 ], [ 1606862.541589314118028, 58874.370800184362452 ], [ 1601917.829873859416693, 60234.815467349311803 ], [ 1601386.056681638816372, 60492.021656528369931 ], [ 1601091.816097013186663, 60706.194222064397763 ], [ 1600777.899047104176134, 61002.841997047238692 ] ] ] ] } },
{ "type": "Feature", "properties": { "GEOID": "15003005200", "NAME": "Census Tract 52; Honolulu County; Hawaii", "variable": "median_income", "median_income": 33507.0, "income_moe": 9171.0, "tract_area_m2": 2221426.375430543, "solar_area_m2": 11743.914550813824, "solar_polygon_count": 9, "solar_fraction": 0.0052866548631564222, "solar_percent": 0.52866548631564225, "residential_solar_m2": 11743.914550813824, "residential_polygon_count": 9, "residential_solar_percent": 0.52866548631564225 }, "geometry": { "type": "MultiPolygon", "coordinates": [ [ [ [ 1686053.103560627205297, 53193.263500998313248 ], [ 1686632.231433332199231, 53445.494853820258868 ], [ 1686745.908483374165371, 53460.486340624454897 ], [ 1687355.026918404735625, 53664.075287978805136 ], [ 1687675.322716095950454, 53288.024249964102637 ], [ 1688025.964327899506316, 52859.693340933386935 ], [ 1687377.859862250741571, 52466.443689081861521 ], [ 1687082.558890005806461, 52279.836342835515097 ], [ 1686644.294852248392999, 52086.205468936408579 ], [ 1686578.957266047364101, 52064.353940178036282 ], [ 1686531.335921709192917, 52024.354971992986975 ], [ 1685874.79935056832619, 51916.27143863747915 ], [ 1686053.103560627205297, 53193.263500998313248 ] ] ] ] } },
{ "type": "Feature", "properties": { "GEOID": "15003008909", "NAME": "Census Tract 89.09; Honolulu County; Hawaii", "variable": "median_income", "median_income": 132083.0, "income_moe": 27752.0, "tract_area_m2": 10689998.348367669, "solar_area_m2": 139996.64427633511, "solar_polygon_count": 451, "solar_fraction": 0.013096039841550788, "solar_percent": 1.3096039841550788, "residential_solar_m2": 139996.64427633511, "residential_polygon_count": 451, "residential_solar_percent": 1.3096039841550788 }, "geometry": { "type": "MultiPolygon", "coordinates": [ [ [ [ 1632608.085562228923663, 97199.303313600350521 ], [ 1633200.009692747145891, 98182.199411583569599 ], [ 1633287.110787322046235, 98440.828321105000214 ], [ 1633318.124194328207523, 98922.506084258799092 ], [ 1633150.603716065874323, 100010.127437857692712 ], [ 1633095.558923033298925, 100374.847542059942498 ], [ 1633126.993981346487999, 101448.275410553877009 ], [ 1633826.2653130562976, 101943.670592171343742 ], [ 1634794.714872971409932, 101024.149377890775213 ], [ 1634988.181515963049605, 100612.192937853862531 ], [ 1635035.777595565421507, 100451.264125116009382 ], [ 1635858.132962171686813, 100685.126608527338249 ], [ 1636030.834530079504475, 99920.450804859807249 ], [ 1635816.457925038645044, 98548.801363385806326 ], [ 1635713.696351791964844, 97970.501541719931993 ], [ 1635520.862549407174811, 98032.272972989740083 ], [ 1634762.405905799474567, 97809.670087622580468 ], [ 1634784.468627518042922, 97391.556396764528472 ], [ 1634713.030049445107579, 97244.080762605997734 ], [ 1634454.864784318488091, 97046.132757610699628 ], [ 1633549.462301544845104, 96832.282030866903369 ], [ 1633093.381771714892238, 96904.268021095456788 ], [ 1632608.085562228923663, 97199.303313600350521 ] ] ] ] } },
{ "type": "Feature", "properties": { "GEOID": "15003000108", "NAME": "Census Tract 1.08; Honolulu County; Hawaii", "variable": "median_income", "median_income": 171453.0, "income_moe": 29125.0, "tract_area_m2": 15238079.987077776, "solar_area_m2": 159823.2397144344, "solar_polygon_count": 418, "solar_fraction": 0.010488410603564752, "solar_percent": 1.0488410603564753, "residential_solar_m2": 152227.86360049128, "residential_polygon_count": 417, "residential_solar_percent": 0.99899635472174864 }, "geometry": { "type": "MultiPolygon", "coordinates": [ [ [ [ 1735974.361000981880352, 43631.524449298703985 ], [ 1736342.281700173160061, 45028.5409522281916 ], [ 1736805.551998764742166, 45830.352828075330763 ], [ 1737140.961317423963919, 45788.817881284638133 ], [ 1737512.011658462462947, 44675.739878108193807 ], [ 1737803.347029506228864, 44348.972265957534546 ], [ 1738451.10963666671887, 44971.683919645671267 ], [ 1738996.31891941302456, 46186.325462566877832 ], [ 1739369.951816708315164, 46278.190204256694415 ], [ 1739662.486880577169359, 46224.967787655034044 ], [ 1739714.281770574860275, 46198.908954668047954 ], [ 1739854.433767455862835, 46073.844293641748664 ], [ 1740071.994139112066478, 44778.870386332484486 ], [ 1740604.44399604271166, 43689.361240641730546 ], [ 1741249.852584516163915, 43739.608337120967917 ], [ 1741822.186513265129179, 44265.22962922444276 ], [ 1741993.172938367817551, 44223.051465050295519 ], [ 1742527.410494075389579, 44366.097969243812258 ], [ 1742595.835368316620588, 44369.134122879004281 ], [ 1742590.37862345110625, 44195.123234700782632 ], [ 1741383.787141857203096, 43123.774906218415708 ], [ 1741114.316782396752387, 42668.107555325506837 ], [ 1740312.683857605792582, 42585.241745349114353 ], [ 1739478.837426341837272, 42060.970903882334824 ], [ 1738517.822361073456705, 41809.650433123177208 ], [ 1738272.254907767986879, 41568.292411383910803 ], [ 1738246.514947818126529, 41598.103511118650204 ], [ 1737284.277554279426113, 42021.317477242322639 ], [ 1736566.695491600316018, 42902.434250244499708 ], [ 1736229.884594321018085, 43147.394459891627776 ], [ 1736173.292349702911451, 43190.157921307712968 ], [ 1735897.243574559688568, 43346.593772235006327 ], [ 1735974.361000981880352, 43631.524449298703985 ] ] ] ] } },
{ "type": "Feature", "properties": { "GEOID": "15003001201", "NAME": "Census Tract 12.01; Honolulu County; Hawaii", "variable": "median_income", "median_income": 126875.0, "income_moe": 20574.0, "tract_area_m2": 6124518.471755852, "solar_area_m2": 97207.740252548087, "solar_polygon_count": 230, "solar_fraction": 0.015871899268625991, "solar_percent": 1.5871899268625991, "residential_solar_m2": 86777.549519831853, "residential_polygon_count": 228, "residential_solar_percent": 1.4168877099484591 }, "geometry": { "type": "MultiPolygon", "coordinates": [ [ [ [ 1704766.781772416783497, 44682.842910644802032 ], [ 1705226.832490566652268, 44592.945460084949445 ], [ 1706003.453683455241844, 43983.619698485133995 ], [ 1706967.803639763267711, 44651.015168014608207 ], [ 1707114.706120944814757, 44788.144495380118315 ], [ 1707312.42506396654062, 44578.792172765519354 ], [ 1708730.233939215075225, 45233.345821776951198 ], [ 1709365.59703176561743, 44892.334393654862652 ], [ 1709754.316741926129907, 44681.420165307419666 ], [ 1709188.829822245053947, 43622.167932720352837 ], [ 1709152.928689932683483, 43476.093472667897004 ], [ 1708969.922922990052029, 43351.989722948012059 ], [ 1708686.131358740385622, 42699.94905666847626 ], [ 1708520.386488260002807, 42385.160034661159443 ], [ 1706541.662294832989573, 43465.551418049806671 ], [ 1704960.250658738659695, 44319.820123345096363 ], [ 1704658.428618086269125, 44474.568196608692233 ], [ 1704766.781772416783497, 44682.842910644802032 ] ] ] ] } },
{ "type": "Feature", "properties": { "GEOID": "15003002006", "NAME": "Census Tract 20.06; Honolulu County; Hawaii", "variable": "median_income", "median_income": 60266.0, "income_moe": 8252.0, "tract_area_m2": 1748117.8396635472, "solar_area_m2": 3230.3727757433135, "solar_polygon_count": 4, "solar_fraction": 0.0018479147700735377, "solar_percent": 0.18479147700735377, "residential_solar_m2": 3230.3727757433135, "residential_polygon_count": 4, "residential_solar_percent": 0.18479147700735377 }, "geometry": { "type": "MultiPolygon", "coordinates": [ [ [ [ 1697828.645546968560666, 42636.033682477216644 ], [ 1698396.89700710400939, 43242.551956648792839 ], [ 1698742.125181078677997, 42922.171990996052045 ], [ 1699274.800056904554367, 42428.000407187180826 ], [ 1699484.684697404503822, 42281.112699257166241 ], [ 1699287.982236563693732, 42204.613464559028216 ], [ 1698373.879899670137092, 41224.28668880724581 ], [ 1697961.058550721267238, 42023.728716178789909 ], [ 1697516.908852211898193, 42840.576928973961913 ], [ 1697828.645546968560666, 42636.033682477216644 ] ] ] ] } },
{ "type": "Feature", "properties": { "GEOID": "15003007808", "NAME": "Census Tract 78.08; Honolulu County; Hawaii", "variable": "median_income", "median_income": 73000.0, "income_moe": 18838.0, "tract_area_m2": 20693230.599097695, "solar_area_m2": 105869.17095429148, "solar_polygon_count": 115, "solar_fraction": 0.00511612580004341, "solar_percent": 0.51161258000434096, "residential_solar_m2": 59368.196671344907, "residential_polygon_count": 112, "residential_solar_percent": 0.28689670463505873 }, "geometry": { "type": "MultiPolygon", "coordinates": [ [ [ [ 1656242.558595508337021, 78022.503873034846038 ], [ 1656303.487992563750595, 79073.787840305289137 ], [ 1656656.090834204806015, 79768.078211807835032 ], [ 1656364.419926170259714, 80108.362412683782168 ], [ 1656730.347341116284952, 80593.42129286454292 ], [ 1657696.158687237882987, 80782.618603691153112 ], [ 1658088.570824633585289, 81373.766661743458826 ], [ 1658299.849364820634946, 81350.951723018937628 ], [ 1658496.866872780025005, 81246.399875486647943 ], [ 1658698.42359014833346, 80803.657690580643248 ], [ 1658859.472345697460696, 80434.643563656019978 ], [ 1660149.113634091569111, 79839.725373602588661 ], [ 1661443.229183207033202, 79187.445451401217724 ], [ 1661699.94474059343338, 78720.035027677586186 ], [ 1661884.178868418559432, 78294.371312676230446 ], [ 1661003.183220618637279, 77771.661183261545375 ], [ 1660775.227038828888908, 77770.484135693914141 ], [ 1660228.8138248748146, 77764.466777332054335 ], [ 1659168.908747792942449, 77013.232439217856154 ], [ 1656969.130625792080536, 75253.617031118730665 ], [ 1656367.330533952452242, 74912.699467450074735 ], [ 1655199.356511735590175, 75743.49516545663937 ], [ 1656242.558595508337021, 78022.503873034846038 ] ] ] ] } },
{ "type": "Feature", "properties": { "GEOID": "15003002900", "NAME": "Census Tract 29; Honolulu County; Hawaii", "variable": "median_income", "median_income": 120577.0, "income_moe": 23727.0, "tract_area_m2": 12768793.841966858, "solar_area_m2": 120928.07113302151, "solar_polygon_count": 260, "solar_fraction": 0.0094705946880879553, "solar_percent": 0.94705946880879555, "residential_solar_m2": 103298.306618574, "residential_polygon_count": 258, "residential_solar_percent": 0.80899032357360323 }, "geometry": { "type": "MultiPolygon", "coordinates": [ [ [ [ 1703770.975015497533605, 47860.140704242287029 ], [ 1704196.221149821067229, 48960.581115909088112 ], [ 1704754.104259546846151, 49865.389528597523167 ], [ 1703908.044328802032396, 50554.204405047399632 ], [ 1703771.690730333328247, 51003.753665229996841 ], [ 1703965.870033139130101, 51453.693662002311612 ], [ 1705596.963760681217536, 52390.670134462263377 ], [ 1706604.550430867122486, 53209.229310195696598 ], [ 1707101.656293122563511, 52827.699461822492594 ], [ 1708038.701050098286942, 51795.408799957054725 ], [ 1708920.725464458810166, 50959.585687375285488 ], [ 1708172.291456903796643, 50595.379884579626378 ], [ 1706470.877499863738194, 50084.701307193034154 ], [ 1705484.741917184786871, 49211.683714198530652 ], [ 1704453.526597096351907, 47290.639641464396846 ], [ 1704281.711563623975962, 46918.825031791471702 ], [ 1703893.167634475510567, 47013.173980116822349 ], [ 1703770.975015497533605, 47860.140704242287029 ] ] ] ] } },
{ "type": "Feature", "properties": { "GEOID": "15003002802", "NAME": "Census Tract 28.02; Honolulu County; Hawaii", "variable": "median_income", "median_income": 109833.0, "income_moe": 23619.0, "tract_area_m2": 17997968.126818962, "solar_area_m2": 74883.66055877156, "solar_polygon_count": 321, "solar_fraction": 0.0041606730288174382, "solar_percent": 0.41606730288174382, "residential_solar_m2": 74883.66055877156, "residential_polygon_count": 321, "residential_solar_percent": 0.41606730288174382 }, "geometry": { "type": "MultiPolygon", "coordinates": [ [ [ [ 1704453.526597096351907, 47290.639641464396846 ], [ 1705484.741917184786871, 49211.683714198530652 ], [ 1706470.877499863738194, 50084.701307193034154 ], [ 1708172.291456903796643, 50595.379884579626378 ], [ 1708920.725464458810166, 50959.585687375285488 ], [ 1710043.451819268288091, 51433.263117115697241 ], [ 1710449.801926044048741, 53068.444466618340812 ], [ 1711129.773447360610589, 53686.508733974296774 ], [ 1711812.824680026154965, 52234.024737543666561 ], [ 1711211.664875369751826, 51472.206692689083866 ], [ 1708839.655562238534912, 48063.244459406392707 ], [ 1708378.927464360836893, 48706.711456768207427 ], [ 1709247.667060199892148, 50044.962433755186794 ], [ 1708757.544618915300816, 49454.408922835689737 ], [ 1708285.162744684843346, 49632.531478682554734 ], [ 1708030.428696386981755, 48093.096134175837506 ], [ 1707633.838395304977894, 47545.898794688924681 ], [ 1705380.171916167717427, 45885.95516095819039 ], [ 1705375.597759990952909, 45727.207170193563798 ], [ 1705037.085790145210922, 44974.13455119162245 ], [ 1705046.615128906909376, 45542.640041294536786 ], [ 1704707.87009651446715, 46117.26623479781847 ], [ 1704676.604873376199976, 46355.887396891041135 ], [ 1704617.086569478269666, 46592.295283097628271 ], [ 1704281.711563623975962, 46918.825031791471702 ], [ 1704453.526597096351907, 47290.639641464396846 ] ] ] ] } },
{ "type": "Feature", "properties": { "GEOID": "15003003605", "NAME": "Census Tract 36.05; Honolulu County; Hawaii", "variable": "median_income", "median_income": 59006.0, "income_moe": 21893.0, "tract_area_m2": 1654847.5369431328, "solar_area_m2": 8681.334691048236, "solar_polygon_count": 9, "solar_fraction": 0.0052460027266829487, "solar_percent": 0.5246002726682949, "residential_solar_m2": 8681.334691048236, "residential_polygon_count": 9, "residential_solar_percent": 0.5246002726682949 }, "geometry": { "type": "MultiPolygon", "coordinates": [ [ [ [ 1692765.956814095145091, 46556.914853906695498 ], [ 1693160.514139018254355, 47601.657609569163469 ], [ 1694154.255322506185621, 47225.584549659084587 ], [ 1694159.693457032553852, 47234.30810155011568 ], [ 1694481.559057579608634, 47075.162399810447823 ], [ 1694385.117955470923334, 46835.317386033057119 ], [ 1694037.056511180242524, 45952.986878125360818 ], [ 1693441.0128711219877, 46235.370364867478202 ], [ 1692942.720339519903064, 46476.444947744741512 ], [ 1692765.956814095145091, 46556.914853906695498 ] ] ] ] } },
{ "type": "Feature", "properties": { "GEOID": "15003002301", "NAME": "Census Tract 23.01; Honolulu County; Hawaii", "variable": "median_income", "median_income": 70165.0, "income_moe": 12679.0, "tract_area_m2": 2314093.760669494, "solar_area_m2": 30160.688638654428, "solar_polygon_count": 20, "solar_fraction": 0.013033477360022177, "solar_percent": 1.3033477360022176, "residential_solar_m2": 21471.695908564354, "residential_polygon_count": 19, "residential_solar_percent": 0.92786628932236292 }, "geometry": { "type": "MultiPolygon", "coordinates": [ [ [ [ 1700617.039651077473536, 44423.754361231345683 ], [ 1700923.213840178446844, 44626.431140293097997 ], [ 1700769.77220507664606, 44840.942043908806227 ], [ 1701398.030637397663668, 45318.968236074142624 ], [ 1701894.773317454149947, 44987.882834920521418 ], [ 1701991.189945559948683, 44925.87669825865305 ], [ 1702196.53467862540856, 44876.346551623173582 ], [ 1702681.523315369850025, 45001.139612767248764 ], [ 1703249.576831948710606, 45126.760678576763894 ], [ 1703447.18728927266784, 44995.857174736956949 ], [ 1703161.163874101825058, 44747.782567116744758 ], [ 1702984.695551900193095, 44556.504744529753225 ], [ 1702653.856927975546569, 44197.588056391992723 ], [ 1701745.738800564780831, 44023.271310107069439 ], [ 1701596.299335259478539, 44007.480989505223988 ], [ 1700441.562767846276984, 43945.515012260832009 ], [ 1700617.039651077473536, 44423.754361231345683 ] ] ] ] } },
{ "type": "Feature", "properties": { "GEOID": "15003006816", "NAME": "Census Tract 68.16; Honolulu County; Hawaii", "variable": "median_income", "median_income": 155938.0, "income_moe": 72337.0, "tract_area_m2": 2296440.4513113536, "solar_area_m2": 32513.402901889676, "solar_polygon_count": 103, "solar_fraction": 0.014158173743770845, "solar_percent": 1.4158173743770845, "residential_solar_m2": 32513.402901889676, "residential_polygon_count": 103, "residential_solar_percent": 1.4158173743770845 }, "geometry": { "type": "MultiPolygon", "coordinates": [ [ [ [ 1667252.080369941657409, 66591.217052038788097 ], [ 1668019.473629043903202, 66580.709388722723816 ], [ 1668437.497050051577389, 66334.638990663486766 ], [ 1669150.861568993423134, 64913.59707379664178 ], [ 1669079.553300173487514, 64618.232003480967251 ], [ 1668641.445053450297564, 64845.034180432237918 ], [ 1666878.484929488738999, 65782.060510774914292 ], [ 1667252.080369941657409, 66591.217052038788097 ] ] ] ] } },
{ "type": "Feature", "properties": { "GEOID": "15003002205", "NAME": "Census Tract 22.05; Honolulu County; Hawaii", "variable": "median_income", "median_income": 76725.0, "income_moe": 8249.0, "tract_area_m2": 1951597.3690621078, "solar_area_m2": 56859.270479328123, "solar_polygon_count": 21, "solar_fraction": 0.029134734131483975, "solar_percent": 2.9134734131483975, "residential_solar_m2": 39700.779374862745, "residential_polygon_count": 19, "residential_solar_percent": 2.0342710030369644 }, "geometry": { "type": "MultiPolygon", "coordinates": [ [ [ [ 1699182.52847479400225, 43368.364920397973037 ], [ 1699573.099926274968311, 42994.641461245795654 ], [ 1700441.562767846276984, 43945.515012260832009 ], [ 1701139.859058225061744, 43313.873516450665193 ], [ 1701523.954075360903516, 42959.409294089666218 ], [ 1700946.101491297129542, 42441.84424749873142 ], [ 1700222.384889868786559, 42351.310154407809023 ], [ 1698980.214088161941618, 43133.844968072058691 ], [ 1699182.52847479400225, 43368.364920397973037 ] ] ] ] } },
{ "type": "Feature", "properties": { "GEOID": "15003008940", "NAME": "Census Tract 89.40; Honolulu County; Hawaii", "variable": "median_income", "median_income": 108625.0, "income_moe": 13061.0, "tract_area_m2": 13317650.741833955, "solar_area_m2": 292189.54133259552, "solar_polygon_count": 301, "solar_fraction": 0.021940021329344344, "solar_percent": 2.1940021329344344, "residential_solar_m2": 109909.00836453814, "residential_polygon_count": 299, "residential_solar_percent": 0.82528826213535866 }, "geometry": { "type": "MultiPolygon", "coordinates": [ [ [ [ 1632435.822475414257497, 107434.173479673088877 ], [ 1632737.131140902871266, 107636.828483085715561 ], [ 1632992.79334318684414, 107276.074644280481152 ], [ 1633961.607176703168079, 107475.378341013929457 ], [ 1633802.199444957543164, 108063.153286910630413 ], [ 1634498.736609748098999, 109270.912599326053169 ], [ 1634622.262574319262058, 110135.096122198214289 ], [ 1635265.273565836483613, 110336.27644741248514 ], [ 1635606.433788659283891, 111599.665608393333969 ], [ 1636687.659367739921436, 111153.131275487627136 ], [ 1637411.186518720816821, 110498.489567217926378 ], [ 1637536.313641919055954, 110460.703531652616221 ], [ 1638929.007256890181452, 108692.656896962449537 ], [ 1637578.359430881217122, 108260.068513206453645 ], [ 1636816.333721704781055, 108292.081511767653865 ], [ 1636488.167882995214313, 107909.954709944562637 ], [ 1635586.00047847814858, 107497.365083006588975 ], [ 1635384.001999703934416, 107367.336573547814623 ], [ 1633991.745109867071733, 106431.001230743844644 ], [ 1633242.001920209964737, 106943.657254830352031 ], [ 1633124.995242892997339, 106722.447608493515872 ], [ 1632707.454505932284519, 106995.31492658816569 ], [ 1632435.822475414257497, 107434.173479673088877 ] ] ] ] } },
{ "type": "Feature", "properties": { "GEOID": "15003008949", "NAME": "Census Tract 89.49; Honolulu County; Hawaii", "variable": "median_income", "median_income": 109782.0, "income_moe": 53113.0, "tract_area_m2": 7770748.5820721164, "solar_area_m2": 58550.410317530615, "solar_polygon_count": 164, "solar_fraction": 0.0075347194287835005, "solar_percent": 0.75347194287835006, "residential_solar_m2": 58550.410317530615, "residential_polygon_count": 164, "residential_solar_percent": 0.75347194287835006 }, "geometry": { "type": "MultiPolygon", "coordinates": [ [ [ [ 1636901.991650901501998, 87168.915352416530368 ], [ 1637879.698092554230243, 88160.554340126807801 ], [ 1638211.702859296929091, 88193.596082321644644 ], [ 1638784.181859461823478, 87460.520795834658202 ], [ 1640108.466121647274122, 86618.828085357934469 ], [ 1640942.241956776939332, 86474.253145616094116 ], [ 1640032.938329150667414, 85443.326271063109743 ], [ 1639118.846401281189173, 84802.554055758926552 ], [ 1638915.07213134248741, 84760.784762937793857 ], [ 1637245.786249718395993, 85129.927585532030207 ], [ 1637392.791191966272891, 85912.013024900283199 ], [ 1637056.057940104277804, 86653.80569024682336 ], [ 1636901.991650901501998, 87168.915352416530368 ] ] ] ] } },
{ "type": "Feature", "properties": { "GEOID": "15003003503", "NAME": "Census Tract 35.03; Honolulu County; Hawaii", "variable": "median_income", "median_income": 50250.0, "income_moe": 34019.0, "tract_area_m2": 1997008.5351716711, "solar_area_m2": 37273.324618818551, "solar_polygon_count": 25, "solar_fraction": 0.018664579526003068, "solar_percent": 1.8664579526003069, "residential_solar_m2": 29212.976506072941, "residential_polygon_count": 24, "residential_solar_percent": 1.4628368377785461 }, "geometry": { "type": "MultiPolygon", "coordinates": [ [ [ [ 1693782.408943686168641, 49036.764816379363765 ], [ 1694100.369276559678838, 49707.286972833462642 ], [ 1694698.027981817256659, 49476.494575961587543 ], [ 1694965.349281686823815, 49382.319252261528163 ], [ 1695432.483236414846033, 49300.337048757333832 ], [ 1695061.858830448007211, 48544.388483122980688 ], [ 1694803.783963074209169, 47907.704155138068018 ], [ 1694635.548296638764441, 47972.919871396785311 ], [ 1693499.128404065733775, 48401.877982338359288 ], [ 1693782.408943686168641, 49036.764816379363765 ] ] ] ] } },
{ "type": "Feature", "properties": { "GEOID": "15003007813", "NAME": "Census Tract 78.13; Honolulu County; Hawaii", "variable": "median_income", "median_income": 139000.0, "income_moe": 34658.0, "tract_area_m2": 5635672.2481542062, "solar_area_m2": 82323.09959569019, "solar_polygon_count": 244, "solar_fraction": 0.014607503057448493, "solar_percent": 1.4607503057448492, "residential_solar_m2": 82323.09959569019, "residential_polygon_count": 244, "residential_solar_percent": 1.4607503057448492 }, "geometry": { "type": "MultiPolygon", "coordinates": [ [ [ [ 1654377.251001110766083, 83827.199299811851233 ], [ 1655113.840352282393724, 84820.543457665349706 ], [ 1655952.088842459954321, 85910.190972609547316 ], [ 1656684.324367990950122, 85371.334253141554655 ], [ 1657121.155906585743651, 85263.944749661430251 ], [ 1657014.724640162428841, 84017.937366662154091 ], [ 1656889.988617170602083, 83644.469856687501306 ], [ 1656666.336662236135453, 82995.98650945413101 ], [ 1655736.824780221562833, 83289.950560753670288 ], [ 1655513.660600909264758, 83268.454840049016639 ], [ 1654486.725677344249561, 82794.123432419903111 ], [ 1653781.38994230539538, 83184.444219069380779 ], [ 1654377.251001110766083, 83827.199299811851233 ] ] ] ] } },
{ "type": "Feature", "properties": { "GEOID": "15003009509", "NAME": "Census Tract 95.09; Honolulu County; Hawaii", "variable": "median_income", "median_income": 88219.0, "income_moe": 8152.0, "tract_area_m2": 8498739.2744804155, "solar_area_m2": 21254.40307930754, "solar_polygon_count": 64, "solar_fraction": 0.0025008889428022795, "solar_percent": 0.25008889428022796, "residential_solar_m2": 21254.40307930754, "residential_polygon_count": 64, "residential_solar_percent": 0.25008889428022796 }, "geometry": { "type": "MultiPolygon", "coordinates": [ [ [ [ 1615262.133144608931616, 118781.989457294839667 ], [ 1616556.555179549381137, 119868.27286054828437 ], [ 1617327.203279603039846, 120528.343119650322478 ], [ 1617981.006110304268077, 119859.660778663630481 ], [ 1618485.027834918815643, 120327.695301606479916 ], [ 1619417.56632540980354, 121243.465916594665032 ], [ 1620199.839584946632385, 120437.810339254676364 ], [ 1619286.828041771659628, 119042.512629682270926 ], [ 1619770.075171414995566, 118550.829352220403962 ], [ 1619808.33673895499669, 118149.773389338166453 ], [ 1617489.432155600283295, 118320.002835411869455 ], [ 1617461.555136545328423, 118322.194435747718671 ], [ 1615591.936438073404133, 118118.51804568542866 ], [ 1615331.180671899579465, 118131.717864415040822 ], [ 1615262.133144608931616, 118781.989457294839667 ] ] ] ] } },
{ "type": "Feature", "properties": { "GEOID": "15003000116", "NAME": "Census Tract 1.16; Honolulu County; Hawaii", "variable": "median_income", "median_income": 115592.0, "income_moe": 35904.0, "tract_area_m2": 12974712.040650211, "solar_area_m2": 42948.918942707598, "solar_polygon_count": 109, "solar_fraction": 0.0033102020922042186, "solar_percent": 0.33102020922042186, "residential_solar_m2": 42948.918942707598, "residential_polygon_count": 109, "residential_solar_percent": 0.33102020922042186 }, "geometry": { "type": "MultiPolygon", "coordinates": [ [ [ [ 1737440.088731945026666, 54707.706202352834225 ], [ 1737536.772195192519575, 54699.889456546443398 ], [ 1738869.700819322606549, 54710.310769505405915 ], [ 1739209.281942055094987, 55146.845591491051891 ], [ 1740094.610450827283785, 54966.853906273594475 ], [ 1740365.266607370693237, 54573.948123609865434 ], [ 1740192.940381590742618, 53890.700802310951985 ], [ 1740308.06286428286694, 50195.122496339608915 ], [ 1740227.134168040240183, 48865.083524900401244 ], [ 1740503.818329251604155, 45071.369104771489219 ], [ 1740826.556745022768155, 44163.100555530603742 ], [ 1740604.44399604271166, 43689.361240641730546 ], [ 1740071.994139112066478, 44778.870386332484486 ], [ 1739854.433767455862835, 46073.844293641748664 ], [ 1739714.281770574860275, 46198.908954668047954 ], [ 1739907.492091164225712, 47203.674527292074345 ], [ 1739787.604349781293422, 47601.583275840363058 ], [ 1739708.089898469625041, 49731.581661464813806 ], [ 1739386.174840469146147, 50405.557773105509114 ], [ 1738015.737986691296101, 52430.029697746023885 ], [ 1737871.647251069778576, 52860.955549015794531 ], [ 1737708.131741184974089, 53680.89642303295841 ], [ 1737301.37296047876589, 54429.925960460081114 ], [ 1737440.088731945026666, 54707.706202352834225 ] ] ] ] } },
{ "type": "Feature", "properties": { "GEOID": "15003008921", "NAME": "Census Tract 89.21; Honolulu County; Hawaii", "variable": "median_income", "median_income": 143125.0, "income_moe": 40982.0, "tract_area_m2": 9601571.3328218069, "solar_area_m2": 93158.083322258506, "solar_polygon_count": 255, "solar_fraction": 0.0097023789224800015, "solar_percent": 0.97023789224800017, "residential_solar_m2": 93158.083322258506, "residential_polygon_count": 255, "residential_solar_percent": 0.97023789224800017 }, "geometry": { "type": "MultiPolygon", "coordinates": [ [ [ [ 1641386.153437616769224, 87631.962418996045017 ], [ 1642560.074085222091526, 87849.588194020878291 ], [ 1642746.144211632898077, 87907.717274173308397 ], [ 1642972.672388259321451, 88417.378718841908267 ], [ 1643935.32839176687412, 88617.225449274934363 ], [ 1643996.217693442478776, 88619.409045700755087 ], [ 1644087.123818857595325, 87423.569674306854722 ], [ 1644427.388092588633299, 86196.508893542122678 ], [ 1644489.655176521511748, 86010.888851654381142 ], [ 1644652.352920917794108, 84861.19070577644743 ], [ 1645033.07934846659191, 84218.256207709855516 ], [ 1645436.550939470995218, 84183.783122863838798 ], [ 1644987.167900284519419, 84048.24770186204114 ], [ 1644813.331233468605205, 84020.62553595159261 ], [ 1643199.111200693296269, 84029.961775236602989 ], [ 1642725.518212874652818, 85032.16704614199989 ], [ 1642343.125546827213839, 85644.604433821645216 ], [ 1641547.070359497796744, 86869.487113848415902 ], [ 1641062.991442260332406, 87611.251823020735173 ], [ 1641386.153437616769224, 87631.962418996045017 ] ] ] ] } },
{ "type": "Feature", "properties": { "GEOID": "15003008707", "NAME": "Census Tract 87.07; Honolulu County; Hawaii", "variable": "median_income", "median_income": 96765.0, "income_moe": 32631.0, "tract_area_m2": 8801653.2707631756, "solar_area_m2": 158477.85786840884, "solar_polygon_count": 426, "solar_fraction": 0.018005464768173891, "solar_percent": 1.8005464768173891, "residential_solar_m2": 158477.85786840884, "residential_polygon_count": 426, "residential_solar_percent": 1.8005464768173891 }, "geometry": { "type": "MultiPolygon", "coordinates": [ [ [ [ 1639973.359778092708439, 79871.321207478511496 ], [ 1640250.982359275687486, 80805.980249894462759 ], [ 1640830.693688567262143, 82581.583291392162209 ], [ 1641117.482196947792545, 82778.108547378622461 ], [ 1641566.541793294716626, 83086.885157043099753 ], [ 1642011.854284663451836, 83386.94728073530132 ], [ 1642361.906681220745668, 83693.548229081003228 ], [ 1642552.745584525400773, 83968.178233018654282 ], [ 1642672.154779483564198, 83943.118368130119052 ], [ 1643258.312000609701499, 83896.649360648574657 ], [ 1643831.954108006088063, 82738.254779347000294 ], [ 1643971.450829380657524, 82529.027603244176134 ], [ 1644003.772360811242834, 82495.97333922344842 ], [ 1643016.545285167172551, 81602.303111242508749 ], [ 1642319.138890422414988, 80972.022395745996619 ], [ 1642116.377670635003597, 80788.207416376360925 ], [ 1641105.952733607031405, 79878.588955024591996 ], [ 1640689.525073745753616, 79524.046311880869325 ], [ 1640145.848138870904222, 79223.632740928020212 ], [ 1639973.359778092708439, 79871.321207478511496 ] ] ] ] } },
{ "type": "Feature", "properties": { "GEOID": "15003004802", "NAME": "Census Tract 48.02; Honolulu County; Hawaii", "variable": "median_income", "median_income": 119375.0, "income_moe": 72504.0, "tract_area_m2": 5288384.8185515627, "solar_area_m2": 94207.587398195828, "solar_polygon_count": 265, "solar_fraction": 0.017814056773576167, "solar_percent": 1.7814056773576166, "residential_solar_m2": 94207.587398195828, "residential_polygon_count": 265, "residential_solar_percent": 1.7814056773576166 }, "geometry": { "type": "MultiPolygon", "coordinates": [ [ [ [ 1686293.040908118709922, 60400.09094934474706 ], [ 1686477.046647631563246, 60540.828737178540905 ], [ 1686770.246559776598588, 60745.231258319770859 ], [ 1687869.640217420179397, 61032.438929498130165 ], [ 1688253.476610231446102, 61109.063876124928356 ], [ 1688547.930179501418024, 61422.454142046415654 ], [ 1688383.743776791496202, 60441.51592729119875 ], [ 1688650.152221891563386, 60532.205702831211966 ], [ 1688598.870509300613776, 60030.866487270941434 ], [ 1688062.326004160800949, 59824.420880893623689 ], [ 1689047.156341408845037, 59227.386181133071659 ], [ 1688883.722378010628745, 58922.466621542138455 ], [ 1688531.045918313320726, 58999.522432585028582 ], [ 1688401.192355899373069, 58818.867977288820839 ], [ 1688055.925132096046582, 58601.333203280526504 ], [ 1687950.471041471930221, 58537.669874780243845 ], [ 1687070.288194125285372, 58169.282156546367332 ], [ 1686617.219291007844731, 59018.181405460862152 ], [ 1686473.698260366916656, 59288.320115281079779 ], [ 1686307.363081785617396, 59572.606661227306176 ], [ 1685911.414213127456605, 60116.789471315467381 ], [ 1686293.040908118709922, 60400.09094934474706 ] ] ] ] } },
{ "type": "Feature", "properties": { "GEOID": "15003000904", "NAME": "Census Tract 9.04; Honolulu County; Hawaii", "variable": "median_income", "median_income": 165313.0, "income_moe": 29156.0, "tract_area_m2": 7095731.7619645577, "solar_area_m2": 82302.077186321796, "solar_polygon_count": 315, "solar_fraction": 0.011598814603940898, "solar_percent": 1.1598814603940899, "residential_solar_m2": 82302.077186321796, "residential_polygon_count": 315, "residential_solar_percent": 1.1598814603940899 }, "geometry": { "type": "MultiPolygon", "coordinates": [ [ [ [ 1710120.099651653086767, 43520.930020884254191 ], [ 1711102.691983308643103, 45299.25839544183691 ], [ 1711634.184162141056731, 44995.915635193618073 ], [ 1712017.286141499644145, 45685.520433907258848 ], [ 1713507.668172399513423, 44982.085470476056798 ], [ 1713015.660781965823844, 43518.588929885721882 ], [ 1712846.709498488344252, 42319.618751513204188 ], [ 1712776.23609092249535, 42318.070796587388031 ], [ 1711778.388843273743987, 42027.948761927145824 ], [ 1711793.021503271302208, 42802.428003907560196 ], [ 1711398.256043969187886, 42934.49322286710958 ], [ 1710481.542946216417477, 43089.489815162189188 ], [ 1710120.099651653086767, 43520.930020884254191 ] ] ] ] } },
{ "type": "Feature", "properties": { "GEOID": "15003006818", "NAME": "Census Tract 68.18; Honolulu County; Hawaii", "variable": "median_income", "median_income": 81161.0, "income_moe": 10342.0, "tract_area_m2": 804830.68931475875, "solar_area_m2": 12854.11007464903, "solar_polygon_count": 6, "solar_fraction": 0.015971197725565302, "solar_percent": 1.5971197725565303, "residential_solar_m2": 12854.11007464903, "residential_polygon_count": 6, "residential_solar_percent": 1.5971197725565303 }, "geometry": { "type": "MultiPolygon", "coordinates": [ [ [ [ 1670330.089591407682747, 66071.575568761094473 ], [ 1670737.866342016262934, 65917.421116802317556 ], [ 1671209.126094010192901, 65445.094107859753422 ], [ 1671064.222885325318202, 65322.957052635261789 ], [ 1670873.24761216621846, 64829.183538401179248 ], [ 1670690.121977878501639, 64891.922980098948756 ], [ 1670110.764538137707859, 65144.061442846337741 ], [ 1670330.089591407682747, 66071.575568761094473 ] ] ] ] } },
{ "type": "Feature", "properties": { "GEOID": "15003007807", "NAME": "Census Tract 78.07; Honolulu County; Hawaii", "variable": "median_income", "median_income": 74049.0, "income_moe": 18259.0, "tract_area_m2": 3902800.638975529, "solar_area_m2": 37365.686140802289, "solar_polygon_count": 12, "solar_fraction": 0.0095740699044803493, "solar_percent": 0.9574069904480349, "residential_solar_m2": 24279.496627690754, "residential_polygon_count": 11, "residential_solar_percent": 0.62210445456071339 }, "geometry": { "type": "MultiPolygon", "coordinates": [ [ [ [ 1658095.323851138586178, 81528.516557453840505 ], [ 1659103.163407086161897, 81133.635364800167736 ], [ 1660475.782728635473177, 80593.605893441141234 ], [ 1661321.688975853612646, 80261.91281348708435 ], [ 1662247.571401486406103, 79896.119539195729885 ], [ 1662566.76345406123437, 79738.233915752949542 ], [ 1663009.18278924212791, 79426.744304695705068 ], [ 1662755.091288979165256, 79294.411882834931021 ], [ 1662556.205075745470822, 78944.512435094147804 ], [ 1662390.849724098108709, 78957.521475126006408 ], [ 1662010.517471238970757, 78856.744262267180602 ], [ 1661699.94474059343338, 78720.035027677586186 ], [ 1661443.229183207033202, 79187.445451401217724 ], [ 1660149.113634091569111, 79839.725373602588661 ], [ 1658859.472345697460696, 80434.643563656019978 ], [ 1658698.42359014833346, 80803.657690580643248 ], [ 1658496.866872780025005, 81246.399875486647943 ], [ 1658299.849364820634946, 81350.951723018937628 ], [ 1658088.570824633585289, 81373.766661743458826 ], [ 1658095.323851138586178, 81528.516557453840505 ] ] ] ] } },
{ "type": "Feature", "properties": { "GEOID": "15003001700", "NAME": "Census Tract 17; Honolulu County; Hawaii", "variable": "median_income", "median_income": 129861.0, "income_moe": 61986.0, "tract_area_m2": 14835428.755478028, "solar_area_m2": 74233.090025871614, "solar_polygon_count": 189, "solar_fraction": 0.0050037711244753083, "solar_percent": 0.5003771124475308, "residential_solar_m2": 67343.906819544951, "residential_polygon_count": 188, "residential_solar_percent": 0.45393974066760961 }, "geometry": { "type": "MultiPolygon", "coordinates": [ [ [ [ 1700626.856597124831751, 38091.154372511053225 ], [ 1700775.281544434372336, 38115.658777329190343 ], [ 1701505.848827213281766, 38219.647885639104061 ], [ 1701723.683298471849412, 38287.097779260897369 ], [ 1702768.127951803384349, 38724.566810495613026 ], [ 1702926.879672418814152, 38943.066837288330134 ], [ 1702974.100103068631142, 39034.661789820987906 ], [ 1703272.871576906880364, 38016.082599306537304 ], [ 1703380.012104556197301, 37240.297480097578955 ], [ 1704029.679296540096402, 37234.523434056223778 ], [ 1704658.011827711481601, 37416.534065346124407 ], [ 1705096.8750939599704, 36875.811625752830878 ], [ 1703796.346162223722786, 35581.806219492369564 ], [ 1702937.393325054319575, 33998.831623373662296 ], [ 1703759.817207301501185, 33348.843257639266085 ], [ 1704172.37005227082409, 32496.691244793953956 ], [ 1703446.820806817850098, 32528.612774885186809 ], [ 1701334.079201037529856, 34155.734221234903089 ], [ 1700766.706311741145328, 35744.328840039066563 ], [ 1700626.856597124831751, 38091.154372511053225 ] ] ] ] } },
{ "type": "Feature", "properties": { "GEOID": "15003008628", "NAME": "Census Tract 86.28; Honolulu County; Hawaii", "variable": "median_income", "median_income": 135990.0, "income_moe": 8279.0, "tract_area_m2": 7057857.0563394986, "solar_area_m2": 117249.07326210916, "solar_polygon_count": 513, "solar_fraction": 0.016612559920974011, "solar_percent": 1.661255992097401, "residential_solar_m2": 117249.07326210916, "residential_polygon_count": 513, "residential_solar_percent": 1.661255992097401 }, "geometry": { "type": "MultiPolygon", "coordinates": [ [ [ [ 1615221.153103368356824, 62186.310214168152015 ], [ 1615932.343498998787254, 62700.350067277118796 ], [ 1616242.212234372505918, 63074.362383585554198 ], [ 1616170.086697296472266, 63127.067000817747612 ], [ 1617164.989225825527683, 63419.409865090703533 ], [ 1617654.548969901632518, 63824.955935205136484 ], [ 1618614.28613941767253, 63893.212064476407249 ], [ 1618633.179579581832513, 62651.234382258640835 ], [ 1618517.752496627159417, 61683.206299616598699 ], [ 1618140.990406844997779, 61659.02347670236486 ], [ 1617638.580098825972527, 61484.872177152123186 ], [ 1616544.688550505554304, 60614.625726795871742 ], [ 1616194.787056242115796, 60550.486552169139031 ], [ 1615580.527397432597354, 60680.086455213626323 ], [ 1615670.458427121397108, 61591.815285220582155 ], [ 1615221.153103368356824, 62186.310214168152015 ] ] ] ] } },
{ "type": "Feature", "properties": { "GEOID": "15003004201", "NAME": "Census Tract 42.01; Honolulu County; Hawaii", "variable": "median_income", "median_income": 87353.0, "income_moe": 20021.0, "tract_area_m2": 429568.23289827479, "solar_area_m2": 7116.0803262018526, "solar_polygon_count": 1, "solar_fraction": 0.016565657749387157, "solar_percent": 1.6565657749387157, "residential_solar_m2": 0.0, "residential_polygon_count": 0, "residential_solar_percent": 0.0 }, "geometry": { "type": "MultiPolygon", "coordinates": [ [ [ [ 1688025.964327899506316, 52859.693340933386935 ], [ 1688282.765440484508872, 53078.964549753196479 ], [ 1688488.828127986984327, 53318.533818476433225 ], [ 1688642.896214416250587, 53082.919558399815287 ], [ 1688801.750145636266097, 52826.241275253261847 ], [ 1688891.073216251563281, 52671.212011928822903 ], [ 1688501.306925151962787, 52307.969662923511351 ], [ 1688305.709755425807089, 52542.820694327143428 ], [ 1688153.401756056351587, 52713.051556135302235 ], [ 1688025.964327899506316, 52859.693340933386935 ] ] ] ] } },
{ "type": "Feature", "properties": { "GEOID": "15003008801", "NAME": "Census Tract 88.01; Honolulu County; Hawaii", "variable": "median_income", "median_income": 131466.0, "income_moe": 21608.0, "tract_area_m2": 4260713.5288033318, "solar_area_m2": 84837.213149153264, "solar_polygon_count": 245, "solar_fraction": 0.019911503689613398, "solar_percent": 1.9911503689613399, "residential_solar_m2": 84837.213149153264, "residential_polygon_count": 245, "residential_solar_percent": 1.9911503689613399 }, "geometry": { "type": "MultiPolygon", "coordinates": [ [ [ [ 1637159.951020666398108, 83355.419318834901787 ], [ 1638033.943998845061287, 83899.169725139116053 ], [ 1639005.550065987743437, 84292.906454659081646 ], [ 1639074.604051978792995, 84093.839509846409783 ], [ 1639195.01134027983062, 83168.982939134075423 ], [ 1639355.902317869011313, 81997.837616193122813 ], [ 1639469.868635386694223, 81833.279905356292147 ], [ 1638846.932244223542511, 81286.229097106552217 ], [ 1638859.85413259640336, 81075.539518495177617 ], [ 1638406.014065157389268, 81167.458745662908768 ], [ 1637641.624732319032773, 82456.329940300056478 ], [ 1637159.951020666398108, 83355.419318834901787 ] ] ] ] } },
{ "type": "Feature", "properties": { "GEOID": "15003001202", "NAME": "Census Tract 12.02; Honolulu County; Hawaii", "variable": "median_income", "median_income": 108103.0, "income_moe": 23921.0, "tract_area_m2": 5360386.687203642, "solar_area_m2": 78851.624247940941, "solar_polygon_count": 271, "solar_fraction": 0.014710062696815544, "solar_percent": 1.4710062696815545, "residential_solar_m2": 78851.624247940941, "residential_polygon_count": 271, "residential_solar_percent": 1.4710062696815545 }, "geometry": { "type": "MultiPolygon", "coordinates": [ [ [ [ 1707028.732448495691642, 45209.050443120111595 ], [ 1708839.655562238534912, 48063.244459406392707 ], [ 1708825.380132778082043, 47778.433938797905284 ], [ 1709116.04317235480994, 47560.125184124342923 ], [ 1709577.074615526711568, 46959.892361251339025 ], [ 1709780.66104035358876, 46689.892856115780887 ], [ 1710152.733483135933056, 46444.087479615562188 ], [ 1709365.59703176561743, 44892.334393654862652 ], [ 1708730.233939215075225, 45233.345821776951198 ], [ 1707312.42506396654062, 44578.792172765519354 ], [ 1707114.706120944814757, 44788.144495380118315 ], [ 1706967.803639763267711, 44651.015168014608207 ], [ 1707028.732448495691642, 45209.050443120111595 ] ] ] ] } },
{ "type": "Feature", "properties": { "GEOID": "15003006806", "NAME": "Census Tract 68.06; Honolulu County; Hawaii", "variable": "median_income", "median_income": 165076.0, "income_moe": 16118.0, "tract_area_m2": 5130999.1216775114, "solar_area_m2": 89405.371519750988, "solar_polygon_count": 317, "solar_fraction": 0.017424554048748521, "solar_percent": 1.7424554048748522, "residential_solar_m2": 89405.371519750988, "residential_polygon_count": 317, "residential_solar_percent": 1.7424554048748522 }, "geometry": { "type": "MultiPolygon", "coordinates": [ [ [ [ 1667039.76670393277891, 67886.481704091871507 ], [ 1667347.084078040905297, 67151.405314449875732 ], [ 1668390.562616362934932, 67584.214831595178111 ], [ 1669022.559895888902247, 67467.217024247409427 ], [ 1669325.329620059812441, 67016.215687013231218 ], [ 1669885.90023078257218, 66847.97045664563484 ], [ 1670815.670276422984898, 66740.60312352112669 ], [ 1670330.089591407682747, 66071.575568761094473 ], [ 1670110.764538137707859, 65144.061442846337741 ], [ 1669992.290498122340068, 64608.556969703844516 ], [ 1670000.625618221471086, 64305.243087671602552 ], [ 1669771.925927421543747, 64314.198677203465195 ], [ 1669079.553300173487514, 64618.232003480967251 ], [ 1669150.861568993423134, 64913.59707379664178 ], [ 1668437.497050051577389, 66334.638990663486766 ], [ 1668019.473629043903202, 66580.709388722723816 ], [ 1667424.85214136284776, 66795.81695342407329 ], [ 1666956.913990527391434, 67523.911111915018409 ], [ 1667039.76670393277891, 67886.481704091871507 ] ] ] ] } },
{ "type": "Feature", "properties": { "GEOID": "15003001602", "NAME": "Census Tract 16.02; Honolulu County; Hawaii", "variable": "median_income", "median_income": 141292.0, "income_moe": 13991.0, "tract_area_m2": 3281380.0712702633, "solar_area_m2": 60499.28833767218, "solar_polygon_count": 186, "solar_fraction": 0.018437147487841039, "solar_percent": 1.8437147487841039, "residential_solar_m2": 60499.28833767218, "residential_polygon_count": 186, "residential_solar_percent": 1.8437147487841039 }, "geometry": { "type": "MultiPolygon", "coordinates": [ [ [ [ 1704492.023731330409646, 38415.284714409783192 ], [ 1705746.290817764122039, 38762.611984382885566 ], [ 1706407.167600761866197, 38763.782276346370054 ], [ 1706826.851165712578222, 38319.6757524262066 ], [ 1707126.53512340108864, 38000.019707331106474 ], [ 1707419.392929590772837, 37696.340012302796822 ], [ 1705949.201467324979603, 37379.950274225491739 ], [ 1705096.8750939599704, 36875.811625752830878 ], [ 1704658.011827711481601, 37416.534065346124407 ], [ 1704582.168150141835213, 37915.191315475320152 ], [ 1704492.023731330409646, 38415.284714409783192 ] ] ] ] } },
{ "type": "Feature", "properties": { "GEOID": "15003009510", "NAME": "Census Tract 95.10; Honolulu County; Hawaii", "variable": "median_income", "median_income": 78657.0, "income_moe": 26998.0, "tract_area_m2": 4092502.1589576127, "solar_area_m2": 50756.188254452587, "solar_polygon_count": 83, "solar_fraction": 0.012402238601965826, "solar_percent": 1.2402238601965825, "residential_solar_m2": 50756.188254452587, "residential_polygon_count": 83, "residential_solar_percent": 1.2402238601965825 }, "geometry": { "type": "MultiPolygon", "coordinates": [ [ [ [ 1612700.171374066965654, 118263.435375341257895 ], [ 1613782.961172020994127, 118198.221297948010033 ], [ 1615331.180671899579465, 118131.717864415040822 ], [ 1615445.596250402973965, 117074.571910167156602 ], [ 1615486.195483445189893, 116650.626341614217381 ], [ 1613247.451927586225793, 116775.59527429456648 ], [ 1612575.913867998635396, 116646.984649596895906 ], [ 1612700.171374066965654, 118263.435375341257895 ] ] ] ] } },
{ "type": "Feature", "properties": { "GEOID": "15003002206", "NAME": "Census Tract 22.06; Honolulu County; Hawaii", "variable": "median_income", "median_income": 72628.0, "income_moe": 14004.0, "tract_area_m2": 1141892.7879506443, "solar_area_m2": 2093.3749719256871, "solar_polygon_count": 17, "solar_fraction": 0.0018332500161268805, "solar_percent": 0.18332500161268805, "residential_solar_m2": 2093.3749719256871, "residential_polygon_count": 17, "residential_solar_percent": 0.18332500161268805 }, "geometry": { "type": "MultiPolygon", "coordinates": [ [ [ [ 1700441.562767846276984, 43945.515012260832009 ], [ 1701596.299335259478539, 44007.480989505223988 ], [ 1701745.738800564780831, 44023.271310107069439 ], [ 1702653.856927975546569, 44197.588056391992723 ], [ 1701523.954075360903516, 42959.409294089666218 ], [ 1701139.859058225061744, 43313.873516450665193 ], [ 1700441.562767846276984, 43945.515012260832009 ] ] ] ] } },
{ "type": "Feature", "properties": { "GEOID": "15003007804", "NAME": "Census Tract 78.04; Honolulu County; Hawaii", "variable": "median_income", "median_income": 124857.0, "income_moe": 16248.0, "tract_area_m2": 4983878.0164830396, "solar_area_m2": 61242.348281173632, "solar_polygon_count": 217, "solar_fraction": 0.01228809133743413, "solar_percent": 1.2288091337434131, "residential_solar_m2": 61242.348281173632, "residential_polygon_count": 217, "residential_solar_percent": 1.2288091337434131 }, "geometry": { "type": "MultiPolygon", "coordinates": [ [ [ [ 1652965.104435000335798, 83813.045170040728408 ], [ 1653497.68152146670036, 84501.546212852714234 ], [ 1654317.769035966135561, 84934.030048267857637 ], [ 1654217.550646044546738, 85720.09399911366927 ], [ 1655035.44337791739963, 86624.460602590930648 ], [ 1655491.259104193421081, 86701.961274814879289 ], [ 1656149.749782922444865, 87013.100087312996038 ], [ 1656645.230612789047882, 87519.630143602684257 ], [ 1656874.823717574821785, 87593.441814657548093 ], [ 1656121.772076441673562, 86139.819613764586393 ], [ 1655952.088842459954321, 85910.190972609547316 ], [ 1655113.840352282393724, 84820.543457665349706 ], [ 1654377.251001110766083, 83827.199299811851233 ], [ 1653781.38994230539538, 83184.444219069380779 ], [ 1653357.613937396323308, 82721.186546116819954 ], [ 1653293.268552351510152, 82916.966802606213605 ], [ 1652965.104435000335798, 83813.045170040728408 ] ] ] ] } },
{ "type": "Feature", "properties": { "GEOID": "15003003604", "NAME": "Census Tract 36.04; Honolulu County; Hawaii", "variable": "median_income", "median_income": 58816.0, "income_moe": 18295.0, "tract_area_m2": 2046244.9354389473, "solar_area_m2": 26372.737403016265, "solar_polygon_count": 21, "solar_fraction": 0.012888358058346986, "solar_percent": 1.2888358058346987, "residential_solar_m2": 26372.737403016265, "residential_polygon_count": 21, "residential_solar_percent": 1.2888358058346987 }, "geometry": { "type": "MultiPolygon", "coordinates": [ [ [ [ 1694385.117955470923334, 46835.317386033057119 ], [ 1695217.873609821312129, 46442.755953206171398 ], [ 1695659.957935115555301, 46247.414632109903323 ], [ 1695959.470075682504103, 46316.015380628195999 ], [ 1696077.285342183196917, 45635.035085284434899 ], [ 1696368.648574507562444, 45031.972100008657435 ], [ 1695849.745717818615958, 45097.546453992581519 ], [ 1694938.615533555625007, 45537.241584257695649 ], [ 1694037.056511180242524, 45952.986878125360818 ], [ 1694385.117955470923334, 46835.317386033057119 ] ] ] ] } },
{ "type": "Feature", "properties": { "GEOID": "15003001101", "NAME": "Census Tract 11.01; Honolulu County; Hawaii", "variable": "median_income", "median_income": 77411.0, "income_moe": 51421.0, "tract_area_m2": 3704446.3218899746, "solar_area_m2": 39731.643893497574, "solar_polygon_count": 93, "solar_fraction": 0.010725393335764912, "solar_percent": 1.0725393335764912, "residential_solar_m2": 39731.643893497574, "residential_polygon_count": 93, "residential_solar_percent": 1.0725393335764912 }, "geometry": { "type": "MultiPolygon", "coordinates": [ [ [ [ 1709577.074615526711568, 46959.892361251339025 ], [ 1710104.298115118639544, 48090.298688678041799 ], [ 1710765.898788198363036, 48491.105903829156887 ], [ 1710785.100040920311585, 49165.333762286347337 ], [ 1711212.71718949591741, 49900.036053612035175 ], [ 1712359.483792267274112, 50725.788589548814343 ], [ 1712558.580021153436974, 49744.174695051042363 ], [ 1712066.935818992555141, 49298.52775393382035 ], [ 1711848.171125032473356, 48949.873863881432044 ], [ 1710439.049922355217859, 47219.283980166568654 ], [ 1710152.733483135933056, 46444.087479615562188 ], [ 1709780.66104035358876, 46689.892856115780887 ], [ 1709577.074615526711568, 46959.892361251339025 ] ] ] ] } },
{ "type": "Feature", "properties": { "GEOID": "15003006100", "NAME": "Census Tract 61; Honolulu County; Hawaii", "variable": "median_income", "median_income": 142448.0, "income_moe": 25978.0, "tract_area_m2": 4999326.4891995676, "solar_area_m2": 84685.819343594674, "solar_polygon_count": 155, "solar_fraction": 0.016939445648638474, "solar_percent": 1.6939445648638474, "residential_solar_m2": 84685.819343594674, "residential_polygon_count": 155, "residential_solar_percent": 1.6939445648638474 }, "geometry": { "type": "MultiPolygon", "coordinates": [ [ [ [ 1681360.457130348077044, 60799.3100837811362 ], [ 1681691.060977720655501, 61070.552354296240082 ], [ 1682037.259514573961496, 61415.912981181078067 ], [ 1682350.516029583057389, 61665.350601742517028 ], [ 1682720.249767221976072, 61934.450455683509063 ], [ 1683272.420201119733974, 62176.454300425917609 ], [ 1683576.902241605566815, 62743.741126357715984 ], [ 1683927.132343976991251, 62287.048404991757707 ], [ 1684776.477565168403089, 61616.811101123297703 ], [ 1684420.877833924489096, 61138.110048606380587 ], [ 1683673.358041471336037, 60458.939875054253207 ], [ 1682799.622918527107686, 59687.413548336968233 ], [ 1682058.411274619400501, 60036.284499862762459 ], [ 1681888.518843389581889, 60112.799717443944246 ], [ 1681444.918970982544124, 60724.907266451082251 ], [ 1681360.457130348077044, 60799.3100837811362 ] ] ] ] } },
{ "type": "Feature", "properties": { "GEOID": "15003008410", "NAME": "Census Tract 84.10; Honolulu County; Hawaii", "variable": "median_income", "median_income": 150284.0, "income_moe": 10361.0, "tract_area_m2": 20044403.926942967, "solar_area_m2": 278515.29763979284, "solar_polygon_count": 1040, "solar_fraction": 0.013894915441482528, "solar_percent": 1.3894915441482529, "residential_solar_m2": 241492.91934610589, "residential_polygon_count": 1038, "residential_solar_percent": 1.2047897269796075 }, "geometry": { "type": "MultiPolygon", "coordinates": [ [ [ [ 1626737.130280578043312, 58714.865606466024474 ], [ 1627570.995838864473626, 58699.76590011506778 ], [ 1630806.294917630031705, 59962.488180071057286 ], [ 1632574.499306210083887, 60665.098360729687556 ], [ 1632804.825428545707837, 60062.062203703979321 ], [ 1633139.978122252272442, 59411.789721835870296 ], [ 1633427.84849027171731, 58905.737702638733026 ], [ 1633443.841702527366579, 58879.581288188681356 ], [ 1634186.009579168166965, 57645.151001504527812 ], [ 1631794.118810936110094, 56584.416119651374174 ], [ 1630444.12540024286136, 56084.448933574502007 ], [ 1628842.876236880896613, 55426.553797526328708 ], [ 1628521.707718555815518, 56085.204071928710619 ], [ 1627619.484258165117353, 57935.829883060803695 ], [ 1626730.266067215008661, 58491.102497345731535 ], [ 1626737.130280578043312, 58714.865606466024474 ] ] ] ] } },
{ "type": "Feature", "properties": { "GEOID": "15003008930", "NAME": "Census Tract 89.30; Honolulu County; Hawaii", "variable": "median_income", "median_income": 161290.0, "income_moe": 8875.0, "tract_area_m2": 11150967.791606251, "solar_area_m2": 156423.89586270732, "solar_polygon_count": 485, "solar_fraction": 0.014027831376255379, "solar_percent": 1.402783137625538, "residential_solar_m2": 149496.22612168069, "residential_polygon_count": 484, "residential_solar_percent": 1.3406569628352085 }, "geometry": { "type": "MultiPolygon", "coordinates": [ [ [ [ 1639099.361057507339865, 108512.475194446640671 ], [ 1640323.158039569389075, 109467.834250750020146 ], [ 1641527.202719129389152, 109795.506846649877843 ], [ 1642217.100586759159341, 110439.586923760405625 ], [ 1642885.242474456550553, 110607.803443259443156 ], [ 1643401.057759625138715, 110633.621380262367893 ], [ 1643613.568797370418906, 110700.110440314616426 ], [ 1643815.896704439306632, 110483.256306273571681 ], [ 1644366.796044097281992, 109690.659497522050515 ], [ 1643623.874518002616242, 108957.186392358999001 ], [ 1643849.001533292932436, 108584.858378663673648 ], [ 1643109.786762871779501, 108071.528790359938284 ], [ 1643138.0456522712484, 107376.249799473793246 ], [ 1642318.567304987227544, 106543.258314028935274 ], [ 1641818.681244770297781, 107010.758808463753667 ], [ 1640130.01135825086385, 107834.615647665501456 ], [ 1639527.122501391684636, 108162.283224582570256 ], [ 1639099.361057507339865, 108512.475194446640671 ] ] ] ] } },
{ "type": "Feature", "properties": { "GEOID": "15003000905", "NAME": "Census Tract 9.05; Honolulu County; Hawaii", "variable": "median_income", "median_income": 178214.0, "income_moe": 40110.0, "tract_area_m2": 9073393.8859253414, "solar_area_m2": 111186.92290739711, "solar_polygon_count": 368, "solar_fraction": 0.012254171295249331, "solar_percent": 1.2254171295249332, "residential_solar_m2": 102894.16251571057, "residential_polygon_count": 367, "residential_solar_percent": 1.1340206741748542 }, "geometry": { "type": "MultiPolygon", "coordinates": [ [ [ [ 1709188.829822245053947, 43622.167932720352837 ], [ 1709754.316741926129907, 44681.420165307419666 ], [ 1710616.125000240514055, 46138.103537445233087 ], [ 1710787.887632828671485, 46778.384458244094276 ], [ 1711948.794547354336828, 47777.781402391301526 ], [ 1713022.047528928145766, 48112.690616391810181 ], [ 1713651.037078080466017, 47947.536841914465185 ], [ 1713826.890587982488796, 47805.743918656502501 ], [ 1713794.33445457671769, 46966.941780953129637 ], [ 1713717.98431385285221, 46785.936163746962848 ], [ 1713613.126836371142417, 46539.142532661178848 ], [ 1713507.668172399513423, 44982.085470476056798 ], [ 1712017.286141499644145, 45685.520433907258848 ], [ 1711634.184162141056731, 44995.915635193618073 ], [ 1711102.691983308643103, 45299.25839544183691 ], [ 1710120.099651653086767, 43520.930020884254191 ], [ 1709714.808879234828055, 43638.100433489955321 ], [ 1709152.928689932683483, 43476.093472667897004 ], [ 1709188.829822245053947, 43622.167932720352837 ] ] ] ] } },
{ "type": "Feature", "properties": { "GEOID": "15003003504", "NAME": "Census Tract 35.04; Honolulu County; Hawaii", "variable": "median_income", "median_income": 90746.0, "income_moe": 18211.0, "tract_area_m2": 2498054.5120486459, "solar_area_m2": 37356.103018051108, "solar_polygon_count": 25, "solar_fraction": 0.014954078398959956, "solar_percent": 1.4954078398959956, "residential_solar_m2": 29502.933667199079, "residential_polygon_count": 24, "residential_solar_percent": 1.1810364235408068 }, "geometry": { "type": "MultiPolygon", "coordinates": [ [ [ [ 1695061.858830448007211, 48544.388483122980688 ], [ 1695432.483236414846033, 49300.337048757333832 ], [ 1696332.027721281396225, 49141.434202817894402 ], [ 1696957.08321408322081, 48770.842264866980258 ], [ 1696471.429914138279855, 47998.779754290568235 ], [ 1696230.379851568955928, 47372.277478634627187 ], [ 1695937.494736154796556, 47485.309346923779231 ], [ 1695557.094800765858963, 47624.043959254362562 ], [ 1694803.783963074209169, 47907.704155138068018 ], [ 1695061.858830448007211, 48544.388483122980688 ] ] ] ] } },
{ "type": "Feature", "properties": { "GEOID": "15003006703", "NAME": "Census Tract 67.03; Honolulu County; Hawaii", "variable": "median_income", "median_income": 159500.0, "income_moe": 41507.0, "tract_area_m2": 20271686.194518704, "solar_area_m2": 103397.07472861586, "solar_polygon_count": 303, "solar_fraction": 0.005100566067196402, "solar_percent": 0.51005660671964015, "residential_solar_m2": 103397.07472861586, "residential_polygon_count": 303, "residential_solar_percent": 0.51005660671964015 }, "geometry": { "type": "MultiPolygon", "coordinates": [ [ [ [ 1674595.923733038827777, 70230.86916899116477 ], [ 1674941.36795137799345, 71196.2635519936739 ], [ 1675849.336235466878861, 71541.224274595981115 ], [ 1676568.392030665418133, 72464.014111184995272 ], [ 1677446.982605389552191, 72928.857184856315143 ], [ 1677658.620829632971436, 72449.504965371874277 ], [ 1678315.991664491826668, 72968.33412748943374 ], [ 1678941.992375874193385, 73088.655982335971203 ], [ 1679238.877000326290727, 72848.394438401635853 ], [ 1680532.278393689077348, 72779.603116297992528 ], [ 1681017.99884730973281, 71222.323709086835152 ], [ 1678950.757349190302193, 69894.182003469904885 ], [ 1678542.189296641619876, 69734.783075830113376 ], [ 1678766.342636890942231, 69392.028989640748478 ], [ 1678044.50755293853581, 68544.765953816357069 ], [ 1677491.540078623918816, 68532.392736744819558 ], [ 1676439.215061486233026, 68739.093787055680878 ], [ 1676397.803141139214858, 67065.544255649729166 ], [ 1675857.040926953777671, 67098.603226510123932 ], [ 1675724.084874383406714, 67459.955305970303016 ], [ 1675615.437876097625121, 68116.651064091885928 ], [ 1674710.804879484931007, 69378.016500783269294 ], [ 1674595.923733038827777, 70230.86916899116477 ] ] ] ] } },
{ "type": "Feature", "properties": { "GEOID": "15003009301", "NAME": "Census Tract 93.01; Honolulu County; Hawaii", "variable": "median_income", "median_income": 49000.0, "income_moe": 17848.0, "tract_area_m2": 4413137.6419359008, "solar_area_m2": 32614.059733389477, "solar_polygon_count": 28, "solar_fraction": 0.0073902203782347346, "solar_percent": 0.73902203782347342, "residential_solar_m2": 32614.059733389477, "residential_polygon_count": 28, "residential_solar_percent": 0.73902203782347342 }, "geometry": { "type": "MultiPolygon", "coordinates": [ [ [ [ 1630270.807768640806898, 120169.752569135627709 ], [ 1630418.222079780884087, 121287.481841992368572 ], [ 1630378.822796594817191, 121476.022293353060377 ], [ 1630548.796877244254574, 121458.190617171610938 ], [ 1630807.277084153611213, 122091.309146531959414 ], [ 1632634.331117074470967, 123171.715261154487962 ], [ 1632754.587916667573154, 122593.747544970436138 ], [ 1632045.74382015876472, 122255.29411923076259 ], [ 1632461.69584848661907, 121276.602077067975188 ], [ 1631851.09148482279852, 121007.883068155293586 ], [ 1632112.423305675387383, 120395.381872682351968 ], [ 1631338.274174784310162, 120065.303355968833785 ], [ 1630288.378635150147602, 119607.056517270277254 ], [ 1630270.807768640806898, 120169.752569135627709 ] ] ] ] } },
{ "type": "Feature", "properties": { "GEOID": "15003001907", "NAME": "Census Tract 19.07; Honolulu County; Hawaii", "variable": "median_income", "median_income": 85870.0, "income_moe": 12862.0, "tract_area_m2": 697751.17885766109, "solar_area_m2": 303.62815055256874, "solar_polygon_count": 2, "solar_fraction": 0.00043515247233212899, "solar_percent": 0.0435152472332129, "residential_solar_m2": 303.62815055256874, "residential_polygon_count": 2, "residential_solar_percent": 0.0435152472332129 }, "geometry": { "type": "MultiPolygon", "coordinates": [ [ [ [ 1695317.152961435960606, 43236.047828582304646 ], [ 1695642.707988099893555, 43488.843107218468504 ], [ 1695806.636428953381255, 43653.566012336137646 ], [ 1695977.016268852399662, 43833.916039044830541 ], [ 1696341.158745090709999, 43641.042541697308479 ], [ 1696607.562384928110987, 43478.219308707411983 ], [ 1696397.729482015362009, 43260.774246309578302 ], [ 1696366.641844637226313, 43035.887507090832514 ], [ 1695895.951896366197616, 42880.653208048897795 ], [ 1695556.4375824786257, 42957.676891953946324 ], [ 1695317.152961435960606, 43236.047828582304646 ] ] ] ] } },
{ "type": "Feature", "properties": { "GEOID": "15003007701", "NAME": "Census Tract 77.01; Honolulu County; Hawaii", "variable": "median_income", "median_income": 127308.0, "income_moe": 26737.0, "tract_area_m2": 26425213.546083245, "solar_area_m2": 147535.48419630792, "solar_polygon_count": 423, "solar_fraction": 0.0055831330913946649, "solar_percent": 0.55831330913946653, "residential_solar_m2": 147535.48419630792, "residential_polygon_count": 423, "residential_solar_percent": 0.55831330913946653 }, "geometry": { "type": "MultiPolygon", "coordinates": [ [ [ [ 1656969.130625792080536, 75253.617031118730665 ], [ 1659168.908747792942449, 77013.232439217856154 ], [ 1660228.8138248748146, 77764.466777332054335 ], [ 1660775.227038828888908, 77770.484135693914141 ], [ 1661003.183220618637279, 77771.661183261545375 ], [ 1661884.178868418559432, 78294.371312676230446 ], [ 1662173.493268242105842, 78003.156055949337315 ], [ 1662702.254046448972076, 77907.837205205272767 ], [ 1663021.736878665396944, 77898.16337200300768 ], [ 1663811.468703665304929, 78559.267825659568189 ], [ 1665276.488279481418431, 79303.516568147868384 ], [ 1667103.717167702736333, 80215.447074712152244 ], [ 1665909.037386557087302, 79151.60963746291236 ], [ 1666213.530713279964402, 78463.383156981799402 ], [ 1667818.642333810450509, 78641.451248500379734 ], [ 1667403.671965202549472, 78426.918386732737417 ], [ 1666742.301612777169794, 78353.210693529588752 ], [ 1666400.236107813427225, 77929.122210443150834 ], [ 1666078.433388700941578, 77809.091938436540659 ], [ 1665632.261053087888286, 77354.80827913293615 ], [ 1665166.237136131851003, 77138.452606910592294 ], [ 1664875.580157646676525, 77343.559116004762473 ], [ 1664998.476175185758621, 77189.957730040507158 ], [ 1665753.307801346760243, 76800.171963452317868 ], [ 1665288.333532163174823, 76512.254152988825808 ], [ 1665252.960191727150232, 76486.809725688945036 ], [ 1665203.301193400053307, 76451.550761122387485 ], [ 1664488.666354488581419, 75975.721014418057166 ], [ 1664128.919262462761253, 76218.942440986167639 ], [ 1663875.888873907970265, 75966.00405557618069 ], [ 1663477.295896023279056, 75561.162582717195619 ], [ 1663333.828502906020731, 75287.568545895206626 ], [ 1663330.607997642597184, 75656.999345069416449 ], [ 1663166.090291580418125, 76076.127531840582378 ], [ 1662813.789473982760683, 76428.701287844756735 ], [ 1662694.066550412448123, 76326.939350544620538 ], [ 1662642.121084303129464, 76058.107644667601562 ], [ 1661371.48279264755547, 74741.152219153605984 ], [ 1660296.026485674548894, 73600.479301471728832 ], [ 1659482.026668524602428, 72918.350651683998876 ], [ 1658925.938480237498879, 73195.320066881773528 ], [ 1658548.486088228877634, 73493.061129666981287 ], [ 1656367.330533952452242, 74912.699467450074735 ], [ 1656969.130625792080536, 75253.617031118730665 ] ] ] ] } },
{ "type": "Feature", "properties": { "GEOID": "15003008629", "NAME": "Census Tract 86.29; Honolulu County; Hawaii", "variable": "median_income", "median_income": 111467.0, "income_moe": 40236.0, "tract_area_m2": 2816978.2873965199, "solar_area_m2": 11779.93041937224, "solar_polygon_count": 114, "solar_fraction": 0.0041817611701435485, "solar_percent": 0.41817611701435486, "residential_solar_m2": 11779.93041937224, "residential_polygon_count": 114, "residential_solar_percent": 0.41817611701435486 }, "geometry": { "type": "MultiPolygon", "coordinates": [ [ [ [ 1618633.179579581832513, 62651.234382258640835 ], [ 1620277.052914119325578, 61958.226954610770917 ], [ 1621218.743900017347187, 60969.10103990155767 ], [ 1620152.530167880933732, 60262.599324297836574 ], [ 1619833.130189386662096, 60741.854341435435344 ], [ 1619235.771613287739456, 61455.520014102228743 ], [ 1618517.752496627159417, 61683.206299616598699 ], [ 1618633.179579581832513, 62651.234382258640835 ] ] ] ] } },
{ "type": "Feature", "properties": { "GEOID": "15003006402", "NAME": "Census Tract 64.02; Honolulu County; Hawaii", "variable": "median_income", "median_income": 162147.0, "income_moe": 25946.0, "tract_area_m2": 27253440.249535047, "solar_area_m2": 85192.653302574225, "solar_polygon_count": 259, "solar_fraction": 0.0031259412581509829, "solar_percent": 0.31259412581509827, "residential_solar_m2": 85192.653302574225, "residential_polygon_count": 259, "residential_solar_percent": 0.31259412581509827 }, "geometry": { "type": "MultiPolygon", "coordinates": [ [ [ [ 1685471.556260888231918, 64319.289390814279614 ], [ 1686007.805761712836102, 64830.84461114435544 ], [ 1686584.000696314265952, 65181.153937089446117 ], [ 1687699.5298860326875, 65977.658614270781982 ], [ 1687958.513991570333019, 66734.914535923919175 ], [ 1688175.732974592130631, 66617.775919821186108 ], [ 1689078.910385723225772, 66236.442981642176164 ], [ 1689299.883700211998075, 66485.11173571186373 ], [ 1689912.132844139356166, 66812.605066325369989 ], [ 1690762.244524982990697, 67503.585379455515067 ], [ 1691238.04373989906162, 68157.897223414111068 ], [ 1691544.379251180449501, 68085.537466386609594 ], [ 1691952.21056699892506, 68630.450660331480321 ], [ 1692734.351423009298742, 69176.094850949331885 ], [ 1693448.707082025008276, 69431.077723869879264 ], [ 1693993.167422818252817, 69431.619835928999237 ], [ 1699163.947965442435816, 70889.711398102546809 ], [ 1700048.146441159537062, 71362.924256407772191 ], [ 1700456.436555590247735, 71399.70650212331384 ], [ 1701613.705609087366611, 71110.410970642828033 ], [ 1701307.538614648394287, 71037.410215401745518 ], [ 1699573.285626152064651, 69982.381407090477296 ], [ 1698850.753412961494178, 69769.082164126753923 ], [ 1697886.318703354569152, 69194.454630216161604 ], [ 1696817.092801489401609, 68259.019808835480944 ], [ 1695852.306142840534449, 67648.466767960591824 ], [ 1695129.80879560764879, 67689.134990994309192 ], [ 1693546.622490593930706, 67118.680382891659974 ], [ 1692444.364136505872011, 66436.49162575470109 ], [ 1691928.254802458919585, 66294.685873363399878 ], [ 1690757.522209800081328, 65648.792144458479015 ], [ 1689861.056957056047395, 65002.087020672486688 ], [ 1689207.33929375722073, 64969.884311114961747 ], [ 1687408.093478337861598, 64187.637934946040332 ], [ 1686248.254066573223099, 63421.615662240954407 ], [ 1685860.422017033910379, 63658.491577506145404 ], [ 1685520.011710620252416, 62952.034099663716916 ], [ 1685398.190856043947861, 62931.952616027228942 ], [ 1685471.556260888231918, 64319.289390814279614 ] ] ] ] } },
{ "type": "Feature", "properties": { "GEOID": "15003008002", "NAME": "Census Tract 80.02; Honolulu County; Hawaii", "variable": "median_income", "median_income": 115859.0, "income_moe": 32447.0, "tract_area_m2": 13396516.251427563, "solar_area_m2": 183989.70387376015, "solar_polygon_count": 333, "solar_fraction": 0.013734145536094415, "solar_percent": 1.3734145536094415, "residential_solar_m2": 136846.68170962052, "residential_polygon_count": 328, "residential_solar_percent": 1.0215094666498674 }, "geometry": { "type": "MultiPolygon", "coordinates": [ [ [ [ 1650852.25155024882406, 83304.393344613083173 ], [ 1651168.814687793841586, 84107.255401958886068 ], [ 1651737.322314687538892, 85501.919287984419498 ], [ 1652386.804108534008265, 85190.748950108638383 ], [ 1652675.414048057515174, 84616.140633823990356 ], [ 1652965.104435000335798, 83813.045170040728408 ], [ 1653293.268552351510152, 82916.966802606213605 ], [ 1653357.613937396323308, 82721.186546116819954 ], [ 1654318.541031102417037, 81966.942136364232283 ], [ 1655177.821485191816464, 82265.04369176599721 ], [ 1656391.014863695017993, 82191.288055660916143 ], [ 1657995.290348749607801, 81564.446046726981876 ], [ 1658095.323851138586178, 81528.516557453840505 ], [ 1658088.570824633585289, 81373.766661743458826 ], [ 1657696.158687237882987, 80782.618603691153112 ], [ 1656730.347341116284952, 80593.42129286454292 ], [ 1656364.419926170259714, 80108.362412683782168 ], [ 1656656.090834204806015, 79768.078211807835032 ], [ 1652244.650531837018207, 81917.039872142820968 ], [ 1650540.095264499075711, 82534.590650924219517 ], [ 1650852.25155024882406, 83304.393344613083173 ] ] ] ] } },
{ "type": "Feature", "properties": { "GEOID": "15003004600", "NAME": "Census Tract 46; Honolulu County; Hawaii", "variable": "median_income", "median_income": 165284.0, "income_moe": 22882.0, "tract_area_m2": 74151217.429630727, "solar_area_m2": 185472.07385626939, "solar_polygon_count": 478, "solar_fraction": 0.002501268088177808, "solar_percent": 0.25012680881778082, "residential_solar_m2": 162320.29638392612, "residential_polygon_count": 476, "residential_solar_percent": 0.21890442532244 }, "geometry": { "type": "MultiPolygon", "coordinates": [ [ [ [ 1690805.695154322776943, 61105.227159957503318 ], [ 1691545.964942408725619, 62145.56736421923415 ], [ 1691680.750377984484658, 62131.89239229937084 ], [ 1692706.045747909927741, 62964.739989446468826 ], [ 1692671.516910076374188, 63473.265281933243386 ], [ 1693112.796762533951551, 64636.11836776646669 ], [ 1693487.091205860488117, 65036.070162907963095 ], [ 1694405.346865736413747, 65291.267462766460085 ], [ 1696139.588553164619952, 66600.405082259327173 ], [ 1697159.65313734090887, 67727.57317814687849 ], [ 1698009.813829305814579, 68273.36670348046755 ], [ 1699131.553295171353966, 69400.683035478927195 ], [ 1699573.285626152064651, 69982.381407090477296 ], [ 1701307.538614648394287, 71037.410215401745518 ], [ 1701613.705609087366611, 71110.410970642828033 ], [ 1704741.856658507371321, 73111.998871580493869 ], [ 1705183.54179861722514, 73657.055903468979523 ], [ 1705977.95071134576574, 73185.424302939441986 ], [ 1709350.325118650216609, 72915.402506446145708 ], [ 1710440.927775133633986, 72619.309822923882166 ], [ 1709780.936580935260281, 72256.281503081569099 ], [ 1708868.565279250964522, 72072.024431600410026 ], [ 1708270.372450457885861, 71799.182118795317365 ], [ 1707006.465560037642717, 70809.532280693005305 ], [ 1706095.231494438834488, 70502.906353684360511 ], [ 1705974.66652920586057, 70033.065959003695752 ], [ 1706250.167293298058212, 69308.704463483940344 ], [ 1705752.389442237326875, 68697.094978426655871 ], [ 1704528.795427269535139, 68044.294781077085645 ], [ 1703862.402937871403992, 67545.838154170647613 ], [ 1702695.157391915330663, 66973.063960902523831 ], [ 1702099.964591783005744, 66382.808451909339055 ], [ 1701767.552965832641348, 65728.200347759819124 ], [ 1701371.003453816752881, 65504.707710185888573 ], [ 1700611.594939158298075, 65655.327142433452536 ], [ 1700471.44323199451901, 65907.996790125995176 ], [ 1699441.961576156783849, 64710.283779898301873 ], [ 1698979.338825205340981, 64517.976403394517547 ], [ 1697899.525927087757736, 63864.034416742506437 ], [ 1697408.402367625851184, 63898.382391205515887 ], [ 1695903.831488281255588, 62256.336426303161716 ], [ 1694914.594043518416584, 61476.136388187485863 ], [ 1693310.336888417834416, 59306.253426550385484 ], [ 1692876.01780984015204, 58640.705102670523047 ], [ 1692755.663262048969045, 58505.819556721864501 ], [ 1692045.08796437853016, 59471.754529447389359 ], [ 1691922.066332099260762, 59632.921834246895742 ], [ 1691520.302440847968683, 60147.99754947713518 ], [ 1691099.13191340258345, 60678.677962981018936 ], [ 1690805.695154322776943, 61105.227159957503318 ] ] ] ] } },
{ "type": "Feature", "properties": { "GEOID": "15003981300", "NAME": "Census Tract 9813; Honolulu County; Hawaii", "variable": "median_income", "median_income": 51000.0, "income_moe": 31080.0, "tract_area_m2": 20525879.376679271, "solar_area_m2": 343062.03104608774, "solar_polygon_count": 130, "solar_fraction": 0.01671363378642193, "solar_percent": 1.6713633786421929, "residential_solar_m2": 178276.76231236279, "residential_polygon_count": 118, "residential_solar_percent": 0.86854628267432044 }, "geometry": { "type": "MultiPolygon", "coordinates": [ [ [ [ 1674054.40743227978237, 63390.414292914902035 ], [ 1674766.855456324294209, 64754.165204737408203 ], [ 1675537.536452820524573, 66000.996087553125108 ], [ 1675844.999560673255473, 66267.465264142156229 ], [ 1677089.750455755973235, 64415.697507362943725 ], [ 1677774.732440659543499, 64043.106984452155302 ], [ 1678426.55022305669263, 63899.352870208480454 ], [ 1678787.397768148919567, 63751.764942757341487 ], [ 1679126.923936143051833, 63442.151920960495772 ], [ 1679966.440888781333342, 62148.121343438404438 ], [ 1679810.308726429240778, 62037.939864109663176 ], [ 1678618.365819472586736, 61212.123453212858294 ], [ 1678052.814524771645665, 60594.915489210834494 ], [ 1677892.086614793632179, 60230.820923643412243 ], [ 1677881.892241468420252, 60207.928706289210822 ], [ 1675567.798033012310043, 60852.955875733525318 ], [ 1673957.093978175427765, 61183.939190862700343 ], [ 1674054.40743227978237, 63390.414292914902035 ] ] ] ] } },
{ "type": "Feature", "properties": { "GEOID": "15003000500", "NAME": "Census Tract 5; Honolulu County; Hawaii", "variable": "median_income", "median_income": 184239.0, "income_moe": 48512.0, "tract_area_m2": 30613670.528378949, "solar_area_m2": 348777.13267601503, "solar_polygon_count": 862, "solar_fraction": 0.011392855762026241, "solar_percent": 1.1392855762026242, "residential_solar_m2": 332574.88504565554, "residential_polygon_count": 860, "residential_solar_percent": 1.0863606986864178 }, "geometry": { "type": "MultiPolygon", "coordinates": [ [ [ [ 1711007.620906977448612, 33956.505798761390906 ], [ 1711916.357459638733417, 35565.831922189710895 ], [ 1711983.73357846820727, 37134.090606123972975 ], [ 1712173.879933052696288, 37276.376473524702305 ], [ 1712126.632301246514544, 37726.385790881824505 ], [ 1712358.806408571777865, 39028.963740973493259 ], [ 1712648.659260612679645, 40726.478916174157348 ], [ 1713773.402875221800059, 40604.495371207311109 ], [ 1714434.023376676952466, 40528.754142207144469 ], [ 1715024.484762392006814, 40469.996582003739604 ], [ 1715884.333517395658419, 40360.404039535249467 ], [ 1717985.109263196587563, 40089.136617115342233 ], [ 1720035.652609331766143, 39725.973056531925977 ], [ 1722234.696258787298575, 40019.515929724009766 ], [ 1722297.821832998888567, 39705.759255315337214 ], [ 1720631.85040270187892, 39484.204723054572241 ], [ 1716871.984775665448979, 37771.428023895234219 ], [ 1716417.72297286032699, 37203.443107910097751 ], [ 1715823.702028561849147, 36460.735002799745416 ], [ 1715345.841345748631284, 35863.282738059118856 ], [ 1714042.378731301054358, 35096.582322527370707 ], [ 1711993.155615847092122, 33891.332322019450658 ], [ 1711512.713820139644668, 32326.523851736801589 ], [ 1711361.652643433772027, 32328.497772195845755 ], [ 1711290.63644043286331, 33144.278688662307104 ], [ 1711007.620906977448612, 33956.505798761390906 ] ] ] ] } },
{ "type": "Feature", "properties": { "GEOID": "15003008917", "NAME": "Census Tract 89.17; Honolulu County; Hawaii", "variable": "median_income", "median_income": 137448.0, "income_moe": 37671.0, "tract_area_m2": 21087936.850728057, "solar_area_m2": 261843.51376147254, "solar_polygon_count": 843, "solar_fraction": 0.012416744018864626, "solar_percent": 1.2416744018864625, "residential_solar_m2": 240121.62923378119, "residential_polygon_count": 842, "residential_solar_percent": 1.1386681918363724 }, "geometry": { "type": "MultiPolygon", "coordinates": [ [ [ [ 1635113.942980498541147, 103315.195955004252028 ], [ 1636599.716698356904089, 103377.18623876782658 ], [ 1637553.98375624185428, 103927.101947383533115 ], [ 1637748.176553362514824, 104218.789626695433981 ], [ 1637818.601777409669012, 104870.111381998853176 ], [ 1637917.971634772140533, 106406.697112851034035 ], [ 1638135.319126116344705, 107687.543281168444082 ], [ 1639099.361057507339865, 108512.475194446640671 ], [ 1639527.122501391684636, 108162.283224582570256 ], [ 1640130.01135825086385, 107834.615647665501456 ], [ 1641818.681244770297781, 107010.758808463753667 ], [ 1642318.567304987227544, 106543.258314028935274 ], [ 1642856.891510600456968, 106002.385766319319373 ], [ 1642420.272726768394932, 105734.644792271748884 ], [ 1642672.950767548754811, 105335.06873313964752 ], [ 1641589.175994517747313, 105802.549664690508507 ], [ 1641144.063873583218083, 104356.766557889844989 ], [ 1640635.328885200200602, 104125.365425604642951 ], [ 1640508.825954865664244, 103272.430747349877493 ], [ 1640279.618133639916778, 103298.585555113459122 ], [ 1639349.862626446411014, 103213.229988444771152 ], [ 1639746.03869093162939, 102645.085146104029263 ], [ 1638690.092377641005442, 102235.715128723459202 ], [ 1637513.738368560094386, 101770.430515688334708 ], [ 1636885.627717562252656, 102046.545819249760825 ], [ 1636418.107906155288219, 103227.899745107497438 ], [ 1635824.996625223662704, 102916.270596124973963 ], [ 1635136.715375900967047, 103190.595552036131267 ], [ 1635113.942980498541147, 103315.195955004252028 ] ] ] ] } },
{ "type": "Feature", "properties": { "GEOID": "15003005300", "NAME": "Census Tract 53; Honolulu County; Hawaii", "variable": "median_income", "median_income": 54392.0, "income_moe": 23058.0, "tract_area_m2": 3744654.1705302121, "solar_area_m2": 94033.246037764693, "solar_polygon_count": 45, "solar_fraction": 0.02511132984663584, "solar_percent": 2.5111329846635839, "residential_solar_m2": 60104.018989568161, "residential_polygon_count": 42, "residential_solar_percent": 1.605061943038065 }, "geometry": { "type": "MultiPolygon", "coordinates": [ [ [ [ 1686495.099335708888248, 54978.676477934815921 ], [ 1687320.254590887576342, 55671.029530147541664 ], [ 1688012.409755201544613, 56243.766367809555959 ], [ 1688077.032196165528148, 56297.948801904014545 ], [ 1688960.668600962031633, 55133.418157151107152 ], [ 1688896.728688600240275, 55076.692512609850382 ], [ 1688201.171029619639739, 54495.949876832302834 ], [ 1688053.404673967277631, 54157.991191765213443 ], [ 1687355.026918404735625, 53664.075287978805136 ], [ 1686745.908483374165371, 53460.486340624454897 ], [ 1686632.231433332199231, 53445.494853820258868 ], [ 1686628.006560344481841, 54398.67238982651179 ], [ 1686495.099335708888248, 54978.676477934815921 ] ] ] ] } },
{ "type": "Feature", "properties": { "GEOID": "15003003409", "NAME": "Census Tract 34.09; Honolulu County; Hawaii", "variable": "median_income", "median_income": 79534.0, "income_moe": 10923.0, "tract_area_m2": 864106.8548393806, "solar_area_m2": 6978.5411955639811, "solar_polygon_count": 7, "solar_fraction": 0.0080760164746767876, "solar_percent": 0.80760164746767871, "residential_solar_m2": 6978.5411955639811, "residential_polygon_count": 7, "residential_solar_percent": 0.80760164746767871 }, "geometry": { "type": "MultiPolygon", "coordinates": [ [ [ [ 1694137.0597220195923, 49781.427671224715596 ], [ 1694592.712421619566157, 50277.365302651756792 ], [ 1695049.051923434017226, 50759.140698666480603 ], [ 1695329.705414846073836, 50604.317171761911595 ], [ 1695620.236109318910167, 50445.872713790507987 ], [ 1694698.027981817256659, 49476.494575961587543 ], [ 1694100.369276559678838, 49707.286972833462642 ], [ 1694137.0597220195923, 49781.427671224715596 ] ] ] ] } },
{ "type": "Feature", "properties": { "GEOID": "15003008633", "NAME": "Census Tract 86.33; Honolulu County; Hawaii", "variable": "median_income", "median_income": 120795.0, "income_moe": 17195.0, "tract_area_m2": 13016791.347596452, "solar_area_m2": 75456.965950156169, "solar_polygon_count": 281, "solar_fraction": 0.0057968944830700756, "solar_percent": 0.57968944830700753, "residential_solar_m2": 75456.965950156169, "residential_polygon_count": 281, "residential_solar_percent": 0.57968944830700753 }, "geometry": { "type": "MultiPolygon", "coordinates": [ [ [ [ 1610452.58323527732864, 67369.154139671853045 ], [ 1610718.244933394482359, 67779.485478388902266 ], [ 1610921.123435572721064, 69125.963863838580437 ], [ 1611669.547519720857963, 69999.188053898367798 ], [ 1612368.766342247370631, 69877.8527846828365 ], [ 1612050.586281439289451, 69208.539188012044178 ], [ 1612213.837038823403418, 69042.081606008083327 ], [ 1612365.331472809892148, 68517.823403273476288 ], [ 1613448.315409485949203, 68859.817471548958565 ], [ 1613751.616862680763006, 67699.062487871284247 ], [ 1614293.065337848151103, 66374.364649382128846 ], [ 1614246.638218005187809, 65380.156333632898168 ], [ 1614735.898434225469828, 64441.993523638251645 ], [ 1613983.087379061151296, 63699.138847709662514 ], [ 1613260.010048798518255, 64587.29706989677652 ], [ 1612628.985135708935559, 65753.30822429296677 ], [ 1610740.189160874811932, 66235.272158847132232 ], [ 1610345.757236001780257, 66813.432344642860699 ], [ 1610452.58323527732864, 67369.154139671853045 ] ] ] ] } },
{ "type": "Feature", "properties": { "GEOID": "15003009704", "NAME": "Census Tract 97.04; Honolulu County; Hawaii", "variable": "median_income", "median_income": 93500.0, "income_moe": 23166.0, "tract_area_m2": 61463046.298167624, "solar_area_m2": 537492.15257037093, "solar_polygon_count": 251, "solar_fraction": 0.0087449644126473269, "solar_percent": 0.87449644126473269, "residential_solar_m2": 90541.462550020035, "residential_polygon_count": 238, "residential_solar_percent": 0.14731040519987915 }, "geometry": { "type": "MultiPolygon", "coordinates": [ [ [ [ 1578502.968213757965714, 100427.74006889971497 ], [ 1580498.842037824913859, 100925.306600088952109 ], [ 1581475.114488588180393, 100817.055930679372977 ], [ 1582488.481601202627644, 101041.166848716457025 ], [ 1583489.166947850259021, 102772.8448431493307 ], [ 1583966.250445893965662, 103374.26137757395918 ], [ 1584326.013648896478117, 103665.943592312454712 ], [ 1585392.195324913132936, 104713.567541156779043 ], [ 1586885.17926261597313, 105495.60126801073784 ], [ 1587310.605232798494399, 105849.718636914229137 ], [ 1587671.34367758827284, 106818.178790754813235 ], [ 1588737.728061026893556, 107857.15133720250742 ], [ 1590173.024856290547177, 109271.771793300154968 ], [ 1590467.98069363203831, 108340.454402029456105 ], [ 1590703.699453761568293, 107688.179161329462659 ], [ 1590308.6016830150038, 107723.785880993629689 ], [ 1590051.847449940862134, 107701.505900771720917 ], [ 1590057.888122009113431, 107257.231256006154581 ], [ 1589936.864068605937064, 106932.953277829365106 ], [ 1589562.091660878388211, 106536.628265670864494 ], [ 1588770.808396374573931, 106203.189153419749346 ], [ 1588568.201145824743435, 105920.405306016327813 ], [ 1588473.315754586597905, 105212.864467005289043 ], [ 1589782.103391523472965, 105461.891310361694195 ], [ 1590316.78455204074271, 102685.343793949010433 ], [ 1590892.27617513621226, 100212.815819250230561 ], [ 1589424.468696796568111, 99887.628385979769519 ], [ 1588143.440682395827025, 99302.203112147573847 ], [ 1587013.716069443151355, 99042.864882577807293 ], [ 1586908.166645306162536, 99602.392315580524155 ], [ 1584833.136774187441915, 99176.230965161536005 ], [ 1583837.700583747122437, 98245.877272378114867 ], [ 1583830.378737165592611, 98076.605508905064198 ], [ 1584730.290696966229007, 97743.274482362452545 ], [ 1584757.11064257635735, 97370.904282732968568 ], [ 1583929.027138038771227, 96809.084286670578877 ], [ 1582642.993627056013793, 96751.250518045344506 ], [ 1581236.758186961058527, 95649.206457342734211 ], [ 1581159.619719926035032, 95711.409673466565437 ], [ 1581007.098953866632655, 95885.217945580297965 ], [ 1580129.709706051973626, 96593.471212853561155 ], [ 1581627.295835555065423, 99421.965008037659572 ], [ 1581096.105326668825001, 99153.740250548609765 ], [ 1580931.862780410330743, 99176.445448459431645 ], [ 1580842.104692748282105, 98897.197912363873911 ], [ 1580346.960701141273603, 98029.559644124441547 ], [ 1579690.602219602558762, 97772.02456672709377 ], [ 1579646.891460837097839, 97915.199199425755069 ], [ 1579897.510616384446621, 98479.421789910862572 ], [ 1579731.827280995901674, 99329.277877921340405 ], [ 1579120.822983159217983, 99461.477476198459044 ], [ 1579205.516963611589745, 99766.156337124935817 ], [ 1580420.878635745728388, 99642.718844888120657 ], [ 1580466.754174238769338, 99911.843769417188014 ], [ 1578502.968213757965714, 100427.74006889971497 ] ] ] ] } },
{ "type": "Feature", "properties": { "GEOID": "15003008912", "NAME": "Census Tract 89.12; Honolulu County; Hawaii", "variable": "median_income", "median_income": 164286.0, "income_moe": 47023.0, "tract_area_m2": 5256525.2338541215, "solar_area_m2": 101126.06911518394, "solar_polygon_count": 246, "solar_fraction": 0.019238197215128289, "solar_percent": 1.923819721512829, "residential_solar_m2": 101126.06911518394, "residential_polygon_count": 246, "residential_solar_percent": 1.923819721512829 }, "geometry": { "type": "MultiPolygon", "coordinates": [ [ [ [ 1639005.550065987743437, 84292.906454659081646 ], [ 1640178.532996883383021, 84457.444051401893375 ], [ 1642552.745584525400773, 83968.178233018654282 ], [ 1642361.906681220745668, 83693.548229081003228 ], [ 1642011.854284663451836, 83386.94728073530132 ], [ 1641566.541793294716626, 83086.885157043099753 ], [ 1641117.482196947792545, 82778.108547378622461 ], [ 1640830.693688567262143, 82581.583291392162209 ], [ 1639697.469589889748022, 81981.485347579335212 ], [ 1639469.868635386694223, 81833.279905356292147 ], [ 1639355.902317869011313, 81997.837616193122813 ], [ 1639195.01134027983062, 83168.982939134075423 ], [ 1639074.604051978792995, 84093.839509846409783 ], [ 1639005.550065987743437, 84292.906454659081646 ] ] ] ] } },
{ "type": "Feature", "properties": { "GEOID": "15003005500", "NAME": "Census Tract 55; Honolulu County; Hawaii", "variable": "median_income", "median_income": 71034.0, "income_moe": 27203.0, "tract_area_m2": 2303116.7487988593, "solar_area_m2": 37211.331806400871, "solar_polygon_count": 52, "solar_fraction": 0.016156945506912594, "solar_percent": 1.6156945506912594, "residential_solar_m2": 25171.471549165068, "residential_polygon_count": 51, "residential_solar_percent": 1.0929307670700021 }, "geometry": { "type": "MultiPolygon", "coordinates": [ [ [ [ 1685677.405020491452888, 56310.763618442666484 ], [ 1686604.903108461527154, 57116.164929897844559 ], [ 1686810.685431854100898, 57276.901451886726136 ], [ 1687379.164685424184427, 57585.800162015424576 ], [ 1688077.032196165528148, 56297.948801904014545 ], [ 1688012.409755201544613, 56243.766367809555959 ], [ 1687320.254590887576342, 55671.029530147541664 ], [ 1686829.861409842967987, 56356.792182690543996 ], [ 1686018.552828195039183, 55797.409667854692088 ], [ 1685677.405020491452888, 56310.763618442666484 ] ] ] ] } },
{ "type": "Feature", "properties": { "GEOID": "15003003900", "NAME": "Census Tract 39; Honolulu County; Hawaii", "variable": "median_income", "median_income": 30341.0, "income_moe": 14801.0, "tract_area_m2": 14969763.986258844, "solar_area_m2": 153031.29371965956, "solar_polygon_count": 53, "solar_fraction": 0.010222692479329078, "solar_percent": 1.0222692479329079, "residential_solar_m2": 79511.552870261061, "residential_polygon_count": 48, "residential_solar_percent": 0.53114767168839061 }, "geometry": { "type": "MultiPolygon", "coordinates": [ [ [ [ 1684661.168366659199819, 47091.965122086519841 ], [ 1685874.79935056832619, 51916.27143863747915 ], [ 1686531.335921709192917, 52024.354971992986975 ], [ 1686578.957266047364101, 52064.353940178036282 ], [ 1686608.799477952998132, 51799.930135137372417 ], [ 1686597.620037591317669, 51341.85628697413631 ], [ 1686966.820420174160972, 50714.107861862277787 ], [ 1687054.428240173729137, 50572.151340560361859 ], [ 1687087.523852761136368, 50484.635737672615505 ], [ 1687216.566892265342176, 50452.055170995474327 ], [ 1687245.4505481463857, 50510.56435773895646 ], [ 1687847.60510879708454, 50926.293163830960111 ], [ 1688931.463936618063599, 51670.117960984971432 ], [ 1689516.955213182372972, 50923.435199352403288 ], [ 1690554.77103579393588, 50280.343808766680013 ], [ 1690093.925378321669996, 49838.197612861738889 ], [ 1689878.175486098509282, 49760.62515226767573 ], [ 1689612.369961972581223, 49698.627622177067678 ], [ 1689075.051716729532927, 49484.544210332904186 ], [ 1688655.453251467552036, 49337.047447647310037 ], [ 1688100.434683356201276, 49113.150093873366131 ], [ 1687755.154091618489474, 48838.224157118747826 ], [ 1687048.611832713475451, 48254.582552457293787 ], [ 1687298.910914670443162, 47762.954118733337964 ], [ 1686838.960906286723912, 47410.19788291601435 ], [ 1685692.648295148508623, 46102.27651138076908 ], [ 1684726.528096947120503, 46682.631634298333665 ], [ 1684685.252023420296609, 46834.964950136833068 ], [ 1684664.816905010258779, 46910.383048000156123 ], [ 1684661.168366659199819, 47091.965122086519841 ] ] ] ] } },
{ "type": "Feature", "properties": { "GEOID": "15003005100", "NAME": "Census Tract 51; Honolulu County; Hawaii", "variable": "median_income", "median_income": 72723.0, "income_moe": 20616.0, "tract_area_m2": 2056321.7344022254, "solar_area_m2": 12021.33565654059, "solar_polygon_count": 8, "solar_fraction": 0.0058460383195021786, "solar_percent": 0.58460383195021781, "residential_solar_m2": 12021.33565654059, "residential_polygon_count": 8, "residential_solar_percent": 0.58460383195021781 }, "geometry": { "type": "MultiPolygon", "coordinates": [ [ [ [ 1687355.026918404735625, 53664.075287978805136 ], [ 1688053.404673967277631, 54157.991191765213443 ], [ 1688201.171029619639739, 54495.949876832302834 ], [ 1688896.728688600240275, 55076.692512609850382 ], [ 1688960.668600962031633, 55133.418157151107152 ], [ 1689489.890555008081719, 54462.240711108031974 ], [ 1689422.221774953650311, 54388.438049061143829 ], [ 1688488.828127986984327, 53318.533818476433225 ], [ 1688282.765440484508872, 53078.964549753196479 ], [ 1688025.964327899506316, 52859.693340933386935 ], [ 1687675.322716095950454, 53288.024249964102637 ], [ 1687355.026918404735625, 53664.075287978805136 ] ] ] ] } },
{ "type": "Feature", "properties": { "GEOID": "15003006401", "NAME": "Census Tract 64.01; Honolulu County; Hawaii", "variable": "median_income", "median_income": 145526.0, "income_moe": 44260.0, "tract_area_m2": 2218651.0385421817, "solar_area_m2": 25513.618884576055, "solar_polygon_count": 82, "solar_fraction": 0.011499608744843621, "solar_percent": 1.1499608744843621, "residential_solar_m2": 25513.618884576055, "residential_polygon_count": 82, "residential_solar_percent": 1.1499608744843621 }, "geometry": { "type": "MultiPolygon", "coordinates": [ [ [ [ 1683576.902241605566815, 62743.741126357715984 ], [ 1684109.885412478819489, 62711.480027091209195 ], [ 1685016.185466710710898, 63937.489393211435527 ], [ 1685471.556260888231918, 64319.289390814279614 ], [ 1685398.190856043947861, 62931.952616027228942 ], [ 1685238.083172948332503, 62301.20604703349818 ], [ 1684776.477565168403089, 61616.811101123297703 ], [ 1683927.132343976991251, 62287.048404991757707 ], [ 1683576.902241605566815, 62743.741126357715984 ] ] ] ] } },
{ "type": "Feature", "properties": { "GEOID": "15003006202", "NAME": "Census Tract 62.02; Honolulu County; Hawaii", "variable": "median_income", "median_income": 40298.0, "income_moe": 18303.0, "tract_area_m2": 1600960.7992978408, "solar_area_m2": 27096.367203602676, "solar_polygon_count": 28, "solar_fraction": 0.016925066007541702, "solar_percent": 1.6925066007541703, "residential_solar_m2": 27096.367203602676, "residential_polygon_count": 28, "residential_solar_percent": 1.6925066007541703 }, "geometry": { "type": "MultiPolygon", "coordinates": [ [ [ [ 1681733.845819288399071, 62963.511178239219589 ], [ 1682971.492817480815575, 63553.317720889535849 ], [ 1683352.722178617026657, 63046.879747987302835 ], [ 1683399.744248672854155, 62976.082534104971273 ], [ 1683576.902241605566815, 62743.741126357715984 ], [ 1683272.420201119733974, 62176.454300425917609 ], [ 1682720.249767221976072, 61934.450455683509063 ], [ 1682653.514556721318513, 62403.724355095000647 ], [ 1682098.807677639648318, 62359.336065988027258 ], [ 1681909.267664093524218, 62766.398781946685631 ], [ 1681733.845819288399071, 62963.511178239219589 ] ] ] ] } },
{ "type": "Feature", "properties": { "GEOID": "15003007504", "NAME": "Census Tract 75.04; Honolulu County; Hawaii", "variable": "median_income", "median_income": 45368.0, "income_moe": 15514.0, "tract_area_m2": 11445041.542938497, "solar_area_m2": 101509.39180448561, "solar_polygon_count": 171, "solar_fraction": 0.008869289938673584, "solar_percent": 0.88692899386735835, "residential_solar_m2": 63407.87107061853, "residential_polygon_count": 169, "residential_solar_percent": 0.55402045359757301 }, "geometry": { "type": "MultiPolygon", "coordinates": [ [ [ [ 1662191.142854288453236, 73092.657849914452527 ], [ 1662624.998691345797852, 73864.756354620025377 ], [ 1662997.977964931633323, 74538.753571531065973 ], [ 1663278.450727710966021, 75093.565729297581129 ], [ 1663333.828502906020731, 75287.568545895206626 ], [ 1663477.295896023279056, 75561.162582717195619 ], [ 1663875.888873907970265, 75966.00405557618069 ], [ 1664128.919262462761253, 76218.942440986167639 ], [ 1664488.666354488581419, 75975.721014418057166 ], [ 1665203.301193400053307, 76451.550761122387485 ], [ 1665768.908218204043806, 75471.385439290039358 ], [ 1665812.027861760696396, 74948.316045522500644 ], [ 1665785.583143939962611, 74748.149003387909033 ], [ 1664777.79917052318342, 72405.765143604847253 ], [ 1664634.362771260552108, 72059.516634350118693 ], [ 1664475.964284195099026, 71687.107366713535157 ], [ 1664394.721510936040431, 71503.263179330329876 ], [ 1663347.209181910613552, 71852.983250854143989 ], [ 1662198.52462373720482, 71676.324068323025131 ], [ 1661961.724011796526611, 72449.237786577374209 ], [ 1662191.142854288453236, 73092.657849914452527 ] ] ] ] } },
{ "type": "Feature", "properties": { "GEOID": "15003008405", "NAME": "Census Tract 84.05; Honolulu County; Hawaii", "variable": "median_income", "median_income": 140975.0, "income_moe": 17806.0, "tract_area_m2": 11546638.575102579, "solar_area_m2": 209478.60149365367, "solar_polygon_count": 675, "solar_fraction": 0.018141955351866784, "solar_percent": 1.8141955351866783, "residential_solar_m2": 202506.81058964771, "residential_polygon_count": 674, "residential_solar_percent": 1.7538161368132081 }, "geometry": { "type": "MultiPolygon", "coordinates": [ [ [ [ 1631344.669379967032, 65673.127716281975154 ], [ 1632325.92068315949291, 66573.844101608337951 ], [ 1633147.093194427900016, 66699.412758695980301 ], [ 1633261.674894407624379, 65945.278916398194269 ], [ 1633496.376819310244173, 65085.059292308724253 ], [ 1634498.736206529662013, 63216.717525765066966 ], [ 1634905.033974380465224, 62715.018916015644209 ], [ 1634510.883095622295514, 62265.351174973955494 ], [ 1633843.741823810851201, 61529.474286525750358 ], [ 1633316.156944901449606, 61055.493944170957548 ], [ 1632574.499306210083887, 60665.098360729687556 ], [ 1632359.863103978103027, 61462.111395473984885 ], [ 1632198.299887317465618, 62094.562819188293361 ], [ 1632041.838959679706022, 62685.60298900242924 ], [ 1631844.575993563747033, 63486.611727389979933 ], [ 1631304.162602262804285, 65615.376978563450393 ], [ 1631344.669379967032, 65673.127716281975154 ] ] ] ] } },
{ "type": "Feature", "properties": { "GEOID": "15003008928", "NAME": "Census Tract 89.28; Honolulu County; Hawaii", "variable": "median_income", "median_income": 166150.0, "income_moe": 9875.0, "tract_area_m2": 13507587.824917592, "solar_area_m2": 146029.22429654005, "solar_polygon_count": 387, "solar_fraction": 0.01081090318932877, "solar_percent": 1.0810903189328769, "residential_solar_m2": 116638.13733076626, "residential_polygon_count": 385, "residential_solar_percent": 0.86350086220133726 }, "geometry": { "type": "MultiPolygon", "coordinates": [ [ [ [ 1641521.998926895670593, 114770.728756528988015 ], [ 1642668.106052877381444, 115357.068637428194052 ], [ 1643440.191063335398212, 116079.270522114951746 ], [ 1644100.495623803697526, 115423.262118566635763 ], [ 1644266.382581303594634, 115835.575510140421102 ], [ 1645328.851075985934585, 115865.813722467893967 ], [ 1645528.937189325690269, 114080.040092287570587 ], [ 1645911.928582369582728, 112636.478680716478266 ], [ 1645197.98059746157378, 111794.370841347190435 ], [ 1644547.206995969172567, 111559.286555027778377 ], [ 1644072.877576230792329, 111619.189897809294052 ], [ 1643073.529145084088668, 112345.289201620980748 ], [ 1642295.213752300711349, 113064.149561074591475 ], [ 1641659.384216247824952, 113646.801686191756744 ], [ 1641014.042368320282549, 114782.34498677708325 ], [ 1641521.998926895670593, 114770.728756528988015 ] ] ] ] } },
{ "type": "Feature", "properties": { "GEOID": "15003008931", "NAME": "Census Tract 89.31; Honolulu County; Hawaii", "variable": "median_income", "median_income": 204583.0, "income_moe": 13523.0, "tract_area_m2": 774698082.27168524, "solar_area_m2": 5503571.4987347592, "solar_polygon_count": 1192, "solar_fraction": 0.0071041501517550764, "solar_percent": 0.71041501517550765, "residential_solar_m2": 1947494.940320285, "residential_polygon_count": 951, "residential_solar_percent": 0.25138760310462499 }, "geometry": { "type": "MultiPolygon", "coordinates": [ [ [ [ 1641549.589704402256757, 96386.859535944648087 ], [ 1642192.026077537797391, 97613.239872470716364 ], [ 1642540.248629539040849, 98797.841094767019968 ], [ 1642786.413307248847559, 100314.822870411546319 ], [ 1643498.133124770130962, 101843.819000896022771 ], [ 1643914.912308303173631, 104267.151231935858959 ], [ 1643862.855383053421974, 104684.896868559910217 ], [ 1643497.590092692058533, 105353.27305504011747 ], [ 1642856.891510600456968, 106002.385766319319373 ], [ 1642318.567304987227544, 106543.258314028935274 ], [ 1643138.0456522712484, 107376.249799473793246 ], [ 1643109.786762871779501, 108071.528790359938284 ], [ 1643849.001533292932436, 108584.858378663673648 ], [ 1643623.874518002616242, 108957.186392358999001 ], [ 1644366.796044097281992, 109690.659497522050515 ], [ 1643815.896704439306632, 110483.256306273571681 ], [ 1643613.568797370418906, 110700.110440314616426 ], [ 1643747.155390637926757, 111382.322432524844771 ], [ 1644072.877576230792329, 111619.189897809294052 ], [ 1644547.206995969172567, 111559.286555027778377 ], [ 1645197.98059746157378, 111794.370841347190435 ], [ 1645911.928582369582728, 112636.478680716478266 ], [ 1645528.937189325690269, 114080.040092287570587 ], [ 1645328.851075985934585, 115865.813722467893967 ], [ 1645748.772193760843948, 115539.645449117786484 ], [ 1645941.11391949490644, 116446.002299685278558 ], [ 1648147.282048918539658, 116494.227753588595078 ], [ 1648555.585126344580203, 116630.511735326435883 ], [ 1649226.039368090452626, 116616.451373339441488 ], [ 1649869.329773269593716, 116407.323202609695727 ], [ 1650450.333670224063098, 116588.697137711700634 ], [ 1651093.626984639558941, 116390.844878372430685 ], [ 1652369.76270086504519, 117176.851146607106784 ], [ 1653210.167624269146472, 117307.094360667193541 ], [ 1653957.374537478201091, 117591.350001825121581 ], [ 1654195.936415053671226, 117992.088946453455719 ], [ 1655295.670516123296693, 118320.410695646089152 ], [ 1656384.78437836188823, 118873.611150380442268 ], [ 1658003.257994830608368, 119268.987616165264626 ], [ 1658978.362582842120901, 119058.627223070710897 ], [ 1659953.626399394357577, 119361.210644425460487 ], [ 1660492.986145562725142, 119811.856509954348439 ], [ 1662702.677995378151536, 120013.620958807892748 ], [ 1664373.464887927053496, 119565.355743087508017 ], [ 1664840.220133506925777, 119608.433076822650037 ], [ 1665597.437379584880546, 120092.288318104925565 ], [ 1667620.482668333919719, 120248.7614505172387 ], [ 1668398.408953767968342, 120075.889188912624377 ], [ 1669031.199566141935065, 120489.255313901536283 ], [ 1669632.959545528283343, 120437.9994357660471 ], [ 1671686.824919586302713, 120750.847250381993945 ], [ 1672714.242265045642853, 120654.470587881165557 ], [ 1672973.32318330835551, 121158.836996518686647 ], [ 1673986.765501188347116, 121650.235239381465362 ], [ 1675497.197523087030277, 121626.872255919268355 ], [ 1675689.247563150711358, 121663.325647295598174 ], [ 1675685.897893911460415, 121075.927740810147952 ], [ 1676362.060536676319316, 119588.094153376077884 ], [ 1677115.486948560690507, 118518.437908782172599 ], [ 1677056.77223981381394, 117385.38237623142777 ], [ 1677225.839497476583347, 116263.745635809085798 ], [ 1677696.40801831590943, 115259.290622743676067 ], [ 1677496.960680592572317, 114585.300330948055489 ], [ 1677668.090143117588013, 113457.491923178968136 ], [ 1678088.922085190657526, 112633.18412627116777 ], [ 1677583.0911596827209, 111019.583810028008884 ], [ 1677971.564235643483698, 109818.18777800060343 ], [ 1678313.475740586174652, 109563.420644105586689 ], [ 1678583.827673896215856, 109051.778630812710617 ], [ 1678771.362201865995303, 107864.412543822807493 ], [ 1679508.685673194471747, 107249.584433184238151 ], [ 1680266.432171111227944, 107085.225563663479988 ], [ 1680474.090301450109109, 106780.60531783249462 ], [ 1681273.282777455169708, 106681.315670801428496 ], [ 1682642.72489671385847, 107034.383979719888885 ], [ 1682498.041489870287478, 106380.036142563316389 ], [ 1683007.084797211457044, 105973.225118043410475 ], [ 1682940.341292105382308, 105237.568216051411582 ], [ 1679284.292064405977726, 103936.844224387576105 ], [ 1678246.451025268062949, 103873.253065972370678 ], [ 1677437.832422299776226, 103293.2844064279343 ], [ 1676846.584039460634813, 103094.173364279020461 ], [ 1675622.753869720967487, 102954.948420924789389 ], [ 1674834.023341665277258, 103109.182043193242862 ], [ 1673008.400543197058141, 102737.508489864398143 ], [ 1672489.914403274655342, 101959.453657823003596 ], [ 1671618.581188776530325, 102042.122938485248596 ], [ 1670207.562512719770893, 101486.253969283308834 ], [ 1670010.578525155549869, 101623.09327360620955 ], [ 1668713.143676842330024, 101664.526749677301268 ], [ 1667966.801422697259113, 101399.319124954694416 ], [ 1667780.219534483971074, 101158.018360077534453 ], [ 1666690.368896506726742, 100911.542961985556758 ], [ 1666047.817356974584982, 100470.959102297361824 ], [ 1665031.083072399487719, 100183.867880501566106 ], [ 1664295.040738553041592, 99615.031565906203468 ], [ 1663402.409872245974839, 99342.194437715035747 ], [ 1663101.361547395586967, 99490.275424937266507 ], [ 1662531.476967104943469, 99212.142336232282105 ], [ 1662344.940838629147038, 98781.239399910744396 ], [ 1661597.584843974094838, 98318.871125186415156 ], [ 1661659.972445887513459, 97945.465201511251507 ], [ 1661225.225954357068986, 97309.589797353051836 ], [ 1659731.242698803776875, 96986.816715834429488 ], [ 1657292.266846380196512, 97105.501413983176462 ], [ 1655881.522827620850876, 96986.651114992026123 ], [ 1655339.780300813959911, 96791.063300087975222 ], [ 1654439.35938507784158, 96041.778561316008563 ], [ 1653495.290622351691127, 95647.039348677470116 ], [ 1652323.941226496826857, 94019.728208709857427 ], [ 1652017.280415233923122, 93391.58618152346753 ], [ 1652025.788273834623396, 93370.882282699167263 ], [ 1652525.616982662817463, 92615.415242403600132 ], [ 1652119.517207582714036, 92495.449272784069763 ], [ 1651835.645561808720231, 91817.183941397612216 ], [ 1651281.163685431005433, 92047.374116039747605 ], [ 1650728.843620828352869, 91676.377531118516345 ], [ 1650476.355139143764973, 90406.741003619201365 ], [ 1649371.688806573394686, 89506.026852368813707 ], [ 1647941.068550228141248, 88881.728408181486884 ], [ 1647407.492786890827119, 87814.403519885396236 ], [ 1647689.575896666850895, 87208.890075113449711 ], [ 1646450.426735156914219, 86298.048073392666993 ], [ 1645727.651313066249713, 85236.168754512938904 ], [ 1645564.46341615752317, 84183.795295166550204 ], [ 1645436.550939470995218, 84183.783122863838798 ], [ 1645033.07934846659191, 84218.256207709855516 ], [ 1644652.352920917794108, 84861.19070577644743 ], [ 1644489.655176521511748, 86010.888851654381142 ], [ 1644427.388092588633299, 86196.508893542122678 ], [ 1644087.123818857595325, 87423.569674306854722 ], [ 1643996.217693442478776, 88619.409045700755087 ], [ 1643768.599063798086718, 89393.134192278055707 ], [ 1642900.116389155620709, 90581.667863564027357 ], [ 1642645.315683463355526, 91224.987247384968214 ], [ 1642494.250987545587122, 92227.57461427434464 ], [ 1641984.673733743140474, 93768.500406529317843 ], [ 1641658.452556160278618, 95267.661016480225953 ], [ 1641549.589704402256757, 96386.859535944648087 ] ] ] ] } },
{ "type": "Feature", "properties": { "GEOID": "15003009507", "NAME": "Census Tract 95.07; Honolulu County; Hawaii", "variable": "median_income", "median_income": 61125.0, "income_moe": 13179.0, "tract_area_m2": 18627546.783717796, "solar_area_m2": 2455.8085582741469, "solar_polygon_count": 1, "solar_fraction": 0.0001318374655980331, "solar_percent": 0.013183746559803311, "residential_solar_m2": 2455.8085582741469, "residential_polygon_count": 1, "residential_solar_percent": 0.013183746559803311 }, "geometry": { "type": "MultiPolygon", "coordinates": [ [ [ [ 1613527.966005501803011, 119516.627755868248641 ], [ 1614049.393923562951386, 120035.831481755158165 ], [ 1614057.589079228229821, 120793.955751060871989 ], [ 1614605.589645062573254, 121464.995580273098312 ], [ 1615201.539480127161369, 121482.872593749561929 ], [ 1616316.214706252794713, 122150.394899311970221 ], [ 1616658.777588943019509, 122670.432443183948635 ], [ 1616218.936593474354595, 123528.657019390142523 ], [ 1616747.372888554818928, 123902.579431397796725 ], [ 1618159.63077701581642, 123447.527532850479474 ], [ 1618729.907544003799558, 123921.349305699608522 ], [ 1619358.162108279764652, 124039.156886740616756 ], [ 1619382.198642730712891, 123788.859462772656116 ], [ 1620602.002640683902428, 123142.146552465070272 ], [ 1620403.584604587638751, 122530.123765268916031 ], [ 1622008.04755612439476, 122263.272394247745979 ], [ 1622136.34165128855966, 121661.665783207703498 ], [ 1622790.26190990023315, 121207.367118207432213 ], [ 1622833.361759973224252, 120981.767042772102286 ], [ 1622660.915060499217361, 120718.459332183847437 ], [ 1620955.77211076230742, 120049.927537418552674 ], [ 1619491.906303429044783, 119235.686888487514807 ], [ 1619286.828041771659628, 119042.512629682270926 ], [ 1620199.839584946632385, 120437.810339254676364 ], [ 1619417.56632540980354, 121243.465916594665032 ], [ 1618485.027834918815643, 120327.695301606479916 ], [ 1617981.006110304268077, 119859.660778663630481 ], [ 1617327.203279603039846, 120528.343119650322478 ], [ 1617845.515502188354731, 121026.516238933516433 ], [ 1616795.496667654952034, 122041.200967458222294 ], [ 1614559.564461691537872, 119797.644125527818687 ], [ 1613874.126063763629645, 119662.848438123750384 ], [ 1613527.966005501803011, 119516.627755868248641 ] ] ] ] } },
{ "type": "Feature", "properties": { "GEOID": "15003010000", "NAME": "Census Tract 100; Honolulu County; Hawaii", "variable": "median_income", "median_income": 85306.0, "income_moe": 4764.0, "tract_area_m2": 2050561556.8463573, "solar_area_m2": 1917284.2353355845, "solar_polygon_count": 975, "solar_fraction": 0.0009350044766684569, "solar_percent": 0.09350044766684569, "residential_solar_m2": 1474597.4216593436, "residential_polygon_count": 941, "residential_solar_percent": 0.071911882710177566 }, "geometry": { "type": "MultiPolygon", "coordinates": [ [ [ [ 1602689.69730571238324, 144719.933228334615706 ], [ 1603088.420930715743452, 145387.332817261718446 ], [ 1603775.844382593175396, 147356.842580341326538 ], [ 1604228.860651411116123, 148463.402076719707111 ], [ 1604308.259612662019208, 148800.095383154897718 ], [ 1604511.137926221126691, 149344.493095673067728 ], [ 1604647.191916375420988, 150059.30857057441608 ], [ 1604692.359104316681623, 150529.344423575617839 ], [ 1605081.148117851698771, 151686.449549334909534 ], [ 1605356.345357051119208, 152697.236682831397047 ], [ 1605519.385720618534833, 154178.529552773485193 ], [ 1605305.071596292546019, 154788.959256365691544 ], [ 1605298.141066951910034, 155096.287448018672876 ], [ 1604668.232976663159207, 156154.210910232592141 ], [ 1605148.665047252783552, 156129.517517087631859 ], [ 1605149.682129516964778, 157654.511263291235082 ], [ 1604172.552947929361835, 158522.290542110451497 ], [ 1605318.664985648822039, 159400.98696853913134 ], [ 1606515.552020317176357, 160586.636568077577977 ], [ 1608181.101745429215953, 162222.113829952635569 ], [ 1611261.458723747171462, 164091.515086549974512 ], [ 1611209.847552067600191, 165357.168082046613563 ], [ 1613228.68378624599427, 166319.113023981713923 ], [ 1616088.810650546569377, 169543.537014922650997 ], [ 1617267.210426440229639, 171469.781550630228594 ], [ 1618317.080135777592659, 171613.91222386341542 ], [ 1618758.487907910253853, 172150.037986617855495 ], [ 1619168.788084719330072, 172228.212409851374105 ], [ 1619728.944189623463899, 171635.862472544424236 ], [ 1620256.561580448178574, 171184.479115831607487 ], [ 1620912.342462014872581, 171032.386571745417314 ], [ 1621804.996936915442348, 170320.421969357295893 ], [ 1622733.336895280051976, 170617.98259971968946 ], [ 1623759.13162132143043, 169805.381555987987667 ], [ 1624583.484117276035249, 169920.647059711976908 ], [ 1624997.643991715041921, 170378.605403225141345 ], [ 1625951.942088936222717, 170037.953127678745659 ], [ 1626356.171354617923498, 170239.8208969294501 ], [ 1627544.203147263498977, 170093.120788621978136 ], [ 1627968.353867899393663, 169824.927309398073703 ], [ 1628616.412724907742813, 169900.701447375438875 ], [ 1629066.392883029300719, 169676.103199734439841 ], [ 1629620.745524351485074, 169925.915226437995443 ], [ 1629952.507428526878357, 169571.66221517426311 ], [ 1630186.910621540853754, 169815.732286714453949 ], [ 1631000.969859985169023, 169429.063782248296775 ], [ 1631601.240553409326822, 170112.993544577358989 ], [ 1632465.940850625745952, 169913.422128264617641 ], [ 1632559.961190406233072, 169503.278628263651626 ], [ 1633264.103189819026738, 169905.679309712431859 ], [ 1633627.824246660806239, 169612.474108253314625 ], [ 1634446.00389896822162, 169370.438847470504697 ], [ 1634352.646248676348478, 169765.684897047496634 ], [ 1634838.3680215543136, 170044.984326690901071 ], [ 1635138.595694249728695, 169876.397154148755362 ], [ 1635655.565743753686547, 170226.174968398641795 ], [ 1635789.696295330766588, 169906.487296091509052 ], [ 1636823.909039644757286, 169858.092142817185959 ], [ 1637516.135937633924186, 170436.008783603581833 ], [ 1638147.530822456814349, 170505.725304063933436 ], [ 1638260.61691192118451, 170160.979312568932073 ], [ 1639181.057058138074353, 170558.728107304690639 ], [ 1639822.29415050544776, 170303.339639905112563 ], [ 1640112.005388187477365, 169796.578482628974598 ], [ 1641146.899571510963142, 170033.070032731688116 ], [ 1641850.641350165009499, 169993.488262069615303 ], [ 1642540.142605516826734, 169370.870426938403398 ], [ 1643628.402240099385381, 168891.411962823098293 ], [ 1643776.182267700321972, 168387.932109081681119 ], [ 1645316.544491998152807, 168040.042173395020654 ], [ 1645681.370384464040399, 167685.891354349179892 ], [ 1646563.842512986157089, 167343.78865048874286 ], [ 1647561.394920243183151, 167569.503381992544746 ], [ 1647869.556806878885254, 166924.0195127306215 ], [ 1648188.521583050256595, 166781.301358274795348 ], [ 1648323.492690161336213, 165950.165435151779093 ], [ 1649819.009946097387001, 164309.168719706765842 ], [ 1649900.256672126241028, 163957.17731696672854 ], [ 1650664.582967444323003, 163745.535291460313601 ], [ 1650946.953294860897586, 163278.066005340806441 ], [ 1651717.84684465941973, 162602.911770405131392 ], [ 1652171.527439491823316, 161735.165898364444729 ], [ 1652062.780935338465497, 160391.417693100171164 ], [ 1652724.329517357982695, 159779.826391176204197 ], [ 1653309.866066372254863, 158887.783031206112355 ], [ 1653706.311348738381639, 157544.52153899311088 ], [ 1654969.647230945760384, 156659.573886845173547 ], [ 1655653.862025001319125, 154301.078920106199803 ], [ 1656024.32931555621326, 153806.781802948389668 ], [ 1655869.007774298079312, 152838.269095474242931 ], [ 1656096.089597719023004, 152412.224998486693949 ], [ 1656595.508082635467872, 152489.75098093849374 ], [ 1657394.38020505104214, 152160.88238780683605 ], [ 1657839.675256139598787, 151517.683339110139059 ], [ 1659107.000555885955691, 151484.695310130249709 ], [ 1659762.183874969603494, 151153.632349580846494 ], [ 1660558.184720202116296, 150439.385561972449068 ], [ 1660705.274864970007911, 149631.175621973874513 ], [ 1661328.684882633853704, 148964.09933850861853 ], [ 1661231.999192592920735, 148579.363036522845505 ], [ 1661733.913254525279626, 147593.660303481592564 ], [ 1662140.106481055961922, 146407.037541874684393 ], [ 1662530.731084026396275, 145928.415626696340041 ], [ 1663328.018999286461622, 145648.677057696593693 ], [ 1664225.307405917206779, 144412.154996940022102 ], [ 1664918.51260014786385, 144419.37313481757883 ], [ 1665300.83628455735743, 143611.649885888036806 ], [ 1665766.690613087033853, 143673.625801935530035 ], [ 1666348.261931799352169, 142669.842891243024496 ], [ 1666354.436103166081011, 141858.312204794870922 ], [ 1666887.318620162317529, 141102.621699732699199 ], [ 1667871.451162303797901, 140472.49482294160407 ], [ 1668242.854335047770292, 139891.465048694080906 ], [ 1668148.005080903880298, 138658.495448325469624 ], [ 1667891.566620921250433, 137723.682586420589359 ], [ 1667881.785225557629019, 136924.132768041454256 ], [ 1667145.912817169213668, 135741.69511550036259 ], [ 1667157.098698419053108, 133777.895646359655075 ], [ 1667386.04895387776196, 132689.309906966169365 ], [ 1666607.563221500487998, 132999.147160334105138 ], [ 1666037.264092276804149, 132954.187264735723147 ], [ 1664792.500371584668756, 133209.701717130490579 ], [ 1664367.387591095175594, 133039.137420862680301 ], [ 1663195.132816872559488, 133051.335424885706743 ], [ 1662614.529420854756609, 133258.876164247049019 ], [ 1661245.600808321265504, 132988.416180462372722 ], [ 1660924.233530037570745, 132573.443953284731833 ], [ 1659430.641608370933682, 132021.453683109488338 ], [ 1658652.515208628261462, 132382.627749213104835 ], [ 1656713.085674727801234, 132530.208169761201134 ], [ 1656256.677645971998572, 132341.536208318109857 ], [ 1654202.969854416092858, 132806.666652053536382 ], [ 1653611.921538598369807, 132778.545082061900757 ], [ 1652398.315268212463707, 132273.684224461991107 ], [ 1651693.044863597955555, 132309.49273699830519 ], [ 1651267.897511709015816, 132068.197199503949378 ], [ 1649411.08747683162801, 132112.168111408886034 ], [ 1648933.966048460220918, 131616.961463778075995 ], [ 1648047.526483352994546, 131664.414086001779651 ], [ 1647191.788506292272359, 130850.588264670994249 ], [ 1645677.619243269087747, 130226.6937420557515 ], [ 1644391.451274607796222, 130108.521335481855203 ], [ 1643468.300202510552481, 129831.290508410602342 ], [ 1642730.026654230197892, 130015.064310167814256 ], [ 1641931.949039045255631, 129742.588233064947417 ], [ 1641183.470565822441131, 130756.802726043009898 ], [ 1641235.466217524372041, 131296.975874699826818 ], [ 1640687.219395944382995, 131538.903567141067469 ], [ 1640357.185113227926195, 130842.527327710777172 ], [ 1640475.127950152615085, 131434.646356800483773 ], [ 1640097.170639754040167, 131678.760196297982475 ], [ 1640000.976540215779096, 130990.377037462370936 ], [ 1638942.868804452707991, 130333.979356036477839 ], [ 1638579.163503326009959, 129918.054464225147967 ], [ 1637934.729655873030424, 130300.59671703602362 ], [ 1637366.732265469850972, 129823.66188657823659 ], [ 1637112.543750543845817, 130749.998035965181771 ], [ 1636868.498990135500208, 130751.830105936955079 ], [ 1636810.67245263280347, 130099.413422598459874 ], [ 1636364.38817591778934, 130149.575924986362224 ], [ 1636550.341022047447041, 130533.531172427319689 ], [ 1635333.862735279835761, 130661.502359469479416 ], [ 1635834.135503825498745, 130035.191181385045638 ], [ 1634579.665259020170197, 130949.284388206433505 ], [ 1634133.671117794467136, 130501.068551567019313 ], [ 1633945.970440006116405, 129865.017389761444065 ], [ 1633183.534397508716211, 129586.493038499887916 ], [ 1632655.597721119876951, 129124.497034783838899 ], [ 1632905.729333655443043, 128848.381191974127432 ], [ 1632601.83896861388348, 128760.152157440170413 ], [ 1632253.50786393112503, 129246.250449579572887 ], [ 1630926.069218145217746, 128634.009774228339666 ], [ 1630718.104861333267763, 128962.073823564845952 ], [ 1630323.760415623662993, 128686.067466229796992 ], [ 1628379.018075890606269, 128135.039643706739298 ], [ 1628166.807194035733119, 127677.013672516070073 ], [ 1627330.616644317517057, 127679.756012766476488 ], [ 1627181.776206859853119, 127849.799936050229007 ], [ 1626474.402548967394978, 127802.030268478672951 ], [ 1625644.449299616971985, 128224.729487965785665 ], [ 1625070.490703709190711, 128751.26037868540152 ], [ 1624497.981487846234813, 128405.602559955616016 ], [ 1624172.171393417520449, 128941.877496571250958 ], [ 1623534.191952371271327, 129024.174006566026947 ], [ 1623238.06153575796634, 128802.315262591320788 ], [ 1622801.453619773499668, 129326.283741279548849 ], [ 1622797.285543556790799, 129057.470412284950726 ], [ 1621953.992287875851616, 127144.087469018384581 ], [ 1620551.584646456176415, 124676.223055041118641 ], [ 1618957.163164230296388, 126040.168306953462888 ], [ 1615989.215117995627224, 128874.175779603261617 ], [ 1613375.244955712929368, 131386.319796944328118 ], [ 1612785.019902836531401, 131706.659081620571669 ], [ 1612512.817984745372087, 132447.49618835025467 ], [ 1611201.547891329275444, 133692.743911583122099 ], [ 1610552.22500188392587, 134016.047122646996286 ], [ 1609680.379307521739975, 135074.370069025637349 ], [ 1607915.577274453360587, 136401.336660899920389 ], [ 1605820.554152372758836, 138810.016229300701525 ], [ 1605585.920041240053251, 140146.257767634524498 ], [ 1604854.002968604210764, 140785.72680873205536 ], [ 1604836.342214183183387, 140801.359055995679228 ], [ 1604081.773776325164363, 141089.576893536112038 ], [ 1603547.965199382742867, 142646.899985506868688 ], [ 1601997.737841184716672, 143626.638225619797595 ], [ 1602689.69730571238324, 144719.933228334615706 ] ] ] ] } },
{ "type": "Feature", "properties": { "GEOID": "15003008942", "NAME": "Census Tract 89.42; Honolulu County; Hawaii", "variable": "median_income", "median_income": 88846.0, "income_moe": 15680.0, "tract_area_m2": 6703882.8779817624, "solar_area_m2": 173507.80337787379, "solar_polygon_count": 179, "solar_fraction": 0.025881687752592298, "solar_percent": 2.5881687752592297, "residential_solar_m2": 88431.687151548482, "residential_polygon_count": 175, "residential_solar_percent": 1.3191114576597627 }, "geometry": { "type": "MultiPolygon", "coordinates": [ [ [ [ 1633242.001920209964737, 106943.657254830352031 ], [ 1633991.745109867071733, 106431.001230743844644 ], [ 1635384.001999703934416, 107367.336573547814623 ], [ 1635586.00047847814858, 107497.365083006588975 ], [ 1636488.167882995214313, 107909.954709944562637 ], [ 1636816.333721704781055, 108292.081511767653865 ], [ 1637578.359430881217122, 108260.068513206453645 ], [ 1638929.007256890181452, 108692.656896962449537 ], [ 1639099.361057507339865, 108512.475194446640671 ], [ 1638135.319126116344705, 107687.543281168444082 ], [ 1637917.971634772140533, 106406.697112851034035 ], [ 1637327.658928828546777, 106680.989586119700107 ], [ 1636356.478528661420569, 106686.140419195711729 ], [ 1635741.626407967647538, 106195.789488022492151 ], [ 1635511.662134729791433, 105230.991134629512089 ], [ 1634828.131091222167015, 105103.917423458231497 ], [ 1634485.44946154486388, 105985.95015879793209 ], [ 1633124.995242892997339, 106722.447608493515872 ], [ 1633242.001920209964737, 106943.657254830352031 ] ] ] ] } },
{ "type": "Feature", "properties": { "GEOID": "15003008945", "NAME": "Census Tract 89.45; Honolulu County; Hawaii", "variable": "median_income", "median_income": 79783.0, "income_moe": 24482.0, "tract_area_m2": 46533374.803186104, "solar_area_m2": 264929.83417814155, "solar_polygon_count": 201, "solar_fraction": 0.0056933294715603138, "solar_percent": 0.56933294715603133, "residential_solar_m2": 119279.04874880526, "residential_polygon_count": 188, "residential_solar_percent": 0.25633010554961583 }, "geometry": { "type": "MultiPolygon", "coordinates": [ [ [ [ 1637375.279357305262238, 94998.55841838818742 ], [ 1637511.024961831513792, 95662.951438744537882 ], [ 1637785.185932453954592, 96160.965298302922747 ], [ 1637868.916772778844461, 97462.881876630097395 ], [ 1638522.628840072080493, 98145.781993337528547 ], [ 1638889.645334901986644, 99700.520272020687116 ], [ 1639196.429351409198716, 100546.54374469423783 ], [ 1640156.500493767671287, 100844.766517690208275 ], [ 1640250.367263622814789, 101768.898670517824939 ], [ 1640810.478489279747009, 101985.402653186712996 ], [ 1641210.393886536126956, 103181.621612062968779 ], [ 1641002.266067672986537, 103543.789025664707879 ], [ 1641994.226651701610535, 104273.961669872456696 ], [ 1641942.17945883073844, 104878.06158910159138 ], [ 1642672.950767548754811, 105335.06873313964752 ], [ 1642420.272726768394932, 105734.644792271748884 ], [ 1642856.891510600456968, 106002.385766319319373 ], [ 1643497.590092692058533, 105353.27305504011747 ], [ 1643862.855383053421974, 104684.896868559910217 ], [ 1643914.912308303173631, 104267.151231935858959 ], [ 1643498.133124770130962, 101843.819000896022771 ], [ 1642786.413307248847559, 100314.822870411546319 ], [ 1642540.248629539040849, 98797.841094767019968 ], [ 1642192.026077537797391, 97613.239872470716364 ], [ 1641549.589704402256757, 96386.859535944648087 ], [ 1641658.452556160278618, 95267.661016480225953 ], [ 1641984.673733743140474, 93768.500406529317843 ], [ 1642494.250987545587122, 92227.57461427434464 ], [ 1642645.315683463355526, 91224.987247384968214 ], [ 1642291.565155302872881, 91131.616230051731691 ], [ 1642158.885449233697727, 91799.280799546657363 ], [ 1641625.186901275534183, 92340.158010936196661 ], [ 1640579.933649916900322, 92544.659158352791565 ], [ 1639369.040976970922202, 92741.91861691007216 ], [ 1638459.137171941576526, 91813.455344937217887 ], [ 1637943.175535829272121, 92612.28233736740367 ], [ 1637591.541117620887235, 93922.210617771168472 ], [ 1636592.961328452918679, 94535.45370359030494 ], [ 1637375.279357305262238, 94998.55841838818742 ] ] ] ] } },
{ "type": "Feature", "properties": { "GEOID": "15003008934", "NAME": "Census Tract 89.34; Honolulu County; Hawaii", "variable": "median_income", "median_income": 163125.0, "income_moe": 14057.0, "tract_area_m2": 232585355.4738054, "solar_area_m2": 137449.69683629696, "solar_polygon_count": 438, "solar_fraction": 0.00059096453668071563, "solar_percent": 0.059096453668071564, "residential_solar_m2": 129037.83984944897, "residential_polygon_count": 437, "residential_solar_percent": 0.055479778417941571 }, "geometry": { "type": "MultiPolygon", "coordinates": [ [ [ [ 1619976.189979267539456, 103736.965423053727136 ], [ 1620068.820211098296568, 104081.663847459116369 ], [ 1623005.835674082161859, 111987.353028784200433 ], [ 1624097.586259333882481, 111859.139140021696221 ], [ 1624657.806431011995301, 111431.048837738388102 ], [ 1624592.437444875249639, 111144.092081060109194 ], [ 1625391.210342354839668, 110165.599060322711011 ], [ 1625744.536672346061096, 110303.902863331997651 ], [ 1626273.536510002333671, 109998.983865719565074 ], [ 1627404.103584937052801, 108498.792165108330664 ], [ 1628338.061841644579545, 107945.689548912050668 ], [ 1629137.536493150051683, 108123.148576647203299 ], [ 1629905.150112563977018, 107125.115043924699421 ], [ 1629095.268416257807985, 106038.769414182039327 ], [ 1629143.166279780678451, 105804.093130059613031 ], [ 1628016.353082122746855, 104897.282843258959474 ], [ 1628503.866302247857675, 104298.518935090061859 ], [ 1629843.186709461035207, 103321.430145020814962 ], [ 1629854.627997314557433, 102710.424725195960491 ], [ 1630433.444698772858828, 102761.532775118015707 ], [ 1630563.329589646775275, 102634.367649131309008 ], [ 1630936.846728702541441, 101366.886558614976821 ], [ 1630365.311080314218998, 100328.795249028669787 ], [ 1630411.808552387636155, 99823.492477143139695 ], [ 1630785.434488948900253, 99068.570495025196578 ], [ 1630639.864851374179125, 97171.656890788523015 ], [ 1630151.910487996879965, 95942.479705858422676 ], [ 1630276.203707473352551, 94943.493703873595223 ], [ 1631317.552422288106754, 94288.71339961871854 ], [ 1631542.287254930706695, 93747.419915151884197 ], [ 1631947.075806006090716, 93946.783192257644259 ], [ 1631997.68882353277877, 93525.758264248739579 ], [ 1632725.186538790119812, 90837.53492683985678 ], [ 1632548.184319392545149, 89996.254338282407844 ], [ 1633648.469599458854645, 89061.076732501140214 ], [ 1634406.342211045790464, 88993.056748850460281 ], [ 1634738.217359377304092, 87835.680051065966836 ], [ 1635886.906460048165172, 87089.438316499101347 ], [ 1634982.38970800419338, 87154.18261957532377 ], [ 1634282.251688111340627, 86629.713992446340853 ], [ 1635064.586257652146742, 85901.661105627907091 ], [ 1634540.605233671842143, 84983.400550422957167 ], [ 1635204.209330330835655, 83937.512913785350975 ], [ 1634071.021851180121303, 83936.18246102752164 ], [ 1634302.063699497841299, 84372.064654637346393 ], [ 1633327.429376194719225, 84481.525653691671323 ], [ 1633069.02127370564267, 85477.249980722044711 ], [ 1632423.336299146991223, 85378.899846605563653 ], [ 1632380.409246183698997, 84955.347754412228824 ], [ 1630983.089244794100523, 84001.661586185437045 ], [ 1630284.593990377616137, 83595.304233141039731 ], [ 1629619.504549083067104, 83569.643211952221463 ], [ 1628718.024876314448193, 83759.816721422888804 ], [ 1628423.073664150899276, 83752.253710007615155 ], [ 1627516.720523443538696, 83453.50384936008777 ], [ 1624407.783894177759066, 90690.082348996264045 ], [ 1624138.538095088209957, 91195.456402534022345 ], [ 1621736.930125819984823, 94620.683703202637844 ], [ 1620674.386148690711707, 97406.901136708285776 ], [ 1620172.254819065099582, 98853.588572798980749 ], [ 1620106.700971955666319, 99970.273556966974866 ], [ 1619998.574505488853902, 101805.503331893734867 ], [ 1619976.189979267539456, 103736.965423053727136 ] ] ] ] } },
{ "type": "Feature", "properties": { "GEOID": "15003005602", "NAME": "Census Tract 56.02; Honolulu County; Hawaii", "variable": "median_income", "median_income": 115114.0, "income_moe": 48642.0, "tract_area_m2": 8536665.6819925923, "solar_area_m2": 115099.30184982187, "solar_polygon_count": 178, "solar_fraction": 0.013482934220162161, "solar_percent": 1.3482934220162162, "residential_solar_m2": 105149.34630285416, "residential_polygon_count": 177, "residential_solar_percent": 1.2317378965028258 }, "geometry": { "type": "MultiPolygon", "coordinates": [ [ [ [ 1682799.622918527107686, 59687.413548336968233 ], [ 1683673.358041471336037, 60458.939875054253207 ], [ 1684420.877833924489096, 61138.110048606380587 ], [ 1684776.477565168403089, 61616.811101123297703 ], [ 1685911.414213127456605, 60116.789471315467381 ], [ 1686307.363081785617396, 59572.606661227306176 ], [ 1686473.698260366916656, 59288.320115281079779 ], [ 1686617.219291007844731, 59018.181405460862152 ], [ 1686131.441235572099686, 58728.250296746809909 ], [ 1686350.609052827814594, 58355.73741087410599 ], [ 1686222.118900102330372, 58162.375555326863832 ], [ 1685830.617968849372119, 57864.17305763195327 ], [ 1685631.631577824940905, 58119.736747206443397 ], [ 1685745.708536196034402, 58455.481145033852954 ], [ 1685630.633520890492946, 58496.06860211824096 ], [ 1685541.664542728802189, 58252.975720774164074 ], [ 1685488.351325643481687, 58106.538923133397475 ], [ 1686166.70934580033645, 57283.61331107836304 ], [ 1686604.903108461527154, 57116.164929897844559 ], [ 1685677.405020491452888, 56310.763618442666484 ], [ 1685394.527182341786101, 56751.880813987998408 ], [ 1685034.108515267027542, 57532.578729231026955 ], [ 1684335.146405925042927, 58603.60520723425725 ], [ 1684150.173321257112548, 58799.248717867165396 ], [ 1683345.769359208643436, 59405.23529258868075 ], [ 1682799.622918527107686, 59687.413548336968233 ] ] ] ] } },
{ "type": "Feature", "properties": { "GEOID": "15003006813", "NAME": "Census Tract 68.13; Honolulu County; Hawaii", "variable": "median_income", "median_income": 113523.0, "income_moe": 27166.0, "tract_area_m2": 19856126.711073589, "solar_area_m2": 108463.288095148, "solar_polygon_count": 296, "solar_fraction": 0.0054624595054915204, "solar_percent": 0.54624595054915204, "residential_solar_m2": 108463.288095148, "residential_polygon_count": 296, "residential_solar_percent": 0.54624595054915204 }, "geometry": { "type": "MultiPolygon", "coordinates": [ [ [ [ 1667039.76670393277891, 67886.481704091871507 ], [ 1667722.992990890285, 68729.579831312556053 ], [ 1668677.355191248003393, 68379.16966211158433 ], [ 1669989.592978748725727, 68261.09360340150306 ], [ 1670864.918632096378133, 68704.393486065018806 ], [ 1671473.123155143810436, 69113.042839535381063 ], [ 1672766.043405883479863, 69408.409337090371992 ], [ 1673442.664900169707835, 70300.253713311976753 ], [ 1674360.45666869985871, 70218.005359823655454 ], [ 1674412.411392426351085, 70388.768885395038524 ], [ 1674453.74522880744189, 70137.42165711960115 ], [ 1674086.135336731094867, 69762.671776285438682 ], [ 1674782.675031804712489, 68209.466967041807948 ], [ 1674396.446113266516477, 67663.972886677525821 ], [ 1674378.13543423707597, 67560.796515879032086 ], [ 1674386.039043714525178, 67439.837225926108658 ], [ 1674473.375466423807666, 67094.436109058515285 ], [ 1674478.262375811813399, 66901.550223403275595 ], [ 1674457.926156474277377, 66772.581381483236328 ], [ 1674423.628807480446994, 66657.044160817677039 ], [ 1674212.158944, 66340.514288267528173 ], [ 1673781.843871030490845, 66062.716910252478556 ], [ 1673593.20983586856164, 65679.727967179438565 ], [ 1673832.105177090503275, 65138.988435255560034 ], [ 1673237.314773972379044, 65009.664884583573439 ], [ 1672880.27160105924122, 65096.265462240487977 ], [ 1672523.910438533173874, 65182.505569775654294 ], [ 1671482.21435549389571, 65173.173186140636972 ], [ 1671209.126094010192901, 65445.094107859753422 ], [ 1670737.866342016262934, 65917.421116802317556 ], [ 1670330.089591407682747, 66071.575568761094473 ], [ 1670815.670276422984898, 66740.60312352112669 ], [ 1669885.90023078257218, 66847.97045664563484 ], [ 1669325.329620059812441, 67016.215687013231218 ], [ 1669022.559895888902247, 67467.217024247409427 ], [ 1668390.562616362934932, 67584.214831595178111 ], [ 1667347.084078040905297, 67151.405314449875732 ], [ 1667039.76670393277891, 67886.481704091871507 ] ] ] ] } },
{ "type": "Feature", "properties": { "GEOID": "15003009302", "NAME": "Census Tract 93.02; Honolulu County; Hawaii", "variable": "median_income", "median_income": 116563.0, "income_moe": 33983.0, "tract_area_m2": 9196064.9095400013, "solar_area_m2": 61304.142957831973, "solar_polygon_count": 202, "solar_fraction": 0.0066663451770805826, "solar_percent": 0.66663451770805826, "residential_solar_m2": 61304.142957831973, "residential_polygon_count": 202, "residential_solar_percent": 0.66663451770805826 }, "geometry": { "type": "MultiPolygon", "coordinates": [ [ [ [ 1630288.378635150147602, 119607.056517270277254 ], [ 1631338.274174784310162, 120065.303355968833785 ], [ 1632112.423305675387383, 120395.381872682351968 ], [ 1631851.09148482279852, 121007.883068155293586 ], [ 1632461.69584848661907, 121276.602077067975188 ], [ 1632045.74382015876472, 122255.29411923076259 ], [ 1632754.587916667573154, 122593.747544970436138 ], [ 1632634.331117074470967, 123171.715261154487962 ], [ 1632812.848147600889206, 123496.445910797425313 ], [ 1633285.659692642278969, 123142.199605087502277 ], [ 1633395.074932449962944, 122788.367597060045227 ], [ 1633873.603862486314029, 121850.000319859827869 ], [ 1633121.238625096622854, 121481.023989043387701 ], [ 1632435.747473471332341, 120532.645362097566249 ], [ 1633271.445522927446291, 121086.137728813104331 ], [ 1633745.636591278016567, 120693.389866090772557 ], [ 1634283.649287744425237, 119448.789783573025488 ], [ 1632982.177629820769653, 118910.96513792159385 ], [ 1631932.218330292264, 118106.860863623107434 ], [ 1631672.854461257113144, 118338.30058739586093 ], [ 1630966.003263345686719, 118093.583146021192078 ], [ 1630720.520295249298215, 117983.922317945238319 ], [ 1630774.302162453532219, 118344.994667727762135 ], [ 1630335.942150660557672, 119439.220493357512169 ], [ 1630288.378635150147602, 119607.056517270277254 ] ] ] ] } },
{ "type": "Feature", "properties": { "GEOID": "15003008704", "NAME": "Census Tract 87.04; Honolulu County; Hawaii", "variable": "median_income", "median_income": 123438.0, "income_moe": 33285.0, "tract_area_m2": 21189666.046282943, "solar_area_m2": 213425.33270435748, "solar_polygon_count": 259, "solar_fraction": 0.010072142347037896, "solar_percent": 1.0072142347037896, "residential_solar_m2": 123795.43212683334, "residential_polygon_count": 251, "residential_solar_percent": 0.58422549867674456 }, "geometry": { "type": "MultiPolygon", "coordinates": [ [ [ [ 1640226.820493220584467, 78932.300285415680264 ], [ 1640145.848138870904222, 79223.632740928020212 ], [ 1640689.525073745753616, 79524.046311880869325 ], [ 1641105.952733607031405, 79878.588955024591996 ], [ 1642116.377670635003597, 80788.207416376360925 ], [ 1642319.138890422414988, 80972.022395745996619 ], [ 1643016.545285167172551, 81602.303111242508749 ], [ 1644003.772360811242834, 82495.97333922344842 ], [ 1643971.450829380657524, 82529.027603244176134 ], [ 1643831.954108006088063, 82738.254779347000294 ], [ 1643258.312000609701499, 83896.649360648574657 ], [ 1643199.111200693296269, 84029.961775236602989 ], [ 1644813.331233468605205, 84020.62553595159261 ], [ 1644987.167900284519419, 84048.24770186204114 ], [ 1645436.550939470995218, 84183.783122863838798 ], [ 1645564.46341615752317, 84183.795295166550204 ], [ 1646256.138026998145506, 83609.919442880811403 ], [ 1647795.586617582477629, 83177.106900706552551 ], [ 1647804.842112775892019, 82670.000744417804526 ], [ 1647867.829653459368274, 82310.747898210131098 ], [ 1649013.087217858526856, 81511.753661178358016 ], [ 1649147.546872518258169, 81041.720525845361408 ], [ 1648935.285361481131986, 80845.527359468629584 ], [ 1648144.291373860556632, 80820.342395581319579 ], [ 1644669.367331926478073, 80523.898341949694441 ], [ 1644128.76344217848964, 80532.21297893486917 ], [ 1643027.512199036078528, 79960.017858351799077 ], [ 1642899.263970905216411, 79646.157631104098982 ], [ 1642697.872603171970695, 79181.179655142550473 ], [ 1642394.749423589557409, 78723.463788214809028 ], [ 1641502.343670514877886, 78181.822155765708885 ], [ 1640810.655636828159913, 77979.115250454618945 ], [ 1640118.622633958235383, 77867.594775603996823 ], [ 1640226.820493220584467, 78932.300285415680264 ] ] ] ] } },
{ "type": "Feature", "properties": { "GEOID": "15003008802", "NAME": "Census Tract 88.02; Honolulu County; Hawaii", "variable": "median_income", "median_income": 152740.0, "income_moe": 12242.0, "tract_area_m2": 11702280.013397319, "solar_area_m2": 182280.61219085337, "solar_polygon_count": 350, "solar_fraction": 0.015576504064350705, "solar_percent": 1.5576504064350705, "residential_solar_m2": 165472.5371377863, "residential_polygon_count": 349, "residential_solar_percent": 1.4140196350484313 }, "geometry": { "type": "MultiPolygon", "coordinates": [ [ [ [ 1633879.161840087734163, 81233.933578603871865 ], [ 1634364.322712126653641, 81403.517583164415555 ], [ 1634643.305690043373033, 81499.749899493908742 ], [ 1635321.369995327666402, 81773.213704729583696 ], [ 1637159.951020666398108, 83355.419318834901787 ], [ 1637641.624732319032773, 82456.329940300056478 ], [ 1638406.014065157389268, 81167.458745662908768 ], [ 1638859.85413259640336, 81075.539518495177617 ], [ 1638838.409758871421218, 80703.564766632101964 ], [ 1638063.011430041166022, 79600.744666191632859 ], [ 1637561.517637757118791, 79475.808673207502579 ], [ 1636791.277044873684645, 79824.582141850580228 ], [ 1636162.540649084141478, 79712.745298786961939 ], [ 1636199.648403397761285, 80012.429460192404804 ], [ 1636070.715503496350721, 80138.12675015363493 ], [ 1635754.641481947386637, 80011.739904509580811 ], [ 1634646.13750073662959, 79368.519787071389146 ], [ 1634041.184572902275249, 79069.264719030805281 ], [ 1633747.292932108277455, 79574.591118393014767 ], [ 1633879.161840087734163, 81233.933578603871865 ] ] ] ] } },
{ "type": "Feature", "properties": { "GEOID": "15003009402", "NAME": "Census Tract 94.02; Honolulu County; Hawaii", "variable": "median_income", "median_income": 81280.0, "income_moe": 21839.0, "tract_area_m2": 7982497.2947071493, "solar_area_m2": 25472.117389410974, "solar_polygon_count": 94, "solar_fraction": 0.0031909960566225862, "solar_percent": 0.31909960566225859, "residential_solar_m2": 25472.117389410974, "residential_polygon_count": 94, "residential_solar_percent": 0.31909960566225859 }, "geometry": { "type": "MultiPolygon", "coordinates": [ [ [ [ 1625832.900588531279936, 117589.083023052473436 ], [ 1627736.738379996037111, 117385.894931812537834 ], [ 1627626.029810326872393, 117906.475423609721474 ], [ 1628845.952284526312724, 118286.530964598830906 ], [ 1628907.860951710492373, 118439.813983192914748 ], [ 1628866.724625491304323, 118442.36573614399822 ], [ 1628790.686229690909386, 118972.017993059693254 ], [ 1628479.241978526115417, 118834.047526230031508 ], [ 1628216.24462004727684, 119447.293224281180301 ], [ 1628985.662521811434999, 119776.60073875451053 ], [ 1628553.123161337571219, 120838.147020004398655 ], [ 1628515.779338694410399, 121068.826775490335422 ], [ 1628926.55185375502333, 121549.695394323425717 ], [ 1629158.018721049651504, 121351.304740303414292 ], [ 1629109.676785130985081, 121030.554587480408372 ], [ 1630101.305408792570233, 120887.227624049060978 ], [ 1630378.822796594817191, 121476.022293353060377 ], [ 1630418.222079780884087, 121287.481841992368572 ], [ 1630270.807768640806898, 120169.752569135627709 ], [ 1630288.378635150147602, 119607.056517270277254 ], [ 1630335.942150660557672, 119439.220493357512169 ], [ 1630774.302162453532219, 118344.994667727762135 ], [ 1630720.520295249298215, 117983.922317945238319 ], [ 1627430.992332205874845, 116963.495457201264799 ], [ 1626983.23853326914832, 116982.13302414987993 ], [ 1625987.112566013354808, 117077.568537954153726 ], [ 1625832.900588531279936, 117589.083023052473436 ] ] ] ] } },
{ "type": "Feature", "properties": { "GEOID": "15003008626", "NAME": "Census Tract 86.26; Honolulu County; Hawaii", "variable": "median_income", "median_income": 95809.0, "income_moe": 54351.0, "tract_area_m2": 25502755.956767216, "solar_area_m2": 137856.04709060257, "solar_polygon_count": 494, "solar_fraction": 0.0054055352811397681, "solar_percent": 0.54055352811397683, "residential_solar_m2": 137856.04709060257, "residential_polygon_count": 494, "residential_solar_percent": 0.54055352811397683 }, "geometry": { "type": "MultiPolygon", "coordinates": [ [ [ [ 1622461.216452761320397, 62670.157265795227431 ], [ 1625030.350904680322856, 63804.893814204893715 ], [ 1625489.501749223330989, 64005.280844858716591 ], [ 1627145.892822384135798, 65572.291893968169461 ], [ 1627809.670309607870877, 66297.189536212841631 ], [ 1628647.000125369755551, 67096.161269182237447 ], [ 1630743.385135339573026, 67803.36357352687628 ], [ 1630944.02117743412964, 67016.515978023351636 ], [ 1629338.444973873673007, 66864.983201604176429 ], [ 1628452.458401093026623, 66068.554365254633012 ], [ 1629248.234453825978562, 65087.956076103575469 ], [ 1629478.250171785010025, 64908.097204515361227 ], [ 1628863.510995158459991, 64307.401936494024994 ], [ 1629690.683444094844162, 63590.164089255107683 ], [ 1628460.397616521222517, 61996.097776521688502 ], [ 1628019.530604786006734, 61414.263442313589621 ], [ 1627044.62735502095893, 60707.603713124706701 ], [ 1625212.136240826454014, 60393.513452880775731 ], [ 1624019.45690016518347, 60022.618540455310722 ], [ 1624005.513592883013189, 60058.221782998902199 ], [ 1623856.424764384515584, 60002.689639910269761 ], [ 1623229.574211969505996, 61276.095510870967701 ], [ 1623108.101862762356177, 61364.405571562645491 ], [ 1623049.251173377037048, 61450.152796970614872 ], [ 1622461.216452761320397, 62670.157265795227431 ] ] ] ] } },
{ "type": "Feature", "properties": { "GEOID": "15003000120", "NAME": "Census Tract 1.20; Honolulu County; Hawaii", "variable": "median_income", "median_income": 166215.0, "income_moe": 18138.0, "tract_area_m2": 23903342.968189739, "solar_area_m2": 165804.24229074924, "solar_polygon_count": 560, "solar_fraction": 0.0069364457729364217, "solar_percent": 0.69364457729364215, "residential_solar_m2": 154672.1079834188, "residential_polygon_count": 559, "residential_solar_percent": 0.64707312357628988 }, "geometry": { "type": "MultiPolygon", "coordinates": [ [ [ [ 1746057.92498344136402, 47290.615315821487457 ], [ 1746458.491803402779624, 47697.527904534297704 ], [ 1746718.863743429770693, 48070.382846455344406 ], [ 1746939.467260701116174, 48410.46695137185452 ], [ 1747186.165271407226101, 49150.91519579134183 ], [ 1747535.406565690413117, 49507.604615945077967 ], [ 1747644.755008351523429, 49981.875908922673261 ], [ 1747622.969721386907622, 50492.574641954546678 ], [ 1747685.950855046510696, 50660.526171209676249 ], [ 1748012.034736540401354, 51355.003864047488605 ], [ 1747824.940169635228813, 51970.716824591334444 ], [ 1747966.744282808853313, 52891.863287350875908 ], [ 1747686.525078438455239, 53438.734333933454764 ], [ 1747862.843165091704577, 54121.651733496713859 ], [ 1747691.042119777062908, 55775.955568379358738 ], [ 1748297.480005376972258, 55834.566875146963866 ], [ 1748632.154240128351375, 55962.745236496186408 ], [ 1748839.149139955174178, 55772.088567394879647 ], [ 1749820.385204190621153, 55643.307363975676708 ], [ 1750098.906424082117155, 54433.857455064302485 ], [ 1749851.903260255465284, 53374.450928661659418 ], [ 1750000.702577013522387, 52017.97999747893482 ], [ 1749707.60745642031543, 51687.542727823587484 ], [ 1750097.212698807241395, 50932.394599449529778 ], [ 1750304.35176021209918, 49851.758406196342548 ], [ 1749872.839789266930893, 48615.79566503452952 ], [ 1749958.542927036061883, 47488.777622761073872 ], [ 1749862.749534691218287, 47386.506540355498146 ], [ 1749560.323387264972553, 46441.41799296431418 ], [ 1748930.668850491056219, 46195.305788214696804 ], [ 1748075.997331923106685, 45938.941616191987123 ], [ 1747694.948397883214056, 46156.860890313088021 ], [ 1747104.825526519911364, 46570.163500993156049 ], [ 1746356.551439557224512, 47084.146192004001932 ], [ 1746057.92498344136402, 47290.615315821487457 ] ] ] ] } },
{ "type": "Feature", "properties": { "GEOID": "15003007815", "NAME": "Census Tract 78.15; Honolulu County; Hawaii", "variable": "median_income", "median_income": 167045.0, "income_moe": 7415.0, "tract_area_m2": 214619850.56164941, "solar_area_m2": 72890.865407600519, "solar_polygon_count": 267, "solar_fraction": 0.0003396277893999496, "solar_percent": 0.033962778939994963, "residential_solar_m2": 72890.865407600519, "residential_polygon_count": 267, "residential_solar_percent": 0.033962778939994963 }, "geometry": { "type": "MultiPolygon", "coordinates": [ [ [ [ 1654993.77768906019628, 90962.842499985781615 ], [ 1655624.751661734655499, 90975.732610181745258 ], [ 1655878.756989259738475, 91274.04085424693767 ], [ 1656709.072768100304529, 91224.158185657885042 ], [ 1657881.032359005184844, 91806.469126484997105 ], [ 1657975.08977890945971, 92300.531802230296307 ], [ 1658778.903965123463422, 93113.048970384013955 ], [ 1660076.698684674920514, 93559.230023591953795 ], [ 1661165.409786499338225, 94576.040949853311758 ], [ 1662021.473976279841736, 94662.109927367622731 ], [ 1662807.987878416199237, 95133.944602194722393 ], [ 1664487.739708290901035, 95392.95346268962021 ], [ 1664875.974276690278202, 95794.894806840966339 ], [ 1665624.189713718602434, 95893.323188200243749 ], [ 1666464.342795015312731, 95769.492197025494534 ], [ 1666978.20029448857531, 95895.433351022860734 ], [ 1667304.48773860395886, 95669.649541287581087 ], [ 1668228.587298236088827, 95681.74769609082432 ], [ 1668544.749567368067801, 95319.743942523098667 ], [ 1669178.74838946107775, 95929.994509321215446 ], [ 1670459.355730006005615, 95820.269614543532953 ], [ 1671269.085347570944577, 96570.499444687724463 ], [ 1671689.156828360166401, 96518.798003324773163 ], [ 1672177.169484164332971, 97176.949525294141495 ], [ 1672935.307340551633388, 97125.097068609655253 ], [ 1673345.352776134386659, 97883.471704646086437 ], [ 1673557.344617580063641, 97713.234222106446396 ], [ 1674550.857632797211409, 98150.499248117819661 ], [ 1674962.381344163091853, 98679.307401726808166 ], [ 1675362.73907128861174, 98589.479864993161755 ], [ 1675632.217300870921463, 98926.035876728681615 ], [ 1675960.597159496275708, 98650.176239941923996 ], [ 1676048.411894240416586, 99056.359489678739919 ], [ 1677022.34239203389734, 99219.396562918307609 ], [ 1677750.532999290386215, 99159.963641907539568 ], [ 1677889.907962470781058, 99736.555197548019351 ], [ 1678186.271797828609124, 99536.608029335242463 ], [ 1678993.861978555098176, 100195.777052317003836 ], [ 1679273.870961244450882, 100039.778544023734867 ], [ 1679975.797555507393554, 100530.696216072290554 ], [ 1681479.668034659698606, 100978.280606207801611 ], [ 1682584.520530668320134, 102379.875937251228606 ], [ 1683112.097774746129289, 102658.553709614498075 ], [ 1683280.80780287203379, 100504.190803596007754 ], [ 1683790.277507327729836, 99231.375347701352439 ], [ 1685690.649874701397493, 98140.994881712569622 ], [ 1686614.569758433615789, 97915.83952048473293 ], [ 1687122.266723459586501, 97232.62604356383963 ], [ 1688319.014909651363268, 95452.25988703792973 ], [ 1688321.980245254235342, 95180.180789841237129 ], [ 1687110.259341281838715, 95797.011552349402336 ], [ 1686724.081550195813179, 95568.547587541659595 ], [ 1685945.69859458738938, 95785.833459104629583 ], [ 1685102.447061809478328, 95086.571519241857459 ], [ 1684618.085436497814953, 95116.318519364111125 ], [ 1683846.800799042684957, 94555.175135133176809 ], [ 1683218.582305775023997, 94558.66323844861472 ], [ 1682532.959278451045975, 94033.933847909924225 ], [ 1681302.864807272329926, 93826.645505955675617 ], [ 1680893.699445992009714, 92912.009393725180416 ], [ 1679922.888330086600035, 93448.905712244348251 ], [ 1679113.027989084366709, 92980.070831168515724 ], [ 1678963.801099047996104, 92379.858411332766991 ], [ 1678517.221863940590993, 92819.444693258425104 ], [ 1678433.582454981049523, 92293.385583526323899 ], [ 1677837.636219764128327, 92318.755747580697061 ], [ 1677914.161011833697557, 91844.756190936255734 ], [ 1677502.056348367594182, 91627.96575753025536 ], [ 1677189.912310960469767, 91961.948181732324883 ], [ 1676570.001356214052066, 91709.059506172692636 ], [ 1676686.235561377601698, 91349.148601965192938 ], [ 1676214.161606655223295, 91272.908726962035871 ], [ 1675293.036336384015158, 90237.737304520764155 ], [ 1674684.948030323954299, 90068.791334001900395 ], [ 1674554.733472486725077, 90498.806417802814394 ], [ 1674309.39490357786417, 90101.97137234028196 ], [ 1673059.164171399315819, 89805.499522483252804 ], [ 1673121.271323575871065, 89481.510720627513365 ], [ 1672011.139717342099175, 88654.79196561248682 ], [ 1671331.196997858583927, 87986.724709711401374 ], [ 1671024.937124731717631, 88174.716179305396508 ], [ 1670979.292894758051261, 87688.286909746355377 ], [ 1670356.946152858436108, 87392.241965580295073 ], [ 1670553.230006262427196, 86782.078300622975803 ], [ 1669895.159423362230882, 86471.851660922693554 ], [ 1669884.642692136811092, 85803.087421932985308 ], [ 1668464.243309558136389, 86709.741690257302253 ], [ 1666442.182399431243539, 87507.522942180701648 ], [ 1666223.71342611964792, 87670.156640169152524 ], [ 1665204.352790888864547, 88119.750787862853031 ], [ 1665060.786002251319587, 88154.193875368146109 ], [ 1664920.404343764530495, 88660.87472063266614 ], [ 1664381.392538891173899, 88328.975148075420293 ], [ 1664007.457514114445075, 88536.955666785637732 ], [ 1663099.190732688410208, 88596.862961519946111 ], [ 1661396.730155475670472, 88432.337318723075441 ], [ 1661262.81103665032424, 88160.20439840828476 ], [ 1659098.394534142455086, 87959.974458413067623 ], [ 1658750.156443157698959, 87683.777525774086826 ], [ 1658229.885471124434844, 88133.678333139410825 ], [ 1657376.569500401383266, 86543.419707268330967 ], [ 1657121.155906585743651, 85263.944749661430251 ], [ 1656684.324367990950122, 85371.334253141554655 ], [ 1655952.088842459954321, 85910.190972609547316 ], [ 1656121.772076441673562, 86139.819613764586393 ], [ 1656874.823717574821785, 87593.441814657548093 ], [ 1656645.230612789047882, 87519.630143602684257 ], [ 1655752.788354363990948, 89302.964214109655586 ], [ 1655299.071704104542732, 90318.142962064957828 ], [ 1654993.77768906019628, 90962.842499985781615 ] ] ] ] } },
{ "type": "Feature", "properties": { "GEOID": "15003008418", "NAME": "Census Tract 84.18; Honolulu County; Hawaii", "variable": "median_income", "median_income": 128469.0, "income_moe": 6922.0, "tract_area_m2": 10468076.285905018, "solar_area_m2": 150413.1130430956, "solar_polygon_count": 479, "solar_fraction": 0.014368744450747152, "solar_percent": 1.4368744450747153, "residential_solar_m2": 150413.1130430956, "residential_polygon_count": 479, "residential_solar_percent": 1.4368744450747153 }, "geometry": { "type": "MultiPolygon", "coordinates": [ [ [ [ 1632779.410506421467289, 51279.668201134707488 ], [ 1633639.045931412838399, 52235.273416413103405 ], [ 1633878.99873580224812, 52019.834141644976626 ], [ 1636030.84916844801046, 54465.40383613009908 ], [ 1637042.704361255979165, 52883.72285398846725 ], [ 1637518.560751222539693, 52676.640340011639637 ], [ 1637687.054711167234927, 52665.370635336868872 ], [ 1638410.055682565784082, 52828.439712855571997 ], [ 1639301.546584905358031, 53029.293177811996429 ], [ 1643510.761300999205559, 54024.323381457732467 ], [ 1643736.536199575290084, 53507.550681066139077 ], [ 1638541.598280494101346, 52280.924770597353927 ], [ 1637245.568061051191762, 51974.994017616365454 ], [ 1633153.81599860987626, 51009.355483806459233 ], [ 1633053.601263783872128, 50990.290323520974198 ], [ 1633028.552628199569881, 51046.787708685871621 ], [ 1632779.410506421467289, 51279.668201134707488 ] ] ] ] } },
{ "type": "Feature", "properties": { "GEOID": "15003007507", "NAME": "Census Tract 75.07; Honolulu County; Hawaii", "variable": "median_income", "median_income": 132045.0, "income_moe": 24919.0, "tract_area_m2": 241118107.512687, "solar_area_m2": 414665.9737692714, "solar_polygon_count": 778, "solar_fraction": 0.0017197628915010159, "solar_percent": 0.1719762891501016, "residential_solar_m2": 344762.24657096039, "residential_polygon_count": 771, "residential_solar_percent": 0.14298480115302825 }, "geometry": { "type": "MultiPolygon", "coordinates": [ [ [ [ 1664875.580157646676525, 77343.559116004762473 ], [ 1665166.237136131851003, 77138.452606910592294 ], [ 1665632.261053087888286, 77354.80827913293615 ], [ 1666078.433388700941578, 77809.091938436540659 ], [ 1666400.236107813427225, 77929.122210443150834 ], [ 1666742.301612777169794, 78353.210693529588752 ], [ 1667403.671965202549472, 78426.918386732737417 ], [ 1667818.642333810450509, 78641.451248500379734 ], [ 1667872.528956815367565, 79049.780126195459161 ], [ 1668553.021628647577018, 79618.268502707986045 ], [ 1669419.16725624166429, 79729.161664230108727 ], [ 1669990.694459503516555, 79810.481215069725295 ], [ 1670734.859698344720528, 80230.823813571667415 ], [ 1671398.823809019988403, 81063.06452141245245 ], [ 1672642.955426788888872, 81673.346722706337459 ], [ 1673218.187059016432613, 82329.013858412086847 ], [ 1673847.103127526352182, 82525.926144254262908 ], [ 1674438.65592037467286, 82622.926121426033205 ], [ 1675274.863406806252897, 82641.627973287046188 ], [ 1676835.85144541808404, 83939.863854661802179 ], [ 1676949.503466359805316, 84398.010087331043906 ], [ 1677407.299151572398841, 84546.534496841748478 ], [ 1677432.908494657604024, 84900.365839878184488 ], [ 1677950.661377868615091, 85405.293031199078541 ], [ 1678590.364467456704006, 85665.839434918743791 ], [ 1678968.770076477201656, 85498.285804130282486 ], [ 1679564.561402790946886, 85788.962696442060405 ], [ 1680299.097117330180481, 86593.03415057255188 ], [ 1682532.889042006572708, 87656.917766306811245 ], [ 1684131.351741642924026, 88076.676766984397545 ], [ 1685023.318621223326772, 88838.442221502569737 ], [ 1685656.096733123995364, 89555.321764087595511 ], [ 1686029.911667252425104, 89579.25171280388895 ], [ 1687203.500009916489944, 90311.871693792578299 ], [ 1688271.306139791151509, 90244.88882650990854 ], [ 1689392.35285498178564, 90359.605863618082367 ], [ 1690253.479149078018963, 90879.500838068459416 ], [ 1690808.487714332295582, 91004.983270251861541 ], [ 1692629.949022029992193, 92094.333897875374532 ], [ 1693698.945111838169396, 92170.222092684387462 ], [ 1694186.685513918753713, 91857.581270880400552 ], [ 1694515.426868244772777, 91698.805675767798675 ], [ 1694737.449061074061319, 91456.373594324875739 ], [ 1695376.116674271412194, 91252.512151702219853 ], [ 1695600.825318316463381, 89733.22823303010955 ], [ 1696032.499132392462343, 89395.118165310763288 ], [ 1696014.566705315141007, 89302.831523255663342 ], [ 1695943.889468083390966, 89229.379507037854637 ], [ 1695798.752674659946933, 89120.977364887745352 ], [ 1695611.789493238320574, 88998.728500413984875 ], [ 1695456.49891232769005, 88839.460465202326304 ], [ 1695413.362786152632907, 88776.572101350393496 ], [ 1695295.180829556658864, 85938.304632538973237 ], [ 1695018.963953741360456, 85926.760500784046599 ], [ 1695219.420444638235494, 85508.854442386116716 ], [ 1695221.008539988193661, 85287.267969724183786 ], [ 1694341.338085422059521, 85234.063353092467878 ], [ 1694105.583709445782006, 84899.990772145087249 ], [ 1693124.566674751695246, 84808.925556477130158 ], [ 1691772.145073665073141, 84273.617662568081869 ], [ 1690656.879164561163634, 83668.821099176682765 ], [ 1689984.286245072027668, 82593.310514261960634 ], [ 1689683.957707760389894, 81777.517381663943524 ], [ 1689176.341011869721115, 81804.296210818254622 ], [ 1688671.427653533173725, 81098.390123996970942 ], [ 1687994.883762902580202, 80940.129479763592826 ], [ 1687387.380218004574999, 80416.863540975638898 ], [ 1685763.638259549858049, 79877.112838129585725 ], [ 1682587.547409740043804, 77449.403873621573439 ], [ 1674452.074781723320484, 73833.920788504954544 ], [ 1672997.878399104811251, 73716.773259337598574 ], [ 1672282.930541122797877, 73820.597372875694418 ], [ 1671694.257619195850566, 73280.450384829251561 ], [ 1671162.066809478681535, 73315.377837771186023 ], [ 1670846.26395904016681, 73384.579343004646944 ], [ 1669560.451077491510659, 73941.462637816352071 ], [ 1669532.543969568330795, 73952.345146719002514 ], [ 1668147.384202425833791, 74547.713638576737139 ], [ 1667796.878696767613292, 74632.535191321090679 ], [ 1666637.292093575932086, 74635.223569630965358 ], [ 1665868.870476053329185, 74905.115501111416961 ], [ 1665812.027861760696396, 74948.316045522500644 ], [ 1665768.908218204043806, 75471.385439290039358 ], [ 1665203.301193400053307, 76451.550761122387485 ], [ 1665252.960191727150232, 76486.809725688945036 ], [ 1665288.333532163174823, 76512.254152988825808 ], [ 1665753.307801346760243, 76800.171963452317868 ], [ 1664998.476175185758621, 77189.957730040507158 ], [ 1664875.580157646676525, 77343.559116004762473 ] ] ] ] } },
{ "type": "Feature", "properties": { "GEOID": "15003008013", "NAME": "Census Tract 80.13; Honolulu County; Hawaii", "variable": "median_income", "median_income": 133958.0, "income_moe": 21195.0, "tract_area_m2": 7462222.7849916043, "solar_area_m2": 99388.996859719002, "solar_polygon_count": 331, "solar_fraction": 0.013318953309678066, "solar_percent": 1.3318953309678065, "residential_solar_m2": 99388.996859719002, "residential_polygon_count": 331, "residential_solar_percent": 1.3318953309678065 }, "geometry": { "type": "MultiPolygon", "coordinates": [ [ [ [ 1653425.658637195825577, 89686.673705606066505 ], [ 1654426.553303388878703, 90409.447945733685629 ], [ 1654616.344467291841283, 90463.260347494971938 ], [ 1655299.071704104542732, 90318.142962064957828 ], [ 1655752.788354363990948, 89302.964214109655586 ], [ 1656645.230612789047882, 87519.630143602684257 ], [ 1656149.749782922444865, 87013.100087312996038 ], [ 1655491.259104193421081, 86701.961274814879289 ], [ 1655021.421800749842077, 86896.173756618940388 ], [ 1654379.9559793821536, 87794.339385661485721 ], [ 1654051.590059645939618, 88193.83848326918087 ], [ 1653798.46836888929829, 88342.347036344654043 ], [ 1653006.145961769158021, 88660.36850765926647 ], [ 1653425.658637195825577, 89686.673705606066505 ] ] ] ] } },
{ "type": "Feature", "properties": { "GEOID": "15003008623", "NAME": "Census Tract 86.23; Honolulu County; Hawaii", "variable": "median_income", "median_income": 138723.0, "income_moe": 31119.0, "tract_area_m2": 55635412.223897435, "solar_area_m2": 303139.9806828461, "solar_polygon_count": 705, "solar_fraction": 0.0054486875995975173, "solar_percent": 0.5448687599597517, "residential_solar_m2": 249176.88316459223, "residential_polygon_count": 703, "residential_solar_percent": 0.44787460576693938 }, "geometry": { "type": "MultiPolygon", "coordinates": [ [ [ [ 1614735.898434225469828, 64441.993523638251645 ], [ 1617283.248244085814804, 66956.378393930965103 ], [ 1618039.109388703247532, 67888.171715628617676 ], [ 1618596.717642818810418, 69219.637962178443559 ], [ 1618964.315167227759957, 71133.122808516694931 ], [ 1619297.03814610443078, 71825.720246939206845 ], [ 1619977.17264542542398, 72537.438649095594883 ], [ 1621693.994577498175204, 71091.413631808231003 ], [ 1622326.716633882373571, 70524.153169232435175 ], [ 1623087.267771261045709, 69552.55483580652799 ], [ 1623656.048647945048288, 67899.196169813832967 ], [ 1623568.468995499191806, 66425.131990189649514 ], [ 1623290.149340693373233, 65518.897616575995926 ], [ 1622504.698759677121416, 64467.166675891377963 ], [ 1622197.828397430246696, 63750.930570398741111 ], [ 1622246.960746044060215, 63118.486430924946035 ], [ 1622461.216452761320397, 62670.157265795227431 ], [ 1623049.251173377037048, 61450.152796970614872 ], [ 1621897.529213065514341, 61392.417573423488648 ], [ 1621541.802897993242368, 61184.396528216719162 ], [ 1621218.743900017347187, 60969.10103990155767 ], [ 1620277.052914119325578, 61958.226954610770917 ], [ 1618633.179579581832513, 62651.234382258640835 ], [ 1618614.28613941767253, 63893.212064476407249 ], [ 1617654.548969901632518, 63824.955935205136484 ], [ 1617164.989225825527683, 63419.409865090703533 ], [ 1616170.086697296472266, 63127.067000817747612 ], [ 1616242.212234372505918, 63074.362383585554198 ], [ 1615932.343498998787254, 62700.350067277118796 ], [ 1615221.153103368356824, 62186.310214168152015 ], [ 1615017.722876650514081, 62373.845978784243925 ], [ 1613983.087379061151296, 63699.138847709662514 ], [ 1614735.898434225469828, 64441.993523638251645 ] ] ] ] } },
{ "type": "Feature", "properties": { "GEOID": "15003010102", "NAME": "Census Tract 101.02; Honolulu County; Hawaii", "variable": "median_income", "median_income": 100571.0, "income_moe": 38897.0, "tract_area_m2": 223942411.43323696, "solar_area_m2": 102744.46628112803, "solar_polygon_count": 144, "solar_fraction": 0.00045879860640760681, "solar_percent": 0.045879860640760682, "residential_solar_m2": 58356.782882586267, "residential_polygon_count": 141, "residential_solar_percent": 0.026058834728581073 }, "geometry": { "type": "MultiPolygon", "coordinates": [ [ [ [ 1620927.59914982621558, 179231.354860547173303 ], [ 1624468.863165308721364, 182864.310871016263263 ], [ 1626070.27969549736008, 184151.344898326467955 ], [ 1626814.355944250244647, 184749.38573574158363 ], [ 1627819.940532241715118, 186927.664969695411855 ], [ 1629446.765308096306399, 187480.924410296662245 ], [ 1629783.16373747610487, 188782.452197747858008 ], [ 1630994.116228186059743, 189985.73585579302744 ], [ 1632416.980125689180568, 190928.64445461134892 ], [ 1632882.608149726875126, 190762.830214237648761 ], [ 1633199.947120426455513, 190014.812089835235383 ], [ 1633278.302546123508364, 189480.794103102030931 ], [ 1633769.771442001219839, 188268.497208794462495 ], [ 1634086.176498235436156, 187994.552577237365767 ], [ 1634226.30069276294671, 187138.308514916687272 ], [ 1634644.501494378317147, 186190.489858911168994 ], [ 1635058.711743459105492, 185920.173343433940317 ], [ 1635244.998516100691631, 184686.127460440329742 ], [ 1635483.266231986694038, 183665.680328945745714 ], [ 1635391.536687485408038, 183145.850348547741305 ], [ 1635799.625642635393888, 182453.421486645529512 ], [ 1636764.265024978201836, 181591.670950864849146 ], [ 1637190.345886077964678, 180318.384613580594305 ], [ 1637863.706825943430886, 179901.314779357227962 ], [ 1638830.441080836113542, 178271.652238620648859 ], [ 1639643.749914126237854, 177617.386882824852364 ], [ 1640471.002066456479952, 177358.00734202816966 ], [ 1640968.516873124521226, 176726.649167920957552 ], [ 1641208.622937243897468, 176141.426438331749523 ], [ 1641081.623353281989694, 175168.591500928800087 ], [ 1641457.596781927160919, 173901.517339235026157 ], [ 1641802.999903118237853, 173471.052330765349325 ], [ 1642220.774734780890867, 172274.459449729969492 ], [ 1641885.249926442047581, 171253.302457253768807 ], [ 1642540.142605516826734, 169370.870426938403398 ], [ 1641850.641350165009499, 169993.488262069615303 ], [ 1641146.899571510963142, 170033.070032731688116 ], [ 1640112.005388187477365, 169796.578482628974598 ], [ 1639822.29415050544776, 170303.339639905112563 ], [ 1639181.057058138074353, 170558.728107304690639 ], [ 1638260.61691192118451, 170160.979312568932073 ], [ 1638147.530822456814349, 170505.725304063933436 ], [ 1637516.135937633924186, 170436.008783603581833 ], [ 1636823.909039644757286, 169858.092142817185959 ], [ 1635789.696295330766588, 169906.487296091509052 ], [ 1635655.565743753686547, 170226.174968398641795 ], [ 1635138.595694249728695, 169876.397154148755362 ], [ 1634838.3680215543136, 170044.984326690901071 ], [ 1634352.646248676348478, 169765.684897047496634 ], [ 1634446.00389896822162, 169370.438847470504697 ], [ 1633627.824246660806239, 169612.474108253314625 ], [ 1633657.809006298426539, 170361.528654464054853 ], [ 1633985.24927617306821, 170576.905632127512945 ], [ 1634189.447283153887838, 171208.604192503698869 ], [ 1633418.162331430241466, 171416.853434380143881 ], [ 1632811.626704667462036, 171772.576819328009151 ], [ 1631251.960740168113261, 173292.375597245263634 ], [ 1630414.713857711758465, 172880.944706670270534 ], [ 1629938.241828110767528, 172990.380935010616668 ], [ 1630084.13477474427782, 173981.711468532594154 ], [ 1629503.031165992142633, 173897.186950095259817 ], [ 1629098.957004511030391, 174231.479041040758602 ], [ 1628502.923801649594679, 174201.822274322301382 ], [ 1628026.908457467099652, 174742.112164172751363 ], [ 1627434.947354433126748, 174678.319271665561246 ], [ 1626661.444147683214396, 175200.168957515328657 ], [ 1625880.718570517376065, 175337.693876946694218 ], [ 1623622.998385396087542, 176409.280596774275182 ], [ 1622415.129317075246945, 177686.205909515119856 ], [ 1621568.89183110720478, 177772.959638243162772 ], [ 1621441.278017921838909, 177976.799316053598886 ], [ 1620355.197222982766107, 178643.001455213030567 ], [ 1620927.59914982621558, 179231.354860547173303 ] ] ] ] } },
{ "type": "Feature", "properties": { "GEOID": "15003009202", "NAME": "Census Tract 92.02; Honolulu County; Hawaii", "variable": "median_income", "median_income": 107944.0, "income_moe": 28781.0, "tract_area_m2": 13194426.587124083, "solar_area_m2": 74938.017514130959, "solar_polygon_count": 249, "solar_fraction": 0.0056795205929797655, "solar_percent": 0.56795205929797654, "residential_solar_m2": 74938.017514130959, "residential_polygon_count": 249, "residential_solar_percent": 0.56795205929797654 }, "geometry": { "type": "MultiPolygon", "coordinates": [ [ [ [ 1635697.695781141752377, 124636.755198385173571 ], [ 1636319.795952834654599, 124896.07296789441898 ], [ 1636781.794286961434409, 125328.321711264754413 ], [ 1637297.783631885657087, 124910.537039275353891 ], [ 1637865.826557647669688, 125228.724660124818911 ], [ 1638156.107638224493712, 124764.462068516993895 ], [ 1638676.232674814993516, 125572.701532475912245 ], [ 1639866.656061073765159, 124964.937691598504898 ], [ 1639994.474051430588588, 125393.223003866834915 ], [ 1640424.48511975328438, 125139.300835005851695 ], [ 1640969.404335306491703, 124240.592441622851766 ], [ 1640985.046973823569715, 123723.307017249811906 ], [ 1640380.972732562571764, 123380.747639390130644 ], [ 1639832.302065532188863, 123071.977918642776785 ], [ 1638798.173110942589119, 122490.416558999873814 ], [ 1637146.662284270627424, 121803.927088851094595 ], [ 1636480.701385061955079, 121889.338835962233134 ], [ 1636209.76336125144735, 121937.31019332849246 ], [ 1635689.722145950654522, 122893.096691004058812 ], [ 1636384.962736890418455, 123574.156144171574851 ], [ 1635513.055372281465679, 124030.486967189615825 ], [ 1635697.695781141752377, 124636.755198385173571 ] ] ] ] } },
{ "type": "Feature", "properties": { "GEOID": "15003010101", "NAME": "Census Tract 101.01; Honolulu County; Hawaii", "variable": "median_income", "median_income": 95313.0, "income_moe": 34031.0, "tract_area_m2": 74278994.411746934, "solar_area_m2": 70579.092291642868, "solar_polygon_count": 174, "solar_fraction": 0.00095018911942191099, "solar_percent": 0.0950189119421911, "residential_solar_m2": 70579.092291642868, "residential_polygon_count": 174, "residential_solar_percent": 0.0950189119421911 }, "geometry": { "type": "MultiPolygon", "coordinates": [ [ [ [ 1618721.224452068563551, 173219.027531479019672 ], [ 1619274.161395597038791, 177531.89272219108534 ], [ 1620355.197222982766107, 178643.001455213030567 ], [ 1621441.278017921838909, 177976.799316053598886 ], [ 1621568.89183110720478, 177772.959638243162772 ], [ 1622415.129317075246945, 177686.205909515119856 ], [ 1623622.998385396087542, 176409.280596774275182 ], [ 1625880.718570517376065, 175337.693876946694218 ], [ 1626661.444147683214396, 175200.168957515328657 ], [ 1627434.947354433126748, 174678.319271665561246 ], [ 1628026.908457467099652, 174742.112164172751363 ], [ 1628502.923801649594679, 174201.822274322301382 ], [ 1629098.957004511030391, 174231.479041040758602 ], [ 1629503.031165992142633, 173897.186950095259817 ], [ 1630084.13477474427782, 173981.711468532594154 ], [ 1629938.241828110767528, 172990.380935010616668 ], [ 1630414.713857711758465, 172880.944706670270534 ], [ 1631251.960740168113261, 173292.375597245263634 ], [ 1632811.626704667462036, 171772.576819328009151 ], [ 1633418.162331430241466, 171416.853434380143881 ], [ 1634189.447283153887838, 171208.604192503698869 ], [ 1633985.24927617306821, 170576.905632127512945 ], [ 1633657.809006298426539, 170361.528654464054853 ], [ 1633627.824246660806239, 169612.474108253314625 ], [ 1633264.103189819026738, 169905.679309712431859 ], [ 1632559.961190406233072, 169503.278628263651626 ], [ 1632465.940850625745952, 169913.422128264617641 ], [ 1631601.240553409326822, 170112.993544577358989 ], [ 1631000.969859985169023, 169429.063782248296775 ], [ 1630186.910621540853754, 169815.732286714453949 ], [ 1629952.507428526878357, 169571.66221517426311 ], [ 1629620.745524351485074, 169925.915226437995443 ], [ 1629066.392883029300719, 169676.103199734439841 ], [ 1628616.412724907742813, 169900.701447375438875 ], [ 1627968.353867899393663, 169824.927309398073703 ], [ 1627544.203147263498977, 170093.120788621978136 ], [ 1626356.171354617923498, 170239.8208969294501 ], [ 1625951.942088936222717, 170037.953127678745659 ], [ 1624997.643991715041921, 170378.605403225141345 ], [ 1624583.484117276035249, 169920.647059711976908 ], [ 1623759.13162132143043, 169805.381555987987667 ], [ 1622733.336895280051976, 170617.98259971968946 ], [ 1621804.996936915442348, 170320.421969357295893 ], [ 1620912.342462014872581, 171032.386571745417314 ], [ 1620256.561580448178574, 171184.479115831607487 ], [ 1619728.944189623463899, 171635.862472544424236 ], [ 1619168.788084719330072, 172228.212409851374105 ], [ 1618758.487907910253853, 172150.037986617855495 ], [ 1619043.913262259447947, 172496.718172219669214 ], [ 1618721.224452068563551, 173219.027531479019672 ] ] ] ] } },
{ "type": "Feature", "properties": { "GEOID": "15003008010", "NAME": "Census Tract 80.10; Honolulu County; Hawaii", "variable": "median_income", "median_income": 131875.0, "income_moe": 46438.0, "tract_area_m2": 5473477.0872471174, "solar_area_m2": 97483.118853296866, "solar_polygon_count": 351, "solar_fraction": 0.017810089875122864, "solar_percent": 1.7810089875122865, "residential_solar_m2": 97483.118853296866, "residential_polygon_count": 351, "residential_solar_percent": 1.7810089875122865 }, "geometry": { "type": "MultiPolygon", "coordinates": [ [ [ [ 1649810.57349243434146, 87119.496341069418122 ], [ 1650425.891151431715116, 87425.108118434160133 ], [ 1650763.645909677958116, 87611.88713273666508 ], [ 1651440.398317367769778, 88521.62089034426026 ], [ 1651790.752341594779864, 88597.252080441336147 ], [ 1652672.877597437007353, 88256.711123162720469 ], [ 1652823.244856621837243, 88198.624546646955423 ], [ 1652072.222892992896959, 86331.672294924894231 ], [ 1651799.203904897207394, 85651.957921915542101 ], [ 1651737.322314687538892, 85501.919287984419498 ], [ 1651107.581004422158003, 85801.477239462707075 ], [ 1650268.29801094927825, 86087.563030984645593 ], [ 1649471.541143796639517, 86404.546140326172463 ], [ 1649810.57349243434146, 87119.496341069418122 ] ] ] ] } },
{ "type": "Feature", "properties": { "GEOID": "15003011600", "NAME": "Census Tract 116; Honolulu County; Hawaii", "variable": "median_income", "median_income": 141607.0, "income_moe": 51606.0, "tract_area_m2": 65001501.423484668, "solar_area_m2": 115613.95520581995, "solar_polygon_count": 346, "solar_fraction": 0.0017786351495574729, "solar_percent": 0.17786351495574729, "residential_solar_m2": 115613.95520581995, "residential_polygon_count": 346, "residential_solar_percent": 0.17786351495574729 }, "geometry": { "type": "MultiPolygon", "coordinates": [ [ [ [ 1695024.707791403867304, 52938.647005998987879 ], [ 1695361.631692881230265, 53334.576014463607862 ], [ 1695725.364461691817269, 53805.002223383206001 ], [ 1695815.902723303996027, 54139.290666537242942 ], [ 1695907.10369726200588, 54489.926492608516128 ], [ 1696921.846251255832613, 55078.733278284322296 ], [ 1697056.566531415330246, 55144.987885887727316 ], [ 1696785.048336517764255, 54721.872324237388966 ], [ 1697321.31350980210118, 54888.083052887537633 ], [ 1697509.947339378995821, 55148.737807560479268 ], [ 1697830.64045503269881, 56050.317662869972992 ], [ 1697061.036595386918634, 55746.907327007756976 ], [ 1697022.854000685038045, 56126.832556369445228 ], [ 1698021.108602448599413, 57449.057187508755305 ], [ 1700163.216708200983703, 59412.621454611056834 ], [ 1701759.708562731277198, 60094.803834913334867 ], [ 1702578.281509207328781, 60650.439655217851396 ], [ 1703671.923907383810729, 61129.038460836061859 ], [ 1704924.643936163047329, 62323.830508852399362 ], [ 1705707.012437233002856, 62651.709349413788004 ], [ 1706149.888780422508717, 62288.993699179591204 ], [ 1706354.759399374015629, 61744.35982245055493 ], [ 1706424.749968131538481, 60182.804472156502015 ], [ 1706087.028049598680809, 58039.175261161530216 ], [ 1704048.871860832674429, 54658.798229020350846 ], [ 1703896.279756868490949, 54456.283859602830489 ], [ 1701932.561248557409272, 52417.221241078732419 ], [ 1701374.468000158434734, 52578.596398109883012 ], [ 1700607.053163084434345, 51813.803777886729222 ], [ 1700103.374065957963467, 51711.892989681080508 ], [ 1700191.356275608530268, 52180.590469722308626 ], [ 1699426.866326744668186, 52759.863430388984852 ], [ 1699930.640881221974269, 53995.488921192671114 ], [ 1698999.903026890009642, 52859.654131321891327 ], [ 1698943.579531487310305, 52380.821943280170672 ], [ 1699346.466343634994701, 51890.867989590609795 ], [ 1698725.226323747308925, 51587.234465750836534 ], [ 1698080.828474908601493, 51603.611251752729004 ], [ 1697890.634079366223887, 51201.646901778593019 ], [ 1697608.419546193210408, 50900.570122219789482 ], [ 1697190.008877943037078, 51271.372755221891566 ], [ 1696605.284152657026425, 51511.958900012556114 ], [ 1696137.741154437419027, 51676.752584087378636 ], [ 1695535.436963598011062, 52139.64429452024342 ], [ 1695114.406996565405279, 52098.165683047402126 ], [ 1695121.416124050505459, 52234.756790999977966 ], [ 1695024.707791403867304, 52938.647005998987879 ] ] ] ] } },
{ "type": "Feature", "properties": { "GEOID": "15003008415", "NAME": "Census Tract 84.15; Honolulu County; Hawaii", "variable": "median_income", "median_income": 142446.0, "income_moe": 13161.0, "tract_area_m2": 6492555.9899295149, "solar_area_m2": 210260.05430209832, "solar_polygon_count": 551, "solar_fraction": 0.032384788768588031, "solar_percent": 3.2384788768588031, "residential_solar_m2": 210260.05430209832, "residential_polygon_count": 551, "residential_solar_percent": 3.2384788768588031 }, "geometry": { "type": "MultiPolygon", "coordinates": [ [ [ [ 1632574.499306210083887, 60665.098360729687556 ], [ 1633316.156944901449606, 61055.493944170957548 ], [ 1633843.741823810851201, 61529.474286525750358 ], [ 1634510.883095622295514, 62265.351174973955494 ], [ 1634905.033974380465224, 62715.018916015644209 ], [ 1635315.086363508133218, 62248.558852483547525 ], [ 1636077.376981644658372, 61586.277918389023398 ], [ 1636009.266228277701885, 61057.747615530366602 ], [ 1635394.546640418702736, 60354.540363849955611 ], [ 1634691.027121611870825, 60093.430718260358844 ], [ 1634518.410501685226336, 59536.94320947000233 ], [ 1633427.84849027171731, 58905.737702638733026 ], [ 1633139.978122252272442, 59411.789721835870296 ], [ 1632804.825428545707837, 60062.062203703979321 ], [ 1632574.499306210083887, 60665.098360729687556 ] ] ] ] } },
{ "type": "Feature", "properties": { "GEOID": "15003000121", "NAME": "Census Tract 1.21; Honolulu County; Hawaii", "variable": "median_income", "median_income": 160718.0, "income_moe": 18308.0, "tract_area_m2": 8597138.5924889706, "solar_area_m2": 74469.354593745622, "solar_polygon_count": 168, "solar_fraction": 0.008662109350988826, "solar_percent": 0.86621093509888258, "residential_solar_m2": 74469.354593745622, "residential_polygon_count": 168, "residential_solar_percent": 0.86621093509888258 }, "geometry": { "type": "MultiPolygon", "coordinates": [ [ [ [ 1738517.822361073456705, 41809.650433123177208 ], [ 1739478.837426341837272, 42060.970903882334824 ], [ 1740312.683857605792582, 42585.241745349114353 ], [ 1741114.316782396752387, 42668.107555325506837 ], [ 1741383.787141857203096, 43123.774906218415708 ], [ 1742590.37862345110625, 44195.123234700782632 ], [ 1742595.835368316620588, 44369.134122879004281 ], [ 1743144.274231682531536, 44383.620517724797537 ], [ 1743657.504545520059764, 44117.609706465213094 ], [ 1743242.445117700845003, 43252.986600026037195 ], [ 1742508.444973051082343, 42163.267102061618061 ], [ 1741824.336545733734965, 41141.218426727602491 ], [ 1740939.586830935906619, 39794.414960724614502 ], [ 1739724.144315307028592, 40862.311476239621697 ], [ 1738985.512830729829147, 41498.831468723234138 ], [ 1738517.822361073456705, 41809.650433123177208 ] ] ] ] } },
{ "type": "Feature", "properties": { "GEOID": "15003000117", "NAME": "Census Tract 1.17; Honolulu County; Hawaii", "variable": "median_income", "median_income": 140250.0, "income_moe": 49267.0, "tract_area_m2": 9188667.9245750681, "solar_area_m2": 46564.499962728776, "solar_polygon_count": 105, "solar_fraction": 0.0050676006952207015, "solar_percent": 0.5067600695220702, "residential_solar_m2": 38342.757353712499, "residential_polygon_count": 104, "residential_solar_percent": 0.41728308900101718 }, "geometry": { "type": "MultiPolygon", "coordinates": [ [ [ [ 1740192.940381590742618, 53890.700802310951985 ], [ 1740547.142712151631713, 53055.86554594723566 ], [ 1740933.615339558338746, 52626.489794846878794 ], [ 1740939.63424584036693, 51957.378648836740467 ], [ 1741167.463237401098013, 51178.979473567349487 ], [ 1742285.747992170508951, 50616.949620290091843 ], [ 1742281.389648472424597, 50402.255539778147067 ], [ 1741809.472143057268113, 50097.677997292317741 ], [ 1741358.552736137993634, 49485.464350896916585 ], [ 1741259.692024140618742, 49015.948825439052598 ], [ 1741471.542201350675896, 48596.783832812980108 ], [ 1741317.618593164952472, 47899.765135191853915 ], [ 1741676.775476280134171, 46994.4753984838826 ], [ 1741416.133579002227634, 46924.965572293869627 ], [ 1741155.393152890494093, 46726.136985971323156 ], [ 1740993.876153314253315, 46442.856317319376103 ], [ 1740896.855878689326346, 46076.510740674500994 ], [ 1740987.94106568954885, 45794.429827996151289 ], [ 1740933.665772266918793, 45508.081047331012087 ], [ 1741031.046333813341334, 45319.006024863803759 ], [ 1741207.714072107104585, 45331.324720169781358 ], [ 1741457.64080338482745, 45490.901182546491327 ], [ 1741619.401656422531232, 45464.32460930068919 ], [ 1741012.04170190775767, 44741.390552354161628 ], [ 1741408.8160302832257, 44479.499597487250867 ], [ 1742180.817222191952169, 44733.057294458747492 ], [ 1741822.186513265129179, 44265.22962922444276 ], [ 1741249.852584516163915, 43739.608337120967917 ], [ 1740604.44399604271166, 43689.361240641730546 ], [ 1740826.556745022768155, 44163.100555530603742 ], [ 1740503.818329251604155, 45071.369104771489219 ], [ 1740227.134168040240183, 48865.083524900401244 ], [ 1740308.06286428286694, 50195.122496339608915 ], [ 1740192.940381590742618, 53890.700802310951985 ] ] ] ] } },
{ "type": "Feature", "properties": { "GEOID": "15003005601", "NAME": "Census Tract 56.01; Honolulu County; Hawaii", "variable": "median_income", "median_income": 24158.0, "income_moe": 10407.0, "tract_area_m2": 1684360.7195367513, "solar_area_m2": 31354.673943741655, "solar_polygon_count": 49, "solar_fraction": 0.018615177604215986, "solar_percent": 1.8615177604215987, "residential_solar_m2": 31354.673943741655, "residential_polygon_count": 49, "residential_solar_percent": 1.8615177604215987 }, "geometry": { "type": "MultiPolygon", "coordinates": [ [ [ [ 1685541.664542728802189, 58252.975720774164074 ], [ 1685630.633520890492946, 58496.06860211824096 ], [ 1685745.708536196034402, 58455.481145033852954 ], [ 1685631.631577824940905, 58119.736747206443397 ], [ 1685830.617968849372119, 57864.17305763195327 ], [ 1686222.118900102330372, 58162.375555326863832 ], [ 1686350.609052827814594, 58355.73741087410599 ], [ 1686131.441235572099686, 58728.250296746809909 ], [ 1686617.219291007844731, 59018.181405460862152 ], [ 1687070.288194125285372, 58169.282156546367332 ], [ 1687379.164685424184427, 57585.800162015424576 ], [ 1686810.685431854100898, 57276.901451886726136 ], [ 1686604.903108461527154, 57116.164929897844559 ], [ 1686166.70934580033645, 57283.61331107836304 ], [ 1685488.351325643481687, 58106.538923133397475 ], [ 1685541.664542728802189, 58252.975720774164074 ] ] ] ] } },
{ "type": "Feature", "properties": { "GEOID": "15003003410", "NAME": "Census Tract 34.10; Honolulu County; Hawaii", "variable": "median_income", "median_income": 73171.0, "income_moe": 38061.0, "tract_area_m2": 744459.77372078772, "solar_area_m2": 16319.517573948557, "solar_polygon_count": 16, "solar_fraction": 0.021921288631062085, "solar_percent": 2.1921288631062086, "residential_solar_m2": 16319.517573948557, "residential_polygon_count": 16, "residential_solar_percent": 2.1921288631062086 }, "geometry": { "type": "MultiPolygon", "coordinates": [ [ [ [ 1694698.027981817256659, 49476.494575961587543 ], [ 1695620.236109318910167, 50445.872713790507987 ], [ 1696134.89927073661238, 50151.441353542555589 ], [ 1695763.220022611320019, 49773.634920625816449 ], [ 1695469.529682012740523, 49357.769298953593534 ], [ 1695432.483236414846033, 49300.337048757333832 ], [ 1694965.349281686823815, 49382.319252261528163 ], [ 1694698.027981817256659, 49476.494575961587543 ] ] ] ] } },
{ "type": "Feature", "properties": { "GEOID": "15003009203", "NAME": "Census Tract 92.03; Honolulu County; Hawaii", "variable": "median_income", "median_income": 97534.0, "income_moe": 13742.0, "tract_area_m2": 10487718.383459823, "solar_area_m2": 75888.131070010728, "solar_polygon_count": 213, "solar_fraction": 0.0072359047311657291, "solar_percent": 0.72359047311657287, "residential_solar_m2": 75888.131070010728, "residential_polygon_count": 213, "residential_solar_percent": 0.72359047311657287 }, "geometry": { "type": "MultiPolygon", "coordinates": [ [ [ [ 1633121.238625096622854, 121481.023989043387701 ], [ 1633873.603862486314029, 121850.000319859827869 ], [ 1633395.074932449962944, 122788.367597060045227 ], [ 1633285.659692642278969, 123142.199605087502277 ], [ 1634563.56003337027505, 123600.480474840500392 ], [ 1635184.962051858892664, 123494.706315118266502 ], [ 1635513.055372281465679, 124030.486967189615825 ], [ 1636384.962736890418455, 123574.156144171574851 ], [ 1635689.722145950654522, 122893.096691004058812 ], [ 1636209.76336125144735, 121937.31019332849246 ], [ 1636480.701385061955079, 121889.338835962233134 ], [ 1637007.206242499873042, 120627.693411154410569 ], [ 1634538.29988802340813, 119582.441368801839417 ], [ 1634283.649287744425237, 119448.789783573025488 ], [ 1633745.636591278016567, 120693.389866090772557 ], [ 1633271.445522927446291, 121086.137728813104331 ], [ 1632435.747473471332341, 120532.645362097566249 ], [ 1633121.238625096622854, 121481.023989043387701 ] ] ] ] } },
{ "type": "Feature", "properties": { "GEOID": "15003940007", "NAME": "Census Tract 9400.07; Honolulu County; Hawaii", "variable": "median_income", "median_income": 68333.0, "income_moe": 31175.0, "tract_area_m2": 7933531.6557597537, "solar_area_m2": 20816.114584397175, "solar_polygon_count": 25, "solar_fraction": 0.0026238143978772241, "solar_percent": 0.26238143978772244, "residential_solar_m2": 20816.114584397175, "residential_polygon_count": 25, "residential_solar_percent": 0.26238143978772244 }, "geometry": { "type": "MultiPolygon", "coordinates": [ [ [ [ 1588617.888477264204994, 80205.793630974643747 ], [ 1589624.062668157741427, 81256.94282622836181 ], [ 1589837.549442410003394, 81440.185899646501639 ], [ 1591624.925274199107662, 82081.128434837984969 ], [ 1591747.163161574397236, 82194.716875563914073 ], [ 1592552.918499975930899, 81218.277036015162594 ], [ 1592527.726173437666148, 81199.773427500927937 ], [ 1592974.244837382575497, 80612.713067506658263 ], [ 1593113.693143744254485, 80182.491742742320639 ], [ 1592608.703977599274367, 80447.029745162624749 ], [ 1591318.138624178012833, 79946.539939270762261 ], [ 1591258.788410444743931, 79411.515125938254641 ], [ 1590438.121999823255464, 78635.266804494269309 ], [ 1590313.030730828410015, 78755.985589102754602 ], [ 1589990.859380830312148, 78539.795413282728987 ], [ 1589478.732803802937269, 79409.912256685725879 ], [ 1588617.888477264204994, 80205.793630974643747 ] ] ] ] } },
{ "type": "Feature", "properties": { "GEOID": "15003006500", "NAME": "Census Tract 65; Honolulu County; Hawaii", "variable": "median_income", "median_income": 122308.0, "income_moe": 31015.0, "tract_area_m2": 104126803.85907429, "solar_area_m2": 88515.198133451573, "solar_polygon_count": 263, "solar_fraction": 0.00085007120984188138, "solar_percent": 0.085007120984188139, "residential_solar_m2": 88515.198133451573, "residential_polygon_count": 263, "residential_solar_percent": 0.085007120984188139 }, "geometry": { "type": "MultiPolygon", "coordinates": [ [ [ [ 1687187.573642393806949, 69243.976383037195774 ], [ 1687792.702051006723195, 69905.999336911409046 ], [ 1687990.744705298217013, 70675.190103698856547 ], [ 1687884.900763177545741, 71077.948250610730611 ], [ 1688626.17394546372816, 71667.813962253494537 ], [ 1689132.364384543616325, 71817.934324253044906 ], [ 1690647.783693113131449, 73070.757018532895017 ], [ 1692805.872468505054712, 74328.608230136189377 ], [ 1693413.421681632753462, 74479.595357283964404 ], [ 1694813.193166840821505, 75189.716523950162809 ], [ 1695722.720493509666994, 75813.999951743098791 ], [ 1695925.572296377271414, 76407.773846056617913 ], [ 1697183.432012005709112, 77389.891504780389369 ], [ 1698033.829475500853732, 77572.430208992140251 ], [ 1699189.355040606111288, 78735.75181772862561 ], [ 1700447.508190409047529, 79354.689496689898078 ], [ 1700981.363646613433957, 78717.046020527093788 ], [ 1702122.371775039006025, 78232.673781453006086 ], [ 1703831.075722186593339, 77038.09871239081258 ], [ 1704806.530218189116567, 75919.70109865134873 ], [ 1704938.444841259159148, 74029.099590757730766 ], [ 1705183.54179861722514, 73657.055903468979523 ], [ 1704741.856658507371321, 73111.998871580493869 ], [ 1701613.705609087366611, 71110.410970642828033 ], [ 1700456.436555590247735, 71399.70650212331384 ], [ 1700048.146441159537062, 71362.924256407772191 ], [ 1699163.947965442435816, 70889.711398102546809 ], [ 1693993.167422818252817, 69431.619835928999237 ], [ 1693448.707082025008276, 69431.077723869879264 ], [ 1692734.351423009298742, 69176.094850949331885 ], [ 1691952.21056699892506, 68630.450660331480321 ], [ 1691544.379251180449501, 68085.537466386609594 ], [ 1691238.04373989906162, 68157.897223414111068 ], [ 1690762.244524982990697, 67503.585379455515067 ], [ 1689912.132844139356166, 66812.605066325369989 ], [ 1689299.883700211998075, 66485.11173571186373 ], [ 1689078.910385723225772, 66236.442981642176164 ], [ 1688175.732974592130631, 66617.775919821186108 ], [ 1687958.513991570333019, 66734.914535923919175 ], [ 1687486.803265986032784, 66789.712871928684763 ], [ 1687724.708192197373137, 67138.648853364225943 ], [ 1687190.30534000787884, 67675.072758929236443 ], [ 1686643.927275883965194, 68299.036552158955601 ], [ 1687187.573642393806949, 69243.976383037195774 ] ] ] ] } },
{ "type": "Feature", "properties": { "GEOID": "15003000118", "NAME": "Census Tract 1.18; Honolulu County; Hawaii", "variable": "median_income", "median_income": 124859.0, "income_moe": 37352.0, "tract_area_m2": 29676881.265477426, "solar_area_m2": 87420.05564893574, "solar_polygon_count": 250, "solar_fraction": 0.002945729197987859, "solar_percent": 0.29457291979878591, "residential_solar_m2": 87420.05564893574, "residential_polygon_count": 250, "residential_solar_percent": 0.29457291979878591 }, "geometry": { "type": "MultiPolygon", "coordinates": [ [ [ [ 1740365.266607370693237, 54573.948123609865434 ], [ 1740977.337176133878529, 54543.851657610233815 ], [ 1741351.223604064900428, 54830.075335390632972 ], [ 1743564.231497880071402, 55451.098901616715011 ], [ 1743938.438359156949446, 55737.341602648943081 ], [ 1744761.285258882679045, 54609.925879160451586 ], [ 1744774.769442285876721, 52927.335516428225674 ], [ 1744387.653052924200892, 51214.181348883597821 ], [ 1744577.377472625812516, 50276.614935356075875 ], [ 1744275.515982929151505, 49352.626511420079623 ], [ 1744087.225393056869507, 49372.605077381340379 ], [ 1744112.227166890632361, 48941.828684987143788 ], [ 1743443.597360055660829, 48075.986420519446256 ], [ 1743210.42003785003908, 46645.02844524950342 ], [ 1742659.979424403514713, 45905.837321599799907 ], [ 1742180.817222191952169, 44733.057294458747492 ], [ 1741408.8160302832257, 44479.499597487250867 ], [ 1741012.04170190775767, 44741.390552354161628 ], [ 1741619.401656422531232, 45464.32460930068919 ], [ 1741457.64080338482745, 45490.901182546491327 ], [ 1741207.714072107104585, 45331.324720169781358 ], [ 1741031.046333813341334, 45319.006024863803759 ], [ 1740933.665772266918793, 45508.081047331012087 ], [ 1740987.94106568954885, 45794.429827996151289 ], [ 1740896.855878689326346, 46076.510740674500994 ], [ 1740993.876153314253315, 46442.856317319376103 ], [ 1741155.393152890494093, 46726.136985971323156 ], [ 1741416.133579002227634, 46924.965572293869627 ], [ 1741676.775476280134171, 46994.4753984838826 ], [ 1741317.618593164952472, 47899.765135191853915 ], [ 1741471.542201350675896, 48596.783832812980108 ], [ 1741259.692024140618742, 49015.948825439052598 ], [ 1741358.552736137993634, 49485.464350896916585 ], [ 1741809.472143057268113, 50097.677997292317741 ], [ 1742281.389648472424597, 50402.255539778147067 ], [ 1742285.747992170508951, 50616.949620290091843 ], [ 1741167.463237401098013, 51178.979473567349487 ], [ 1740939.63424584036693, 51957.378648836740467 ], [ 1740933.615339558338746, 52626.489794846878794 ], [ 1740547.142712151631713, 53055.86554594723566 ], [ 1740192.940381590742618, 53890.700802310951985 ], [ 1740365.266607370693237, 54573.948123609865434 ] ] ] ] } },
{ "type": "Feature", "properties": { "GEOID": "15003001801", "NAME": "Census Tract 18.01; Honolulu County; Hawaii", "variable": "median_income", "median_income": 57031.0, "income_moe": 44099.0, "tract_area_m2": 1827156.535973992, "solar_area_m2": 9136.1298118610612, "solar_polygon_count": 6, "solar_fraction": 0.0050001899848120656, "solar_percent": 0.50001899848120657, "residential_solar_m2": 9136.1298118610612, "residential_polygon_count": 6, "residential_solar_percent": 0.50001899848120657 }, "geometry": { "type": "MultiPolygon", "coordinates": [ [ [ [ 1700010.578024611342698, 40238.388441588780552 ], [ 1700297.596143197035417, 40239.433897148432152 ], [ 1700714.883383998880163, 39751.323594478431914 ], [ 1700876.134989264188334, 39568.061398381563777 ], [ 1701095.418705652467906, 39252.277432491966465 ], [ 1701263.213760314742103, 39005.817591804203403 ], [ 1701723.683298471849412, 38287.097779260897369 ], [ 1701505.848827213281766, 38219.647885639104061 ], [ 1700775.281544434372336, 38115.658777329190343 ], [ 1700493.739179266151041, 38688.921375556303246 ], [ 1700140.56933687441051, 39381.616446753912896 ], [ 1699635.358192923478782, 39945.554293664790748 ], [ 1700010.578024611342698, 40238.388441588780552 ] ] ] ] } },
{ "type": "Feature", "properties": { "GEOID": "15003001000", "NAME": "Census Tract 10; Honolulu County; Hawaii", "variable": "median_income", "median_income": 119271.0, "income_moe": 27395.0, "tract_area_m2": 90336449.309535027, "solar_area_m2": 101388.98314082676, "solar_polygon_count": 274, "solar_fraction": 0.0011223485527244996, "solar_percent": 0.11223485527244996, "residential_solar_m2": 94090.194487361456, "residential_polygon_count": 273, "residential_solar_percent": 0.10415529413267545 }, "geometry": { "type": "MultiPolygon", "coordinates": [ [ [ [ 1709365.59703176561743, 44892.334393654862652 ], [ 1710152.733483135933056, 46444.087479615562188 ], [ 1710439.049922355217859, 47219.283980166568654 ], [ 1711848.171125032473356, 48949.873863881432044 ], [ 1712066.935818992555141, 49298.52775393382035 ], [ 1712558.580021153436974, 49744.174695051042363 ], [ 1712359.483792267274112, 50725.788589548814343 ], [ 1712052.033390647498891, 50772.237433647918806 ], [ 1711970.19267046242021, 51900.765109363564989 ], [ 1711211.664875369751826, 51472.206692689083866 ], [ 1711812.824680026154965, 52234.024737543666561 ], [ 1711129.773447360610589, 53686.508733974296774 ], [ 1711435.930810002610087, 53832.215658158100268 ], [ 1711877.515441694995388, 54522.989284039591439 ], [ 1712555.741660681786016, 56412.831688006132026 ], [ 1712589.14331024652347, 56885.110486246150685 ], [ 1712928.722297242144123, 57721.059456760682224 ], [ 1713675.784408225910738, 58993.111436813051114 ], [ 1714966.456103559816256, 60920.154653551086085 ], [ 1715578.258198958821595, 61502.22118803927151 ], [ 1716803.582922726869583, 61431.302037996036233 ], [ 1718166.259205607930198, 60525.117165612369718 ], [ 1719323.915412010159343, 60199.87684619135689 ], [ 1722424.013448654441163, 60066.85507826776302 ], [ 1722745.959317985922098, 59861.381294875922322 ], [ 1721876.518461645813659, 58415.013573803538748 ], [ 1721528.285596663830802, 57544.483629425543768 ], [ 1721006.695727498503402, 57191.337439624374383 ], [ 1720646.382267797598615, 56190.386280824714049 ], [ 1719778.353989548049867, 55090.605059035136946 ], [ 1719110.275684021180496, 53869.440494369846419 ], [ 1718805.819222897756845, 51874.351635625149356 ], [ 1717933.759288606001064, 50662.714119679047144 ], [ 1716259.596054733032361, 49963.233655444448232 ], [ 1715112.586010538041592, 48853.694220462115481 ], [ 1714870.537467072717845, 48124.303221582093101 ], [ 1713826.890587982488796, 47805.743918656502501 ], [ 1713651.037078080466017, 47947.536841914465185 ], [ 1713022.047528928145766, 48112.690616391810181 ], [ 1711948.794547354336828, 47777.781402391301526 ], [ 1710787.887632828671485, 46778.384458244094276 ], [ 1710616.125000240514055, 46138.103537445233087 ], [ 1709754.316741926129907, 44681.420165307419666 ], [ 1709365.59703176561743, 44892.334393654862652 ] ] ] ] } },
{ "type": "Feature", "properties": { "GEOID": "15003008005", "NAME": "Census Tract 80.05; Honolulu County; Hawaii", "variable": "median_income", "median_income": 128894.0, "income_moe": 12674.0, "tract_area_m2": 142328924.11101303, "solar_area_m2": 234915.38087692705, "solar_polygon_count": 719, "solar_fraction": 0.0016505104801726659, "solar_percent": 0.16505104801726658, "residential_solar_m2": 225347.59169071505, "residential_polygon_count": 718, "residential_solar_percent": 0.15832873964180993 }, "geometry": { "type": "MultiPolygon", "coordinates": [ [ [ [ 1650853.671844419790432, 89962.548466245862073 ], [ 1651953.855494929011911, 90984.984089125035098 ], [ 1651835.645561808720231, 91817.183941397612216 ], [ 1652119.517207582714036, 92495.449272784069763 ], [ 1652525.616982662817463, 92615.415242403600132 ], [ 1652025.788273834623396, 93370.882282699167263 ], [ 1652017.280415233923122, 93391.58618152346753 ], [ 1652323.941226496826857, 94019.728208709857427 ], [ 1653495.290622351691127, 95647.039348677470116 ], [ 1654439.35938507784158, 96041.778561316008563 ], [ 1655339.780300813959911, 96791.063300087975222 ], [ 1655881.522827620850876, 96986.651114992026123 ], [ 1657292.266846380196512, 97105.501413983176462 ], [ 1659731.242698803776875, 96986.816715834429488 ], [ 1661225.225954357068986, 97309.589797353051836 ], [ 1661659.972445887513459, 97945.465201511251507 ], [ 1661597.584843974094838, 98318.871125186415156 ], [ 1662344.940838629147038, 98781.239399910744396 ], [ 1662531.476967104943469, 99212.142336232282105 ], [ 1663101.361547395586967, 99490.275424937266507 ], [ 1663402.409872245974839, 99342.194437715035747 ], [ 1664295.040738553041592, 99615.031565906203468 ], [ 1665031.083072399487719, 100183.867880501566106 ], [ 1666047.817356974584982, 100470.959102297361824 ], [ 1666690.368896506726742, 100911.542961985556758 ], [ 1667780.219534483971074, 101158.018360077534453 ], [ 1667966.801422697259113, 101399.319124954694416 ], [ 1668713.143676842330024, 101664.526749677301268 ], [ 1670010.578525155549869, 101623.09327360620955 ], [ 1670207.562512719770893, 101486.253969283308834 ], [ 1671618.581188776530325, 102042.122938485248596 ], [ 1672489.914403274655342, 101959.453657823003596 ], [ 1673008.400543197058141, 102737.508489864398143 ], [ 1674834.023341665277258, 103109.182043193242862 ], [ 1675622.753869720967487, 102954.948420924789389 ], [ 1676846.584039460634813, 103094.173364279020461 ], [ 1677437.832422299776226, 103293.2844064279343 ], [ 1678246.451025268062949, 103873.253065972370678 ], [ 1679284.292064405977726, 103936.844224387576105 ], [ 1682940.341292105382308, 105237.568216051411582 ], [ 1683600.001005681697279, 104047.692852133579436 ], [ 1683330.35750703397207, 103588.676542206274462 ], [ 1683351.355269297026098, 103274.109624404707574 ], [ 1683112.097774746129289, 102658.553709614498075 ], [ 1682584.520530668320134, 102379.875937251228606 ], [ 1681479.668034659698606, 100978.280606207801611 ], [ 1679975.797555507393554, 100530.696216072290554 ], [ 1679273.870961244450882, 100039.778544023734867 ], [ 1678993.861978555098176, 100195.777052317003836 ], [ 1678186.271797828609124, 99536.608029335242463 ], [ 1677889.907962470781058, 99736.555197548019351 ], [ 1677750.532999290386215, 99159.963641907539568 ], [ 1677022.34239203389734, 99219.396562918307609 ], [ 1676048.411894240416586, 99056.359489678739919 ], [ 1675960.597159496275708, 98650.176239941923996 ], [ 1675632.217300870921463, 98926.035876728681615 ], [ 1675362.73907128861174, 98589.479864993161755 ], [ 1674962.381344163091853, 98679.307401726808166 ], [ 1674550.857632797211409, 98150.499248117819661 ], [ 1673557.344617580063641, 97713.234222106446396 ], [ 1673345.352776134386659, 97883.471704646086437 ], [ 1672935.307340551633388, 97125.097068609655253 ], [ 1672177.169484164332971, 97176.949525294141495 ], [ 1671689.156828360166401, 96518.798003324773163 ], [ 1671269.085347570944577, 96570.499444687724463 ], [ 1670459.355730006005615, 95820.269614543532953 ], [ 1669178.74838946107775, 95929.994509321215446 ], [ 1668544.749567368067801, 95319.743942523098667 ], [ 1668228.587298236088827, 95681.74769609082432 ], [ 1667304.48773860395886, 95669.649541287581087 ], [ 1666978.20029448857531, 95895.433351022860734 ], [ 1666464.342795015312731, 95769.492197025494534 ], [ 1665624.189713718602434, 95893.323188200243749 ], [ 1664875.974276690278202, 95794.894806840966339 ], [ 1664487.739708290901035, 95392.95346268962021 ], [ 1662807.987878416199237, 95133.944602194722393 ], [ 1662021.473976279841736, 94662.109927367622731 ], [ 1661165.409786499338225, 94576.040949853311758 ], [ 1660076.698684674920514, 93559.230023591953795 ], [ 1658778.903965123463422, 93113.048970384013955 ], [ 1657975.08977890945971, 92300.531802230296307 ], [ 1657881.032359005184844, 91806.469126484997105 ], [ 1656709.072768100304529, 91224.158185657885042 ], [ 1655878.756989259738475, 91274.04085424693767 ], [ 1655624.751661734655499, 90975.732610181745258 ], [ 1654993.77768906019628, 90962.842499985781615 ], [ 1654856.736694649560377, 90817.501847672392614 ], [ 1653846.159240062814206, 90778.006090036753449 ], [ 1653158.111248411936685, 90454.900646885522292 ], [ 1652940.174600128317252, 90022.934834973944817 ], [ 1652499.943014773074538, 90333.056025961966952 ], [ 1651940.122287896927446, 89998.734525950349052 ], [ 1650853.671844419790432, 89962.548466245862073 ] ] ] ] } },
{ "type": "Feature", "properties": { "GEOID": "15003010202", "NAME": "Census Tract 102.02; Honolulu County; Hawaii", "variable": "median_income", "median_income": 118447.0, "income_moe": 20230.0, "tract_area_m2": 364015804.73894209, "solar_area_m2": 102613.1529743026, "solar_polygon_count": 148, "solar_fraction": 0.00028189202677035617, "solar_percent": 0.028189202677035619, "residential_solar_m2": 74269.686676793659, "residential_polygon_count": 146, "residential_solar_percent": 0.020402874191151391 }, "geometry": { "type": "MultiPolygon", "coordinates": [ [ [ [ 1652224.911013555712998, 164545.775465632992564 ], [ 1652388.820215586340055, 165232.024340847623535 ], [ 1652266.774422411108389, 165690.077001431171084 ], [ 1652558.824497817317024, 165982.210360891855089 ], [ 1652649.641542065422982, 166907.473683663003612 ], [ 1653027.608437801478431, 167235.956504277302884 ], [ 1652923.348023399710655, 168603.997853977489285 ], [ 1653405.15835332730785, 169240.196153463068185 ], [ 1652849.037113138940185, 169736.286179532064125 ], [ 1653507.216836054576561, 169948.593779635993997 ], [ 1653835.118991741910577, 170710.812380944233155 ], [ 1653568.706476852763444, 171254.920892409572843 ], [ 1653744.617021322948858, 172681.155955792026361 ], [ 1653506.504252158105373, 172821.317903228715295 ], [ 1654076.20117020001635, 174883.737166721693939 ], [ 1654692.060882028192282, 175610.074183032091241 ], [ 1654863.917389501351863, 176794.377001385233598 ], [ 1655525.966616712743416, 177388.870355719816871 ], [ 1656258.041697750333697, 177701.133201659889892 ], [ 1657023.812705043004826, 178821.690429996553576 ], [ 1660637.418754795799032, 182197.724757049843902 ], [ 1660379.503364895936102, 183583.499992686789483 ], [ 1660435.821083673276007, 183711.392300122912275 ], [ 1661981.983881865162402, 184131.942396640224615 ], [ 1662546.999920237343758, 183733.787356059096055 ], [ 1662145.29994798777625, 183329.909897314151749 ], [ 1662388.10718168085441, 181645.166163039160892 ], [ 1663437.900091119576246, 180441.739349395531463 ], [ 1665455.96798620512709, 179800.762447543325834 ], [ 1665133.704104819567874, 178356.251774988544639 ], [ 1664938.096503072418272, 177525.741285261290614 ], [ 1664805.286443592282012, 176961.872098983963951 ], [ 1666025.927250490523875, 176010.686091780982679 ], [ 1667637.45915590133518, 175147.639822787052253 ], [ 1669574.759988532867283, 175469.804947733966401 ], [ 1669882.092631860636175, 174885.476070547709242 ], [ 1668679.650673316791654, 174651.236203270760598 ], [ 1668203.839366384549066, 172740.190106111665955 ], [ 1668286.026504551060498, 170172.288988538697595 ], [ 1667901.58296937844716, 169399.850254139571916 ], [ 1667332.946589973056689, 168257.371326058608247 ], [ 1667720.709961004555225, 167189.156855672394158 ], [ 1667803.361610313644633, 166961.473222141561564 ], [ 1670026.014576870715246, 165069.387265577242943 ], [ 1670064.902129440568388, 165036.285361098416615 ], [ 1670079.788708809763193, 163638.764767103537451 ], [ 1669309.198624953394756, 163656.902791857137345 ], [ 1668043.502522588474676, 163067.005950136925094 ], [ 1667315.034065367653966, 162746.591503599513089 ], [ 1665998.82739299768582, 161149.741668129252503 ], [ 1666117.179398820269853, 160869.720150480163284 ], [ 1665543.204806429101154, 159897.341602724220138 ], [ 1664454.936087712645531, 158803.038933081697905 ], [ 1663026.833947886247188, 157862.274591845547548 ], [ 1662908.860994715243578, 157274.09561374533223 ], [ 1662545.174833652097732, 156892.149012987501919 ], [ 1662629.017661986174062, 156249.929001061333111 ], [ 1662407.18063634657301, 155413.597032882156782 ], [ 1662937.568689069710672, 155277.595331510354299 ], [ 1662907.583760343957692, 154685.458486070710933 ], [ 1663399.510223984252661, 154731.804756011988502 ], [ 1663037.567953267600387, 154211.451458520983579 ], [ 1663353.969566944520921, 153983.456522500608116 ], [ 1662389.911701762815937, 152820.959015470638406 ], [ 1662712.214349332032725, 152308.888765608309768 ], [ 1663028.36609735689126, 151098.620878487621667 ], [ 1662702.397041488671675, 150610.61662423517555 ], [ 1662420.312847405439243, 150794.674351670400938 ], [ 1661992.205872275168076, 149962.256288186123129 ], [ 1662440.860916123026982, 148772.019610085262684 ], [ 1662328.99016105895862, 148151.878951676946599 ], [ 1661944.672453396487981, 148205.847842573246453 ], [ 1662357.235395340481773, 147227.743410912546096 ], [ 1662140.106481055961922, 146407.037541874684393 ], [ 1661733.913254525279626, 147593.660303481592564 ], [ 1661231.999192592920735, 148579.363036522845505 ], [ 1661328.684882633853704, 148964.09933850861853 ], [ 1660705.274864970007911, 149631.175621973874513 ], [ 1660558.184720202116296, 150439.385561972449068 ], [ 1659762.183874969603494, 151153.632349580846494 ], [ 1659107.000555885955691, 151484.695310130249709 ], [ 1657839.675256139598787, 151517.683339110139059 ], [ 1657394.38020505104214, 152160.88238780683605 ], [ 1656595.508082635467872, 152489.75098093849374 ], [ 1656096.089597719023004, 152412.224998486693949 ], [ 1655869.007774298079312, 152838.269095474242931 ], [ 1656024.32931555621326, 153806.781802948389668 ], [ 1655653.862025001319125, 154301.078920106199803 ], [ 1654969.647230945760384, 156659.573886845173547 ], [ 1653706.311348738381639, 157544.52153899311088 ], [ 1653309.866066372254863, 158887.783031206112355 ], [ 1652724.329517357982695, 159779.826391176204197 ], [ 1652062.780935338465497, 160391.417693100171164 ], [ 1652171.527439491823316, 161735.165898364444729 ], [ 1652433.157436769222841, 162949.263129075989127 ], [ 1651628.773083304055035, 164555.453782301512547 ], [ 1652224.911013555712998, 164545.775465632992564 ] ] ] ] } },
{ "type": "Feature", "properties": { "GEOID": "15003011105", "NAME": "Census Tract 111.05; Honolulu County; Hawaii", "variable": "median_income", "median_income": 149327.0, "income_moe": 35128.0, "tract_area_m2": 12246677.333366603, "solar_area_m2": 161665.98882720282, "solar_polygon_count": 317, "solar_fraction": 0.013200804138665173, "solar_percent": 1.3200804138665174, "residential_solar_m2": 135202.51661817657, "residential_polygon_count": 314, "residential_solar_percent": 1.103993458289388 }, "geometry": { "type": "MultiPolygon", "coordinates": [ [ [ [ 1727419.84913287893869, 82561.958635941453394 ], [ 1727714.99084988120012, 82866.852776003259351 ], [ 1727769.34096153290011, 82917.434892444201978 ], [ 1728552.350234282901511, 83416.025275976426201 ], [ 1729142.060327170882374, 83741.030377057875739 ], [ 1729343.919853788334876, 83463.83433355174202 ], [ 1730697.847218338167295, 82903.776328887426644 ], [ 1731034.153516995022073, 82594.846927878767019 ], [ 1731742.526410379912704, 83354.906071637247805 ], [ 1732179.549412871478125, 83830.800972085315152 ], [ 1733252.604981709970161, 83596.53469115619373 ], [ 1732705.249560441123322, 83186.553872780612437 ], [ 1732257.695805819937959, 82305.236910290055675 ], [ 1732560.768302070209756, 80955.152890469500562 ], [ 1732244.69326067250222, 80764.623284144487116 ], [ 1730702.808292711852118, 80571.284450092629413 ], [ 1730395.331719761481509, 80522.452245624284842 ], [ 1729037.426568149123341, 80779.915208831487689 ], [ 1727869.287772621726617, 81507.055798464964028 ], [ 1727030.089730201289058, 82279.434936615085462 ], [ 1727419.84913287893869, 82561.958635941453394 ] ] ] ] } },
{ "type": "Feature", "properties": { "GEOID": "15003005700", "NAME": "Census Tract 57; Honolulu County; Hawaii", "variable": "median_income", "median_income": 61667.0, "income_moe": 30717.0, "tract_area_m2": 54763295.392389849, "solar_area_m2": 853963.42059637804, "solar_polygon_count": 242, "solar_fraction": 0.015593718648185087, "solar_percent": 1.5593718648185086, "residential_solar_m2": 386812.61943228717, "residential_polygon_count": 208, "residential_solar_percent": 0.7063355421924451 }, "geometry": { "type": "MultiPolygon", "coordinates": [ [ [ [ 1677602.474353139987215, 53326.594707405245572 ], [ 1678539.65414324728772, 53682.878676158288727 ], [ 1681163.822425198508427, 53970.688898715787218 ], [ 1681645.439854699419811, 55336.168742781519541 ], [ 1682155.704292240086943, 55723.066698746260954 ], [ 1682100.533443242078647, 55761.892086216743337 ], [ 1681705.169540349859744, 56007.873220436245902 ], [ 1681473.533262323820964, 56246.717246941363555 ], [ 1682526.797698560170829, 56915.196835977389128 ], [ 1682671.314774473430589, 57091.48928632112802 ], [ 1683172.483205417171121, 57757.370194910108694 ], [ 1683859.443911153357476, 58460.82152825864614 ], [ 1684150.173321257112548, 58799.248717867165396 ], [ 1684335.146405925042927, 58603.60520723425725 ], [ 1685034.108515267027542, 57532.578729231026955 ], [ 1685394.527182341786101, 56751.880813987998408 ], [ 1685677.405020491452888, 56310.763618442666484 ], [ 1686018.552828195039183, 55797.409667854692088 ], [ 1686382.848129520891234, 55289.526588734217512 ], [ 1686447.989542350871488, 55138.831553778974921 ], [ 1686495.099335708888248, 54978.676477934815921 ], [ 1686628.006560344481841, 54398.67238982651179 ], [ 1686632.231433332199231, 53445.494853820258868 ], [ 1686053.103560627205297, 53193.263500998313248 ], [ 1685874.79935056832619, 51916.27143863747915 ], [ 1684661.168366659199819, 47091.965122086519841 ], [ 1684664.816905010258779, 46910.383048000156123 ], [ 1684424.331835526041687, 47797.936607411145815 ], [ 1682076.607508653076366, 48874.565545909565117 ], [ 1679983.348568291869015, 48451.970628764051071 ], [ 1678988.610596348065883, 50861.438478773765382 ], [ 1678414.119841208215803, 50834.003155465288728 ], [ 1677602.474353139987215, 53326.594707405245572 ] ] ] ] } },
{ "type": "Feature", "properties": { "GEOID": "15003000200", "NAME": "Census Tract 2; Honolulu County; Hawaii", "variable": "median_income", "median_income": 150000.0, "income_moe": 29885.0, "tract_area_m2": 110210587.77091756, "solar_area_m2": 281173.37306772347, "solar_polygon_count": 923, "solar_fraction": 0.002551237397010958, "solar_percent": 0.25512373970109581, "residential_solar_m2": 281173.37306772347, "residential_polygon_count": 923, "residential_solar_percent": 0.25512373970109581 }, "geometry": { "type": "MultiPolygon", "coordinates": [ [ [ [ 1727401.241230131359771, 41400.00873690356093 ], [ 1728025.1966746696271, 41893.234315428759146 ], [ 1728086.946411853656173, 42233.706132474231708 ], [ 1728030.876688838703558, 42377.100930274929851 ], [ 1728106.652782121906057, 42675.821221536425583 ], [ 1728652.650377118727192, 44603.064185647679551 ], [ 1728214.147612255997956, 46481.109398903012334 ], [ 1728516.463069095276296, 47098.777851166465553 ], [ 1728213.289974599611014, 47630.452743097288476 ], [ 1728185.04338644631207, 48874.561838761568652 ], [ 1728424.170214259298518, 49405.308688844721473 ], [ 1728032.795755739556625, 50174.773780356161296 ], [ 1728343.207570503698662, 51033.295070619111357 ], [ 1728441.437575707444921, 51953.587117787406896 ], [ 1728252.183819026919082, 52779.687873088500055 ], [ 1728464.665791640523821, 53563.946038444017177 ], [ 1728400.232133461628109, 54870.115176610495837 ], [ 1728539.159477130044252, 55460.637238559109392 ], [ 1728469.211887640180066, 56600.789115614898037 ], [ 1728715.984129561344162, 57219.460090603482968 ], [ 1729913.975036586401984, 56874.534393727095448 ], [ 1730662.605184621410444, 56984.403129473896115 ], [ 1731547.93459566985257, 56767.945234343613265 ], [ 1733113.324159082956612, 56952.257239107057103 ], [ 1733521.388851112453267, 57170.919222268428712 ], [ 1733725.419959655497223, 57280.251398317042913 ], [ 1734749.141108282841742, 55792.682242076502007 ], [ 1734512.023757468210533, 55138.76385778671829 ], [ 1734582.012718059355393, 54049.111696632651729 ], [ 1735093.876332702348009, 53323.495988632836088 ], [ 1735333.950088090496138, 52306.797221658824128 ], [ 1735777.419124698266387, 51581.06717595752707 ], [ 1735983.148798867594451, 50745.939603669576172 ], [ 1735814.04185340506956, 50128.100293473064085 ], [ 1736020.036059363977984, 49147.670520590581873 ], [ 1735850.729881063569337, 48639.171700758757652 ], [ 1735890.454707315657288, 45442.575927858320938 ], [ 1735836.497169794049114, 43620.01847412220377 ], [ 1735974.361000981880352, 43631.524449298703985 ], [ 1735897.243574559688568, 43346.593772235006327 ], [ 1736173.292349702911451, 43190.157921307712968 ], [ 1736054.722754101734608, 42757.657734400861955 ], [ 1735945.133128948509693, 42836.665948635636596 ], [ 1734940.63032851764001, 41758.196213756331417 ], [ 1733394.922708088764921, 41554.982284255194827 ], [ 1731603.005099655129015, 41977.285696778933925 ], [ 1730779.492865619948134, 41124.058427179283171 ], [ 1729550.923932794481516, 41129.714969888867927 ], [ 1729660.211982532171533, 41627.477945253354846 ], [ 1729310.71547893085517, 41528.819557139489916 ], [ 1727470.99016846739687, 41218.856853297904308 ], [ 1727401.241230131359771, 41400.00873690356093 ] ] ] ] } },
{ "type": "Feature", "properties": { "GEOID": "15003008918", "NAME": "Census Tract 89.18; Honolulu County; Hawaii", "variable": "median_income", "median_income": 121530.0, "income_moe": 11262.0, "tract_area_m2": 25468251.306689847, "solar_area_m2": 239624.94220964797, "solar_polygon_count": 771, "solar_fraction": 0.0094087709173305018, "solar_percent": 0.94087709173305023, "residential_solar_m2": 239624.94220964797, "residential_polygon_count": 771, "residential_solar_percent": 0.94087709173305023 }, "geometry": { "type": "MultiPolygon", "coordinates": [ [ [ [ 1635824.996625223662704, 102916.270596124973963 ], [ 1636418.107906155288219, 103227.899745107497438 ], [ 1636885.627717562252656, 102046.545819249760825 ], [ 1637513.738368560094386, 101770.430515688334708 ], [ 1638690.092377641005442, 102235.715128723459202 ], [ 1639746.03869093162939, 102645.085146104029263 ], [ 1639349.862626446411014, 103213.229988444771152 ], [ 1640279.618133639916778, 103298.585555113459122 ], [ 1640508.825954865664244, 103272.430747349877493 ], [ 1640635.328885200200602, 104125.365425604642951 ], [ 1641144.063873583218083, 104356.766557889844989 ], [ 1641589.175994517747313, 105802.549664690508507 ], [ 1642672.950767548754811, 105335.06873313964752 ], [ 1641942.17945883073844, 104878.06158910159138 ], [ 1641994.226651701610535, 104273.961669872456696 ], [ 1641002.266067672986537, 103543.789025664707879 ], [ 1641210.393886536126956, 103181.621612062968779 ], [ 1640810.478489279747009, 101985.402653186712996 ], [ 1640250.367263622814789, 101768.898670517824939 ], [ 1640156.500493767671287, 100844.766517690208275 ], [ 1639196.429351409198716, 100546.54374469423783 ], [ 1638889.645334901986644, 99700.520272020687116 ], [ 1638522.628840072080493, 98145.781993337528547 ], [ 1637868.916772778844461, 97462.881876630097395 ], [ 1637785.185932453954592, 96160.965298302922747 ], [ 1637511.024961831513792, 95662.951438744537882 ], [ 1637375.279357305262238, 94998.55841838818742 ], [ 1636592.961328452918679, 94535.45370359030494 ], [ 1636380.390245813410729, 94643.357241618039552 ], [ 1636099.474070432130247, 94989.201686472821166 ], [ 1635868.916367410914972, 95532.292945019318722 ], [ 1635917.634549323003739, 96492.019142650140566 ], [ 1635713.696351791964844, 97970.501541719931993 ], [ 1635816.457925038645044, 98548.801363385806326 ], [ 1636030.834530079504475, 99920.450804859807249 ], [ 1635858.132962171686813, 100685.126608527338249 ], [ 1635136.715375900967047, 103190.595552036131267 ], [ 1635824.996625223662704, 102916.270596124973963 ] ] ] ] } },
{ "type": "Feature", "properties": { "GEOID": "15003011000", "NAME": "Census Tract 110; Honolulu County; Hawaii", "variable": "median_income", "median_income": 171667.0, "income_moe": 17679.0, "tract_area_m2": 266263806.92776832, "solar_area_m2": 297653.00861221604, "solar_polygon_count": 736, "solar_fraction": 0.0011178876019487054, "solar_percent": 0.11178876019487054, "residential_solar_m2": 259825.16028229953, "residential_polygon_count": 733, "residential_solar_percent": 0.097581854357240733 }, "geometry": { "type": "MultiPolygon", "coordinates": [ [ [ [ 1710618.004991833353415, 72514.560109182668384 ], [ 1711831.097536966670305, 73255.760002305833041 ], [ 1713517.780912448419258, 73761.151350661166362 ], [ 1713850.851992048788816, 73546.194921759321005 ], [ 1714189.786979810334742, 72782.001209240537719 ], [ 1714674.04293896839954, 72007.113417848100653 ], [ 1714823.881478319177404, 71921.955723275867058 ], [ 1715124.318649868480861, 71939.44744745263597 ], [ 1715309.535534655908123, 72105.352357277952251 ], [ 1715361.379892278462648, 72260.536470910185017 ], [ 1715329.754605184542015, 72489.345285378527478 ], [ 1714599.618000520626083, 73411.368988156755222 ], [ 1714686.990555962081999, 75181.28836167807458 ], [ 1715003.39899523742497, 75688.475229162286269 ], [ 1714967.631840677000582, 75717.849364698515274 ], [ 1711687.068227989599109, 79201.392676480769296 ], [ 1712134.983222586568445, 79323.683602909746696 ], [ 1714303.806379917776212, 79410.55009866792534 ], [ 1714846.177417148835957, 79618.360493115033023 ], [ 1716870.131612203083932, 81075.346301641082391 ], [ 1717342.378572496585548, 81765.128334841807373 ], [ 1718122.898925683926791, 84286.194622382841771 ], [ 1720060.08045478630811, 87178.42406876059249 ], [ 1721734.414422299945727, 86966.260131552815437 ], [ 1722710.545472011668608, 87304.498563664456015 ], [ 1722396.703437625430524, 86769.65866246027872 ], [ 1720759.543918727664277, 86686.526636152906576 ], [ 1719893.040431251516566, 86272.928965006765793 ], [ 1719815.551356395473704, 85995.282417368202005 ], [ 1720577.450477898586541, 83350.792529589380138 ], [ 1720626.541058992501348, 81923.252442334240186 ], [ 1720903.806776926852763, 80571.614273572602542 ], [ 1720813.179313107859343, 79752.689351227061707 ], [ 1719761.810514330165461, 76594.026699542111601 ], [ 1719751.326012281700969, 76551.509759716616827 ], [ 1720068.868147174594924, 76488.411294306555646 ], [ 1720952.508662646869197, 76472.298157140467083 ], [ 1721076.679776658071205, 76484.472857636341359 ], [ 1721830.011810958385468, 76688.676586408997537 ], [ 1721825.894057776778936, 76711.555690776280244 ], [ 1721471.242172806756571, 78585.075185510067968 ], [ 1722439.517801446607336, 78600.719006584084127 ], [ 1722909.306100352201611, 79308.709462427650578 ], [ 1723895.783191296737641, 80078.899768605188001 ], [ 1725357.91039521433413, 80814.989573787432164 ], [ 1726313.970074562123045, 82055.600107688747812 ], [ 1726438.908808661391959, 81793.526722685623099 ], [ 1726136.922905058600008, 81081.050330394878983 ], [ 1726087.384218064835295, 80998.147452413948486 ], [ 1723413.083065763115883, 77838.648511644365499 ], [ 1725181.549421420553699, 76818.481895382268704 ], [ 1726516.785276733338833, 75897.933954980107956 ], [ 1727141.684300862019882, 75354.053265155962436 ], [ 1727132.357786115724593, 74600.636684976125252 ], [ 1728003.352844722103328, 74016.480351642210735 ], [ 1728388.668120150221512, 72276.007398413843475 ], [ 1728413.1397426398471, 71465.251663760471274 ], [ 1728725.085380641743541, 70694.20170553115895 ], [ 1729506.987415496259928, 70530.21421861134877 ], [ 1730008.763354577124119, 70005.414812521106796 ], [ 1729726.3952783041168, 69351.438784310608753 ], [ 1728396.00095158116892, 69470.927874917164445 ], [ 1726959.31284058955498, 68618.195885747496504 ], [ 1726939.166673257946968, 68028.956746076015406 ], [ 1725682.862713860115036, 65199.333501985245675 ], [ 1725432.117237550206482, 64727.425076213090506 ], [ 1725217.098194629885256, 64472.439922195204417 ], [ 1724743.207296617794782, 63494.88952109382808 ], [ 1723846.3620804999955, 63109.884622024415876 ], [ 1723379.200470940675586, 61718.606493970910378 ], [ 1722424.013448654441163, 60066.85507826776302 ], [ 1719323.915412010159343, 60199.87684619135689 ], [ 1718166.259205607930198, 60525.117165612369718 ], [ 1716803.582922726869583, 61431.302037996036233 ], [ 1715578.258198958821595, 61502.22118803927151 ], [ 1715033.51322760921903, 61646.763042386926827 ], [ 1712852.942785900784656, 63423.733419769218017 ], [ 1712545.719974991632625, 64113.145261816272978 ], [ 1712442.060375883243978, 65275.430649021145655 ], [ 1712158.779169162735343, 66649.255118522938574 ], [ 1712195.342212918447331, 67806.644251927544246 ], [ 1712460.161634797230363, 68516.079851236048853 ], [ 1712340.272429378470406, 70114.255219648475759 ], [ 1712085.864532893523574, 71037.316952412787941 ], [ 1711669.101777936564758, 71744.751348200050415 ], [ 1710618.004991833353415, 72514.560109182668384 ] ] ] ] } },
{ "type": "Feature", "properties": { "GEOID": "15003005400", "NAME": "Census Tract 54; Honolulu County; Hawaii", "variable": "median_income", "median_income": 33287.0, "income_moe": 19213.0, "tract_area_m2": 888319.3283003195, "solar_area_m2": 28651.79869675187, "solar_polygon_count": 91, "solar_fraction": 0.032253940428801954, "solar_percent": 3.2253940428801955, "residential_solar_m2": 28408.802091718189, "residential_polygon_count": 90, "residential_solar_percent": 3.1980393971697816 }, "geometry": { "type": "MultiPolygon", "coordinates": [ [ [ [ 1686018.552828195039183, 55797.409667854692088 ], [ 1686829.861409842967987, 56356.792182690543996 ], [ 1687320.254590887576342, 55671.029530147541664 ], [ 1686495.099335708888248, 54978.676477934815921 ], [ 1686447.989542350871488, 55138.831553778974921 ], [ 1686382.848129520891234, 55289.526588734217512 ], [ 1686018.552828195039183, 55797.409667854692088 ] ] ] ] } },
{ "type": "Feature", "properties": { "GEOID": "15003002702", "NAME": "Census Tract 27.02; Honolulu County; Hawaii", "variable": "median_income", "median_income": 93944.0, "income_moe": 19241.0, "tract_area_m2": 11193369.951100012, "solar_area_m2": 246444.08996578437, "solar_polygon_count": 371, "solar_fraction": 0.022016969960111561, "solar_percent": 2.2016969960111559, "residential_solar_m2": 184343.02333463531, "residential_polygon_count": 366, "residential_solar_percent": 1.6468947612735632 }, "geometry": { "type": "MultiPolygon", "coordinates": [ [ [ [ 1697280.271539161680266, 49290.638171025391784 ], [ 1697452.287266386672854, 49511.679687733660103 ], [ 1697848.07644597068429, 49935.657048221735749 ], [ 1698212.283853060565889, 50282.9565830596257 ], [ 1699533.607131310505792, 50417.346877157790004 ], [ 1699912.961514023831114, 50599.39364144566207 ], [ 1700564.235529982950538, 50229.962291692259896 ], [ 1701142.274848100496456, 49909.132128820245271 ], [ 1701438.198383134556934, 49517.151983071715222 ], [ 1701554.395160083658993, 49116.976905792856996 ], [ 1701337.221086395671591, 48806.146859005799342 ], [ 1701317.565160552971065, 48127.927239977587305 ], [ 1701293.304909165948629, 47306.580095055818674 ], [ 1701273.79175433749333, 46501.221781824133359 ], [ 1701274.536419471492991, 46444.918118154295371 ], [ 1701167.884036006173119, 46530.162275136790413 ], [ 1700276.031431598821655, 47065.688333061058074 ], [ 1698609.235950804781169, 47738.783902657509316 ], [ 1698338.143137425649911, 47844.197983440310054 ], [ 1697829.883076732745394, 48167.312257640172902 ], [ 1696957.08321408322081, 48770.842264866980258 ], [ 1697280.271539161680266, 49290.638171025391784 ] ] ] ] } },
{ "type": "Feature", "properties": { "GEOID": "15003010702", "NAME": "Census Tract 107.02; Honolulu County; Hawaii", "variable": "median_income", "median_income": 104591.0, "income_moe": 15368.0, "tract_area_m2": 44503220.387271672, "solar_area_m2": 165029.48028290144, "solar_polygon_count": 494, "solar_fraction": 0.003708259286559437, "solar_percent": 0.37082592865594372, "residential_solar_m2": 165029.48028290144, "residential_polygon_count": 494, "residential_solar_percent": 0.37082592865594372 }, "geometry": { "type": "MultiPolygon", "coordinates": [ [ [ [ 1709493.45547053986229, 82491.460591903494787 ], [ 1709924.934635754907504, 82939.192843099444872 ], [ 1710868.899693104671314, 83272.085379054449731 ], [ 1711537.143962766509503, 84227.254635450255591 ], [ 1711587.963860873598605, 85405.738087764300872 ], [ 1711099.324518411420286, 85761.084200309385778 ], [ 1711424.534496843116358, 86789.905370515654795 ], [ 1711704.325069978600368, 86922.141631519480143 ], [ 1712210.197043371619657, 86901.750212967875996 ], [ 1712767.031129884300753, 86929.382978410721989 ], [ 1713936.81745760794729, 86991.645124997041421 ], [ 1714525.462177878012881, 87137.762997056823224 ], [ 1714917.636428335681558, 86929.43383942458604 ], [ 1715884.448023336008191, 85948.53470430309244 ], [ 1716530.229210913414136, 84915.611629252598505 ], [ 1718122.898925683926791, 84286.194622382841771 ], [ 1717342.378572496585548, 81765.128334841807373 ], [ 1716870.131612203083932, 81075.346301641082391 ], [ 1714846.177417148835957, 79618.360493115033023 ], [ 1714303.806379917776212, 79410.55009866792534 ], [ 1712134.983222586568445, 79323.683602909746696 ], [ 1711687.068227989599109, 79201.392676480769296 ], [ 1711630.169118995545432, 79262.344439244290697 ], [ 1711611.774658946087584, 79279.029874119383749 ], [ 1710712.327625263249502, 80228.852835500554647 ], [ 1709415.229339549317956, 82475.012841436997405 ], [ 1709493.45547053986229, 82491.460591903494787 ] ] ] ] } },
{ "type": "Feature", "properties": { "GEOID": "15003003000", "NAME": "Census Tract 30; Honolulu County; Hawaii", "variable": "median_income", "median_income": 181818.0, "income_moe": 54670.0, "tract_area_m2": 16207894.815913295, "solar_area_m2": 204542.47670122585, "solar_polygon_count": 749, "solar_fraction": 0.01261992868440886, "solar_percent": 1.2619928684408861, "residential_solar_m2": 204542.47670122585, "residential_polygon_count": 749, "residential_solar_percent": 1.2619928684408861 }, "geometry": { "type": "MultiPolygon", "coordinates": [ [ [ [ 1697890.634079366223887, 51201.646901778593019 ], [ 1698080.828474908601493, 51603.611251752729004 ], [ 1698725.226323747308925, 51587.234465750836534 ], [ 1699346.466343634994701, 51890.867989590609795 ], [ 1698943.579531487310305, 52380.821943280170672 ], [ 1698999.903026890009642, 52859.654131321891327 ], [ 1699930.640881221974269, 53995.488921192671114 ], [ 1699426.866326744668186, 52759.863430388984852 ], [ 1700191.356275608530268, 52180.590469722308626 ], [ 1700103.374065957963467, 51711.892989681080508 ], [ 1700607.053163084434345, 51813.803777886729222 ], [ 1701374.468000158434734, 52578.596398109883012 ], [ 1701932.561248557409272, 52417.221241078732419 ], [ 1703896.279756868490949, 54456.283859602830489 ], [ 1704048.871860832674429, 54658.798229020350846 ], [ 1704399.191477091051638, 54032.59827840107755 ], [ 1704424.707425202941522, 54043.526392577936349 ], [ 1705500.12727887625806, 52525.683782786909433 ], [ 1705596.963760681217536, 52390.670134462263377 ], [ 1703965.870033139130101, 51453.693662002311612 ], [ 1703771.690730333328247, 51003.753665229996841 ], [ 1702853.421548150945455, 51171.591469624254387 ], [ 1702787.42326124641113, 51137.005461404565722 ], [ 1701554.395160083658993, 49116.976905792856996 ], [ 1701438.198383134556934, 49517.151983071715222 ], [ 1701142.274848100496456, 49909.132128820245271 ], [ 1700564.235529982950538, 50229.962291692259896 ], [ 1699912.961514023831114, 50599.39364144566207 ], [ 1699533.607131310505792, 50417.346877157790004 ], [ 1698212.283853060565889, 50282.9565830596257 ], [ 1697608.419546193210408, 50900.570122219789482 ], [ 1697890.634079366223887, 51201.646901778593019 ] ] ] ] } },
{ "type": "Feature", "properties": { "GEOID": "15003009100", "NAME": "Census Tract 91; Honolulu County; Hawaii", "variable": "median_income", "median_income": 100547.0, "income_moe": 17509.0, "tract_area_m2": 356646617.62351292, "solar_area_m2": 132656.29836410793, "solar_polygon_count": 365, "solar_fraction": 0.00037195445521971552, "solar_percent": 0.03719544552197155, "residential_solar_m2": 132656.29836410793, "residential_polygon_count": 365, "residential_solar_percent": 0.03719544552197155 }, "geometry": { "type": "MultiPolygon", "coordinates": [ [ [ [ 1620551.584646456176415, 124676.223055041118641 ], [ 1621953.992287875851616, 127144.087469018384581 ], [ 1622797.285543556790799, 129057.470412284950726 ], [ 1622801.453619773499668, 129326.283741279548849 ], [ 1623238.06153575796634, 128802.315262591320788 ], [ 1623534.191952371271327, 129024.174006566026947 ], [ 1624172.171393417520449, 128941.877496571250958 ], [ 1624497.981487846234813, 128405.602559955616016 ], [ 1625070.490703709190711, 128751.26037868540152 ], [ 1625644.449299616971985, 128224.729487965785665 ], [ 1626474.402548967394978, 127802.030268478672951 ], [ 1627181.776206859853119, 127849.799936050229007 ], [ 1627330.616644317517057, 127679.756012766476488 ], [ 1628166.807194035733119, 127677.013672516070073 ], [ 1628379.018075890606269, 128135.039643706739298 ], [ 1630323.760415623662993, 128686.067466229796992 ], [ 1630718.104861333267763, 128962.073823564845952 ], [ 1630926.069218145217746, 128634.009774228339666 ], [ 1632253.50786393112503, 129246.250449579572887 ], [ 1632601.83896861388348, 128760.152157440170413 ], [ 1632905.729333655443043, 128848.381191974127432 ], [ 1632655.597721119876951, 129124.497034783838899 ], [ 1633183.534397508716211, 129586.493038499887916 ], [ 1633945.970440006116405, 129865.017389761444065 ], [ 1634133.671117794467136, 130501.068551567019313 ], [ 1634579.665259020170197, 130949.284388206433505 ], [ 1635834.135503825498745, 130035.191181385045638 ], [ 1635333.862735279835761, 130661.502359469479416 ], [ 1636550.341022047447041, 130533.531172427319689 ], [ 1636364.38817591778934, 130149.575924986362224 ], [ 1636810.67245263280347, 130099.413422598459874 ], [ 1636868.498990135500208, 130751.830105936955079 ], [ 1637112.543750543845817, 130749.998035965181771 ], [ 1637366.732265469850972, 129823.66188657823659 ], [ 1637934.729655873030424, 130300.59671703602362 ], [ 1638579.163503326009959, 129918.054464225147967 ], [ 1638942.868804452707991, 130333.979356036477839 ], [ 1640000.976540215779096, 130990.377037462370936 ], [ 1640097.170639754040167, 131678.760196297982475 ], [ 1640475.127950152615085, 131434.646356800483773 ], [ 1640357.185113227926195, 130842.527327710777172 ], [ 1640687.219395944382995, 131538.903567141067469 ], [ 1641235.466217524372041, 131296.975874699826818 ], [ 1641183.470565822441131, 130756.802726043009898 ], [ 1641931.949039045255631, 129742.588233064947417 ], [ 1642730.026654230197892, 130015.064310167814256 ], [ 1643468.300202510552481, 129831.290508410602342 ], [ 1644391.451274607796222, 130108.521335481855203 ], [ 1645677.619243269087747, 130226.6937420557515 ], [ 1647191.788506292272359, 130850.588264670994249 ], [ 1648047.526483352994546, 131664.414086001779651 ], [ 1648933.966048460220918, 131616.961463778075995 ], [ 1649411.08747683162801, 132112.168111408886034 ], [ 1651267.897511709015816, 132068.197199503949378 ], [ 1651693.044863597955555, 132309.49273699830519 ], [ 1652398.315268212463707, 132273.684224461991107 ], [ 1653611.921538598369807, 132778.545082061900757 ], [ 1654202.969854416092858, 132806.666652053536382 ], [ 1656256.677645971998572, 132341.536208318109857 ], [ 1656713.085674727801234, 132530.208169761201134 ], [ 1658652.515208628261462, 132382.627749213104835 ], [ 1659430.641608370933682, 132021.453683109488338 ], [ 1660924.233530037570745, 132573.443953284731833 ], [ 1661245.600808321265504, 132988.416180462372722 ], [ 1662614.529420854756609, 133258.876164247049019 ], [ 1663195.132816872559488, 133051.335424885706743 ], [ 1664367.387591095175594, 133039.137420862680301 ], [ 1664792.500371584668756, 133209.701717130490579 ], [ 1666037.264092276804149, 132954.187264735723147 ], [ 1666607.563221500487998, 132999.147160334105138 ], [ 1667386.04895387776196, 132689.309906966169365 ], [ 1667707.460389462998137, 132258.280206335824914 ], [ 1667625.200933797750622, 130946.12976847444952 ], [ 1668645.123880489030853, 129856.871940979835927 ], [ 1669546.252247688826174, 127288.723955958717852 ], [ 1669971.632045357488096, 127032.858493546751561 ], [ 1670594.65387500775978, 125925.983012884127675 ], [ 1671165.528004141291603, 125689.099706597029581 ], [ 1671954.30259474250488, 124879.122501943114912 ], [ 1671877.544776516035199, 124191.783589639642742 ], [ 1671069.224195658462122, 124102.311637679114938 ], [ 1670005.843821423128247, 124197.610082252562279 ], [ 1669296.923322217771783, 124474.026196817620075 ], [ 1668327.502382932463661, 124328.566148390833405 ], [ 1667316.788854371756315, 124488.97012162541796 ], [ 1665430.21470471075736, 124341.290135506977094 ], [ 1664054.014300176408142, 124648.3434391226765 ], [ 1662834.507085777586326, 124225.340316673959023 ], [ 1662042.439199283486232, 124259.158652808589977 ], [ 1661551.120647160569206, 123679.557121329271467 ], [ 1660394.263715187320486, 123781.186271419239347 ], [ 1660018.530274206539616, 124050.950367227269453 ], [ 1659226.442924892995507, 124137.847013528182288 ], [ 1656579.035879744682461, 124042.527345056063496 ], [ 1655494.455002054106444, 123469.343586645234609 ], [ 1655159.827306814258918, 123918.605289088867721 ], [ 1654451.091144681442529, 123778.194030954546179 ], [ 1654054.661609237547964, 124009.488952610874549 ], [ 1652741.521308352472261, 123826.083815758611308 ], [ 1652480.025229494087398, 124188.922956127280486 ], [ 1651886.153911630855873, 124191.69751649715181 ], [ 1651051.373229656368494, 123664.066837736740126 ], [ 1649946.279853217769414, 123362.349376528116409 ], [ 1649022.985777879832312, 123422.130072818938061 ], [ 1647371.478809270542115, 123935.541160652661347 ], [ 1646506.353714354103431, 123763.611853896058165 ], [ 1645129.224043713416904, 124127.46072945058404 ], [ 1645575.800814651884139, 125172.245013128835126 ], [ 1645101.559003356844187, 125602.303903314241325 ], [ 1644941.829482269706205, 125170.370906166703207 ], [ 1644705.546683688415214, 125550.323903634678572 ], [ 1644155.56477797916159, 125228.068478293542285 ], [ 1643045.353009663289413, 125187.679792984708911 ], [ 1642901.205516649410129, 125545.84970009677636 ], [ 1641876.998055715346709, 125629.725312294685864 ], [ 1641272.955626194598153, 125015.435229771479499 ], [ 1641066.612666746368632, 125357.262313166691456 ], [ 1640424.48511975328438, 125139.300835005851695 ], [ 1639994.474051430588588, 125393.223003866834915 ], [ 1639866.656061073765159, 124964.937691598504898 ], [ 1638676.232674814993516, 125572.701532475912245 ], [ 1638156.107638224493712, 124764.462068516993895 ], [ 1637865.826557647669688, 125228.724660124818911 ], [ 1637297.783631885657087, 124910.537039275353891 ], [ 1636781.794286961434409, 125328.321711264754413 ], [ 1636319.795952834654599, 124896.07296789441898 ], [ 1635697.695781141752377, 124636.755198385173571 ], [ 1635513.055372281465679, 124030.486967189615825 ], [ 1635184.962051858892664, 123494.706315118266502 ], [ 1634563.56003337027505, 123600.480474840500392 ], [ 1633285.659692642278969, 123142.199605087502277 ], [ 1632812.848147600889206, 123496.445910797425313 ], [ 1632634.331117074470967, 123171.715261154487962 ], [ 1630807.277084153611213, 122091.309146531959414 ], [ 1630548.796877244254574, 121458.190617171610938 ], [ 1630378.822796594817191, 121476.022293353060377 ], [ 1630101.305408792570233, 120887.227624049060978 ], [ 1629109.676785130985081, 121030.554587480408372 ], [ 1629158.018721049651504, 121351.304740303414292 ], [ 1628926.55185375502333, 121549.695394323425717 ], [ 1628515.779338694410399, 121068.826775490335422 ], [ 1626984.893281711032614, 119494.814141011447646 ], [ 1626062.32797541632317, 119889.194459399441257 ], [ 1625343.841401013312861, 119393.540789538019453 ], [ 1623749.975403618765995, 120174.303354051982751 ], [ 1623313.771529715042561, 121134.180373462833813 ], [ 1622790.26190990023315, 121207.367118207432213 ], [ 1622136.34165128855966, 121661.665783207703498 ], [ 1622008.04755612439476, 122263.272394247745979 ], [ 1620403.584604587638751, 122530.123765268916031 ], [ 1620602.002640683902428, 123142.146552465070272 ], [ 1619382.198642730712891, 123788.859462772656116 ], [ 1620551.584646456176415, 124676.223055041118641 ] ] ] ] } },
{ "type": "Feature", "properties": { "GEOID": "15003010308", "NAME": "Census Tract 103.08; Honolulu County; Hawaii", "variable": "median_income", "median_income": 142188.0, "income_moe": 47253.0, "tract_area_m2": 107228106.11502244, "solar_area_m2": 168225.85938853151, "solar_polygon_count": 511, "solar_fraction": 0.0015688597466048447, "solar_percent": 0.15688597466048448, "residential_solar_m2": 160026.07882590435, "residential_polygon_count": 510, "residential_solar_percent": 0.14923893056009596 }, "geometry": { "type": "MultiPolygon", "coordinates": [ [ [ [ 1695018.963953741360456, 85926.760500784046599 ], [ 1695295.180829556658864, 85938.304632538973237 ], [ 1697012.729429958155379, 85972.427091941339313 ], [ 1697981.899587795138359, 85667.235207598816487 ], [ 1698127.562178552150726, 85608.544376319157891 ], [ 1698370.527169079752639, 85541.604460529735661 ], [ 1698661.759159700013697, 85511.407454842963489 ], [ 1698875.041629015468061, 85524.354534414305817 ], [ 1699225.680141986347735, 85609.015627448054147 ], [ 1699462.327243589796126, 85719.344319081224967 ], [ 1701402.296805998543277, 87002.377635205280967 ], [ 1701607.452936035813764, 86679.674435096123489 ], [ 1702085.673614451196045, 86446.285267153391032 ], [ 1702601.095421327045187, 86112.320730146384449 ], [ 1703026.127546736737713, 85699.064508606912568 ], [ 1703868.372739690123126, 86316.510214469875791 ], [ 1703990.828080390347168, 85753.239956244098721 ], [ 1704971.917467191349715, 86037.759367743245093 ], [ 1705038.575188975781202, 86615.059889364245464 ], [ 1705723.574681937461719, 86714.699854816819425 ], [ 1705999.710034559713677, 87064.857611250045011 ], [ 1706223.194529062602669, 87074.214041408064077 ], [ 1706223.059611396165565, 88011.78813063094276 ], [ 1706640.323016623733565, 88661.813249561877456 ], [ 1706871.895389194134623, 88453.589612711584778 ], [ 1707631.653420972637832, 88864.298290897189872 ], [ 1708127.791399125708267, 88724.706731407204643 ], [ 1708003.90916278748773, 88504.777269327503745 ], [ 1707786.549122791038826, 86072.475885508349165 ], [ 1707455.441886761924252, 85075.274039090523729 ], [ 1707690.335511388024315, 84135.452937937123352 ], [ 1707043.226109297946095, 83090.633730853151064 ], [ 1707144.272330363513902, 82268.34019455856469 ], [ 1707040.305858442559838, 82158.506107285036705 ], [ 1706764.161802146118134, 82348.1472527947044 ], [ 1706057.809970560250804, 82415.567698125363677 ], [ 1705332.22895714873448, 81790.601732658513356 ], [ 1703967.281690226867795, 81811.119978769580484 ], [ 1703994.39231918239966, 80470.362613234407036 ], [ 1704435.737212732201442, 79550.027656870995997 ], [ 1706162.616873092250898, 77694.053735521811177 ], [ 1707336.857389919925481, 77082.329301762802061 ], [ 1707804.087986459489912, 77018.255934938875725 ], [ 1708873.931685788091272, 77184.897592905894271 ], [ 1709588.583855770993978, 77595.936725017818389 ], [ 1711334.151706094387919, 79021.109955340405577 ], [ 1711687.068227989599109, 79201.392676480769296 ], [ 1714967.631840677000582, 75717.849364698515274 ], [ 1715003.39899523742497, 75688.475229162286269 ], [ 1714686.990555962081999, 75181.28836167807458 ], [ 1714599.618000520626083, 73411.368988156755222 ], [ 1715329.754605184542015, 72489.345285378527478 ], [ 1715361.379892278462648, 72260.536470910185017 ], [ 1715309.535534655908123, 72105.352357277952251 ], [ 1715124.318649868480861, 71939.44744745263597 ], [ 1714823.881478319177404, 71921.955723275867058 ], [ 1714674.04293896839954, 72007.113417848100653 ], [ 1714189.786979810334742, 72782.001209240537719 ], [ 1713850.851992048788816, 73546.194921759321005 ], [ 1713517.780912448419258, 73761.151350661166362 ], [ 1711831.097536966670305, 73255.760002305833041 ], [ 1710618.004991833353415, 72514.560109182668384 ], [ 1710564.541342078708112, 72546.093493353750091 ], [ 1710440.927775133633986, 72619.309822923882166 ], [ 1709350.325118650216609, 72915.402506446145708 ], [ 1705977.95071134576574, 73185.424302939441986 ], [ 1705183.54179861722514, 73657.055903468979523 ], [ 1704938.444841259159148, 74029.099590757730766 ], [ 1704806.530218189116567, 75919.70109865134873 ], [ 1703831.075722186593339, 77038.09871239081258 ], [ 1702122.371775039006025, 78232.673781453006086 ], [ 1700981.363646613433957, 78717.046020527093788 ], [ 1700447.508190409047529, 79354.689496689898078 ], [ 1699902.114182335091755, 80589.159747841069475 ], [ 1700105.635885146213695, 81134.27500148229592 ], [ 1699798.596083847340196, 81896.776822690459085 ], [ 1700273.626841405872256, 83023.410018791764742 ], [ 1698776.303773335646838, 83421.338669520278927 ], [ 1698299.159449687693268, 84219.989782739663497 ], [ 1696301.172241232823581, 84896.067204088612925 ], [ 1695219.420444638235494, 85508.854442386116716 ], [ 1695018.963953741360456, 85926.760500784046599 ] ] ] ] } },
{ "type": "Feature", "properties": { "GEOID": "15003011103", "NAME": "Census Tract 111.03; Honolulu County; Hawaii", "variable": "median_income", "median_income": 158056.0, "income_moe": 28533.0, "tract_area_m2": 34938559.145024449, "solar_area_m2": 264155.08401849074, "solar_polygon_count": 779, "solar_fraction": 0.0075605603231096233, "solar_percent": 0.7560560323109623, "residential_solar_m2": 264155.08401849074, "residential_polygon_count": 779, "residential_solar_percent": 0.7560560323109623 }, "geometry": { "type": "MultiPolygon", "coordinates": [ [ [ [ 1723413.083065763115883, 77838.648511644365499 ], [ 1726087.384218064835295, 80998.147452413948486 ], [ 1726136.922905058600008, 81081.050330394878983 ], [ 1726438.908808661391959, 81793.526722685623099 ], [ 1726546.865775907645002, 81936.462129230567371 ], [ 1727030.089730201289058, 82279.434936615085462 ], [ 1727869.287772621726617, 81507.055798464964028 ], [ 1729037.426568149123341, 80779.915208831487689 ], [ 1730395.331719761481509, 80522.452245624284842 ], [ 1730702.808292711852118, 80571.284450092629413 ], [ 1730900.290068851783872, 80279.193222626316128 ], [ 1730545.636705098906532, 79556.431219230202259 ], [ 1730169.390752656618133, 79530.006685699219815 ], [ 1729692.984148697229102, 79379.90875336145109 ], [ 1729394.234666180796921, 79193.421152961615007 ], [ 1728743.567266579717398, 78460.735137335170293 ], [ 1728553.585719634778798, 78127.674899213452591 ], [ 1728502.602902086917311, 77889.291943747695768 ], [ 1729072.610937733436003, 75153.792990097383154 ], [ 1729857.53110842872411, 73756.910855642767274 ], [ 1730198.384978309972212, 74013.216955770345521 ], [ 1730068.234278618125245, 72896.700192310701823 ], [ 1730572.717242327984422, 71563.293565843239776 ], [ 1730325.865943784127012, 70842.533866693018354 ], [ 1730264.915317313047126, 70258.309690117297578 ], [ 1730008.763354577124119, 70005.414812521106796 ], [ 1729506.987415496259928, 70530.21421861134877 ], [ 1728725.085380641743541, 70694.20170553115895 ], [ 1728413.1397426398471, 71465.251663760471274 ], [ 1728388.668120150221512, 72276.007398413843475 ], [ 1728003.352844722103328, 74016.480351642210735 ], [ 1727132.357786115724593, 74600.636684976125252 ], [ 1727141.684300862019882, 75354.053265155962436 ], [ 1726516.785276733338833, 75897.933954980107956 ], [ 1725181.549421420553699, 76818.481895382268704 ], [ 1723413.083065763115883, 77838.648511644365499 ] ] ] ] } },
{ "type": "Feature", "properties": { "GEOID": "15003010905", "NAME": "Census Tract 109.05; Honolulu County; Hawaii", "variable": "median_income", "median_income": 108618.0, "income_moe": 15519.0, "tract_area_m2": 5902052.0918269865, "solar_area_m2": 119246.27624030107, "solar_polygon_count": 266, "solar_fraction": 0.020204205992256544, "solar_percent": 2.0204205992256545, "residential_solar_m2": 102901.97774686528, "residential_polygon_count": 265, "residential_solar_percent": 1.7434949089887117 }, "geometry": { "type": "MultiPolygon", "coordinates": [ [ [ [ 1725913.010990243405104, 85364.265259258521837 ], [ 1727161.111578259151429, 86025.233718696108554 ], [ 1727714.098677876638249, 86327.278478397536674 ], [ 1728211.912936605978757, 85422.483591676238575 ], [ 1729142.060327170882374, 83741.030377057875739 ], [ 1728552.350234282901511, 83416.025275976426201 ], [ 1727769.34096153290011, 82917.434892444201978 ], [ 1727714.99084988120012, 82866.852776003259351 ], [ 1727301.665841467445716, 83270.488684732903494 ], [ 1726717.948363192146644, 83859.115433223501896 ], [ 1726514.241490003187209, 84236.578348459792323 ], [ 1726259.686448676045984, 84714.946929182333406 ], [ 1725913.010990243405104, 85364.265259258521837 ] ] ] ] } },
{ "type": "Feature", "properties": { "GEOID": "15003004500", "NAME": "Census Tract 45; Honolulu County; Hawaii", "variable": "median_income", "median_income": 130000.0, "income_moe": 37294.0, "tract_area_m2": 85298205.025255054, "solar_area_m2": 192662.66157484573, "solar_polygon_count": 539, "solar_fraction": 0.0022586953795546137, "solar_percent": 0.22586953795546136, "residential_solar_m2": 180654.62592112942, "residential_polygon_count": 538, "residential_solar_percent": 0.21179182594480303 }, "geometry": { "type": "MultiPolygon", "coordinates": [ [ [ [ 1690687.768341775517911, 55840.087592086631048 ], [ 1691415.026140533620492, 56684.25344743495225 ], [ 1692402.421786558348686, 58103.714975901340949 ], [ 1692755.663262048969045, 58505.819556721864501 ], [ 1692876.01780984015204, 58640.705102670523047 ], [ 1693310.336888417834416, 59306.253426550385484 ], [ 1694914.594043518416584, 61476.136388187485863 ], [ 1695903.831488281255588, 62256.336426303161716 ], [ 1697408.402367625851184, 63898.382391205515887 ], [ 1697899.525927087757736, 63864.034416742506437 ], [ 1698979.338825205340981, 64517.976403394517547 ], [ 1699441.961576156783849, 64710.283779898301873 ], [ 1700471.44323199451901, 65907.996790125995176 ], [ 1700611.594939158298075, 65655.327142433452536 ], [ 1701371.003453816752881, 65504.707710185888573 ], [ 1701767.552965832641348, 65728.200347759819124 ], [ 1702099.964591783005744, 66382.808451909339055 ], [ 1702695.157391915330663, 66973.063960902523831 ], [ 1703862.402937871403992, 67545.838154170647613 ], [ 1704528.795427269535139, 68044.294781077085645 ], [ 1705752.389442237326875, 68697.094978426655871 ], [ 1706250.167293298058212, 69308.704463483940344 ], [ 1705974.66652920586057, 70033.065959003695752 ], [ 1706095.231494438834488, 70502.906353684360511 ], [ 1707006.465560037642717, 70809.532280693005305 ], [ 1708270.372450457885861, 71799.182118795317365 ], [ 1708868.565279250964522, 72072.024431600410026 ], [ 1709780.936580935260281, 72256.281503081569099 ], [ 1710440.927775133633986, 72619.309822923882166 ], [ 1710564.541342078708112, 72546.093493353750091 ], [ 1710618.004991833353415, 72514.560109182668384 ], [ 1711669.101777936564758, 71744.751348200050415 ], [ 1712085.864532893523574, 71037.316952412787941 ], [ 1712340.272429378470406, 70114.255219648475759 ], [ 1712460.161634797230363, 68516.079851236048853 ], [ 1712195.342212918447331, 67806.644251927544246 ], [ 1711402.144716604379937, 67262.516117116625537 ], [ 1710440.827461688779294, 66972.823685680603376 ], [ 1708860.604909817920998, 65522.109048506012186 ], [ 1707303.848926303908229, 64833.222591231409751 ], [ 1706282.851621275302023, 64868.283249695778068 ], [ 1705058.586080671288073, 64140.277441632897535 ], [ 1702268.450572897912934, 63701.075203747423075 ], [ 1701044.145166854606941, 62937.19965814002353 ], [ 1700398.617321886587888, 61955.679987953633827 ], [ 1698800.029860061127692, 61045.773305562630412 ], [ 1697201.927073316648602, 59627.356781532609602 ], [ 1696895.68848937866278, 59554.382036895876809 ], [ 1695409.666191289899871, 57280.307671251735883 ], [ 1694614.035682877060026, 56801.45308172760997 ], [ 1694162.891966959228739, 56617.19168078587245 ], [ 1693614.082566696451977, 56752.138884156287531 ], [ 1692799.801021810388193, 56526.4821351667415 ], [ 1692021.15943969739601, 56042.9606611649142 ], [ 1691671.640243430389091, 55640.864958213736827 ], [ 1691521.112031910801306, 55727.176132886270352 ], [ 1691322.613966770702973, 55789.830576338565152 ], [ 1690687.768341775517911, 55840.087592086631048 ] ] ] ] } },
{ "type": "Feature", "properties": { "GEOID": "15003001803", "NAME": "Census Tract 18.03; Honolulu County; Hawaii", "variable": "median_income", "median_income": 53793.0, "income_moe": 17177.0, "tract_area_m2": 1392185.5214728217, "solar_area_m2": 11590.587756703437, "solar_polygon_count": 8, "solar_fraction": 0.0083254620723547789, "solar_percent": 0.8325462072354779, "residential_solar_m2": 11590.587756703437, "residential_polygon_count": 8, "residential_solar_percent": 0.8325462072354779 }, "geometry": { "type": "MultiPolygon", "coordinates": [ [ [ [ 1700671.742914548842236, 40573.319259352145309 ], [ 1701010.163227698532864, 40882.828984299587319 ], [ 1702510.225139746209607, 39450.050016104818496 ], [ 1702395.945025170687586, 39345.300965959606401 ], [ 1702163.161331077571958, 39550.998193875224388 ], [ 1701735.743682052008808, 39952.631307350813586 ], [ 1701095.418705652467906, 39252.277432491966465 ], [ 1700876.134989264188334, 39568.061398381563777 ], [ 1700714.883383998880163, 39751.323594478431914 ], [ 1700297.596143197035417, 40239.433897148432152 ], [ 1700671.742914548842236, 40573.319259352145309 ] ] ] ] } },
{ "type": "Feature", "properties": { "GEOID": "15003002401", "NAME": "Census Tract 24.01; Honolulu County; Hawaii", "variable": "median_income", "median_income": 72539.0, "income_moe": 11426.0, "tract_area_m2": 1825639.3472249859, "solar_area_m2": 12677.750051252104, "solar_polygon_count": 29, "solar_fraction": 0.0069442795865035318, "solar_percent": 0.69442795865035323, "residential_solar_m2": 12677.750051252104, "residential_polygon_count": 29, "residential_solar_percent": 0.69442795865035323 }, "geometry": { "type": "MultiPolygon", "coordinates": [ [ [ [ 1697619.87609423790127, 44938.843699310185912 ], [ 1697830.701278921449557, 45491.215506830718368 ], [ 1698220.324725533602759, 45342.698976793049951 ], [ 1698609.610691119451076, 45193.458387520287943 ], [ 1699393.976712204050273, 44894.992000736376212 ], [ 1699406.876476552570239, 44928.788841296176543 ], [ 1699837.311408576788381, 44518.059013036116085 ], [ 1699354.466526896459982, 43981.000229921730352 ], [ 1698680.795130044687539, 44222.192936068400741 ], [ 1698294.227873220108449, 44369.256423532970075 ], [ 1697905.615799908526242, 44520.316293087234953 ], [ 1697508.869993303203955, 44638.677417641905777 ], [ 1697619.87609423790127, 44938.843699310185912 ] ] ] ] } },
{ "type": "Feature", "properties": { "GEOID": "15003009000", "NAME": "Census Tract 90; Honolulu County; Hawaii", "variable": "median_income", "median_income": 91667.0, "income_moe": 9516.0, "tract_area_m2": 72280091.229773253, "solar_area_m2": 114769.99668437635, "solar_polygon_count": 253, "solar_fraction": 0.0015878507446750547, "solar_percent": 0.15878507446750548, "residential_solar_m2": 114769.99668437635, "residential_polygon_count": 253, "residential_solar_percent": 0.15878507446750548 }, "geometry": { "type": "MultiPolygon", "coordinates": [ [ [ [ 1623456.071159692015499, 113226.291336761147249 ], [ 1623721.494694471592084, 113919.673096172569785 ], [ 1624472.590653154533356, 115150.535384023649385 ], [ 1624588.557797570712864, 115247.128286988008767 ], [ 1625872.529496190603822, 115802.188447361884755 ], [ 1626896.153518428793177, 116788.536666817817604 ], [ 1626983.23853326914832, 116982.13302414987993 ], [ 1627430.992332205874845, 116963.495457201264799 ], [ 1630720.520295249298215, 117983.922317945238319 ], [ 1630719.461540386546403, 117771.051174274383811 ], [ 1630971.119485702598467, 116272.915190434665419 ], [ 1631482.293746600160375, 113249.766425060675829 ], [ 1632293.523225858807564, 108610.069156123281573 ], [ 1632344.424738880479708, 107923.862321684078779 ], [ 1632435.822475414257497, 107434.173479673088877 ], [ 1632339.759734191931784, 106312.076781043913797 ], [ 1631191.141283461358398, 104788.386872638366185 ], [ 1630504.653638862771913, 103478.594533966810559 ], [ 1630563.329589646775275, 102634.367649131309008 ], [ 1630433.444698772858828, 102761.532775118015707 ], [ 1629854.627997314557433, 102710.424725195960491 ], [ 1629843.186709461035207, 103321.430145020814962 ], [ 1628503.866302247857675, 104298.518935090061859 ], [ 1628016.353082122746855, 104897.282843258959474 ], [ 1629143.166279780678451, 105804.093130059613031 ], [ 1629095.268416257807985, 106038.769414182039327 ], [ 1629905.150112563977018, 107125.115043924699421 ], [ 1629137.536493150051683, 108123.148576647203299 ], [ 1628338.061841644579545, 107945.689548912050668 ], [ 1627404.103584937052801, 108498.792165108330664 ], [ 1626273.536510002333671, 109998.983865719565074 ], [ 1625744.536672346061096, 110303.902863331997651 ], [ 1625391.210342354839668, 110165.599060322711011 ], [ 1624592.437444875249639, 111144.092081060109194 ], [ 1624657.806431011995301, 111431.048837738388102 ], [ 1624097.586259333882481, 111859.139140021696221 ], [ 1623005.835674082161859, 111987.353028784200433 ], [ 1623456.071159692015499, 113226.291336761147249 ] ] ] ] } },
{ "type": "Feature", "properties": { "GEOID": "15003009801", "NAME": "Census Tract 98.01; Honolulu County; Hawaii", "variable": "median_income", "median_income": 65068.0, "income_moe": 13573.0, "tract_area_m2": 587999620.01520336, "solar_area_m2": 40334.474777646501, "solar_polygon_count": 175, "solar_fraction": 6.8596089869247886e-05, "solar_percent": 0.006859608986924789, "residential_solar_m2": 40334.474777646501, "residential_polygon_count": 175, "residential_solar_percent": 0.006859608986924789 }, "geometry": { "type": "MultiPolygon", "coordinates": [ [ [ [ 1549710.890546592418104, 147292.16942005319288 ], [ 1550525.002577562816441, 146872.295202433801023 ], [ 1551611.510321388253942, 145763.581873342191102 ], [ 1552876.000567268347368, 144991.347295095503796 ], [ 1555580.55342229292728, 143519.706096590758534 ], [ 1556493.51095319329761, 143436.879981416044757 ], [ 1557334.570346123538911, 144093.796049296302954 ], [ 1557887.185308700194582, 144144.15303937959834 ], [ 1558883.966884990688413, 143332.522072499414207 ], [ 1559694.158832862274721, 142929.507283902872587 ], [ 1560300.984239068580791, 142867.193991861160612 ], [ 1561428.331402668263763, 142063.406568528327625 ], [ 1562222.723891605623066, 141751.271449964784551 ], [ 1563216.453067611670122, 141101.019037888705498 ], [ 1563787.109242738923058, 140449.942580460279714 ], [ 1564522.732752300100401, 140602.182843329879688 ], [ 1564961.946863193996251, 140466.783650730649242 ], [ 1565344.707175367046148, 139821.077941034978721 ], [ 1566354.495142149506137, 138936.19248541208799 ], [ 1567482.336856435285881, 138859.069353187398519 ], [ 1567903.89390104287304, 139464.056647102552233 ], [ 1568577.922969840932637, 139303.301570314884884 ], [ 1569083.333142105257139, 138845.266401611123001 ], [ 1569502.870594571810216, 138970.393775316450046 ], [ 1570188.064984374446794, 138507.406663852423662 ], [ 1570735.921725793275982, 138523.757291286077816 ], [ 1571192.092135296668857, 137815.153573004296049 ], [ 1572230.266314398730174, 136963.765413220302435 ], [ 1573183.474084592191502, 136889.895070893195225 ], [ 1573622.21219058544375, 136874.809979348792695 ], [ 1574148.546589417848736, 137333.681152711884351 ], [ 1574912.299150908133015, 134660.911812548263697 ], [ 1575183.172948067774996, 134104.418309533444699 ], [ 1575786.167010092642158, 133869.737226829398423 ], [ 1576569.087810652097687, 134021.723966670862865 ], [ 1576961.277863428927958, 133714.657342089136364 ], [ 1578204.098562967032194, 133616.920038948243018 ], [ 1580094.18840518523939, 131544.489311237499351 ], [ 1580512.443363417172804, 131409.607489444228122 ], [ 1580325.771911540767178, 130747.223289487170405 ], [ 1580782.560719590866938, 129810.211386004884844 ], [ 1580778.599300326080993, 129309.637042080124957 ], [ 1581352.749077046057209, 128130.564775218372233 ], [ 1582099.853398611070588, 128106.4899892147223 ], [ 1583240.398458258016035, 127599.22220620533335 ], [ 1584401.102086472325027, 126847.117831352283247 ], [ 1584967.091857436578721, 125889.322876709367847 ], [ 1585967.028649398591369, 125429.485908659131383 ], [ 1586918.911958067445084, 124493.114217416950851 ], [ 1588330.293628694489598, 124109.558163775669527 ], [ 1589132.943092566216365, 124164.356585361179896 ], [ 1589513.655696607893333, 123789.828916463899077 ], [ 1590538.420788766117766, 123983.929432814315078 ], [ 1591157.304029837716371, 123824.969083279458573 ], [ 1591992.621948978863657, 123916.106781133930781 ], [ 1590652.701830989448354, 122960.509035333307111 ], [ 1590495.622806968400255, 122573.417601269349689 ], [ 1589769.953067801892757, 121987.433973653809517 ], [ 1589064.120460560545325, 121893.662906497804215 ], [ 1585952.063888332573697, 122106.001199087797431 ], [ 1585225.874998655868694, 122056.983359823891078 ], [ 1584152.976472656242549, 121407.14014129115094 ], [ 1583963.029201054479927, 121170.49373819954053 ], [ 1583504.923847909551114, 119731.005881040677195 ], [ 1583660.665082823717967, 119446.404144502288545 ], [ 1583668.40335861290805, 118096.509555638578604 ], [ 1583550.391916197026148, 117742.090780815517064 ], [ 1582386.919996508397162, 116753.092453361634398 ], [ 1582342.874277412425727, 115647.367842245294014 ], [ 1581876.310188568895683, 114327.418603628510027 ], [ 1581180.416633054381236, 113493.04770060996816 ], [ 1580133.341699397889897, 112423.688410215851036 ], [ 1579607.360352960415184, 112144.574598258579499 ], [ 1578748.859903455013409, 111006.007504661567509 ], [ 1578181.72803195938468, 110447.969741408523987 ], [ 1576678.682662026723847, 109207.753553642120096 ], [ 1575543.284814905142412, 108075.019419860444032 ], [ 1573384.987509116297588, 107497.562554474250646 ], [ 1572962.403926074970514, 107303.387474727089284 ], [ 1572663.036760227521881, 107204.960126773861703 ], [ 1572539.950731979683042, 107747.467924154523644 ], [ 1571653.644488577963784, 108421.730956928935484 ], [ 1572517.897997759049758, 109653.17235768509272 ], [ 1572410.761736945947632, 110165.146530183847062 ], [ 1572417.777643996058032, 110333.691565714994795 ], [ 1571611.408248032676056, 110997.319603836920578 ], [ 1571390.145392209058627, 111331.081643283658195 ], [ 1570098.601479711011052, 110967.692965742695378 ], [ 1569177.198798986617476, 111523.258057674975134 ], [ 1568758.121353205060586, 112405.824183931821608 ], [ 1567807.439104283694178, 112157.187663724529557 ], [ 1566507.59480894706212, 112431.424854420794873 ], [ 1566099.41016229079105, 112555.866276496424689 ], [ 1565827.657562021398917, 112498.124335589105613 ], [ 1565495.821527027990669, 112403.7878108699515 ], [ 1565483.161165261641145, 112454.653450796904508 ], [ 1565031.960355349350721, 112668.69097720910213 ], [ 1563825.698172986973077, 113240.936717723685433 ], [ 1561828.138283589854836, 114853.109874304747791 ], [ 1562216.366731855086982, 119441.657756344415247 ], [ 1562363.867002680664882, 127277.07138847807073 ], [ 1562556.525880010100082, 130238.131627549359109 ], [ 1562319.141148266149685, 133611.770608036487829 ], [ 1561725.891656180843711, 134650.499739236984169 ], [ 1560781.593619929859415, 135696.300855029752711 ], [ 1555232.507893088273704, 141994.901873083639657 ], [ 1553294.29167952388525, 142710.785289228952024 ], [ 1548027.262468535685912, 146649.147352631320246 ], [ 1549710.890546592418104, 147292.16942005319288 ] ] ] ] } },
{ "type": "Feature", "properties": { "GEOID": "15003010303", "NAME": "Census Tract 103.03; Honolulu County; Hawaii", "variable": "median_income", "median_income": 130132.0, "income_moe": 29984.0, "tract_area_m2": 452809793.82478994, "solar_area_m2": 202351.98318943352, "solar_polygon_count": 402, "solar_fraction": 0.00044688075644346936, "solar_percent": 0.044688075644346938, "residential_solar_m2": 169666.58623679611, "residential_polygon_count": 401, "residential_solar_percent": 0.037469725379316074 }, "geometry": { "type": "MultiPolygon", "coordinates": [ [ [ [ 1675689.247563150711358, 121663.325647295598174 ], [ 1676713.07027809182182, 122335.687885685270885 ], [ 1677379.616792867425829, 122961.322729232851998 ], [ 1678186.352508239913732, 124333.934422689635539 ], [ 1679255.288055057637393, 125492.061707217784715 ], [ 1680059.340864137979224, 125788.352080869444762 ], [ 1681657.742203639121726, 126148.8367076850991 ], [ 1682469.122871554456651, 125747.340356551503646 ], [ 1682953.898329344578087, 125275.847242763804388 ], [ 1683663.491071530617774, 125084.253927805257263 ], [ 1683921.031717602862045, 124825.820715098336223 ], [ 1683893.368432439630851, 125813.511303607810987 ], [ 1684758.461957538034767, 127469.61880828611902 ], [ 1685459.766170785529539, 127004.505005558487028 ], [ 1686539.201365028042346, 126788.199889273761073 ], [ 1687535.082648049341515, 126889.334987472291687 ], [ 1688043.549120829207823, 127330.42759516708611 ], [ 1689246.964190181577578, 127587.258413553441642 ], [ 1690325.148458677111194, 128344.576593855061219 ], [ 1691891.821588077349588, 129026.829529799098964 ], [ 1692135.401594905648381, 129513.11386603351275 ], [ 1693675.169845735887066, 130868.159754999913275 ], [ 1694058.142890051472932, 131629.584792374662356 ], [ 1694546.75318006798625, 133112.564437247026945 ], [ 1695316.998593933880329, 133907.011654872010695 ], [ 1695885.626572714885697, 132711.813056142738787 ], [ 1696667.589937141863629, 130892.316341600904707 ], [ 1696271.350440515903756, 127263.249164241351536 ], [ 1696564.357346968026832, 124372.702588707834366 ], [ 1693034.429899048991501, 123700.683678070578026 ], [ 1691903.571187928318977, 123217.888204322152887 ], [ 1691195.97597978473641, 123395.569590400729794 ], [ 1691062.07798027060926, 122941.849796907743439 ], [ 1690517.914762929547578, 121098.011685628633131 ], [ 1691665.141507705906406, 119120.411192520899931 ], [ 1692423.06675967713818, 118292.907571093543083 ], [ 1691667.619444134877995, 116549.602198477587081 ], [ 1692395.715664154384285, 115666.85396267689066 ], [ 1693841.532846097601578, 115501.912275890863384 ], [ 1694251.375952412607148, 114010.042600575456163 ], [ 1694169.693165071308613, 113342.14863712710212 ], [ 1694032.8538900509011, 112223.297276435390813 ], [ 1693397.502270218217745, 110340.628568748288671 ], [ 1693353.465551142813638, 110210.144650422633276 ], [ 1693857.30581530276686, 108597.764934482154786 ], [ 1693939.123343411134556, 107714.031081168694072 ], [ 1694488.274716699728742, 106394.129519674548646 ], [ 1695477.170586180174723, 105385.27536627088557 ], [ 1695597.44739963975735, 105436.86253927454527 ], [ 1696129.44847575481981, 104692.487289871365647 ], [ 1696017.311794269364327, 104611.726068743126234 ], [ 1696508.092443324625492, 103578.035140390842571 ], [ 1695761.284014559583738, 102281.137787364001269 ], [ 1694848.409519988344982, 101049.832122398511274 ], [ 1694144.342568785883486, 100799.194154414857621 ], [ 1694095.247991657117382, 100244.80850778707827 ], [ 1693926.706655576592311, 100101.150996459793532 ], [ 1694033.689035112038255, 99570.897666825345368 ], [ 1693640.023582251975313, 99064.117666733742226 ], [ 1693589.76278344867751, 97625.918622424986097 ], [ 1692678.073529669083655, 96787.338651837038924 ], [ 1692418.964631813345477, 96030.414040187795763 ], [ 1691247.908735334873199, 94274.738580523640849 ], [ 1689970.183486168505624, 94487.859818683195044 ], [ 1688526.907956386450678, 94988.200684623807319 ], [ 1688321.980245254235342, 95180.180789841237129 ], [ 1688319.014909651363268, 95452.25988703792973 ], [ 1687122.266723459586501, 97232.62604356383963 ], [ 1686614.569758433615789, 97915.83952048473293 ], [ 1685690.649874701397493, 98140.994881712569622 ], [ 1683790.277507327729836, 99231.375347701352439 ], [ 1683280.80780287203379, 100504.190803596007754 ], [ 1683112.097774746129289, 102658.553709614498075 ], [ 1683351.355269297026098, 103274.109624404707574 ], [ 1683330.35750703397207, 103588.676542206274462 ], [ 1683600.001005681697279, 104047.692852133579436 ], [ 1682940.341292105382308, 105237.568216051411582 ], [ 1683007.084797211457044, 105973.225118043410475 ], [ 1682498.041489870287478, 106380.036142563316389 ], [ 1682642.72489671385847, 107034.383979719888885 ], [ 1681273.282777455169708, 106681.315670801428496 ], [ 1680474.090301450109109, 106780.60531783249462 ], [ 1680266.432171111227944, 107085.225563663479988 ], [ 1679508.685673194471747, 107249.584433184238151 ], [ 1678771.362201865995303, 107864.412543822807493 ], [ 1678583.827673896215856, 109051.778630812710617 ], [ 1678313.475740586174652, 109563.420644105586689 ], [ 1677971.564235643483698, 109818.18777800060343 ], [ 1677583.0911596827209, 111019.583810028008884 ], [ 1678088.922085190657526, 112633.18412627116777 ], [ 1677668.090143117588013, 113457.491923178968136 ], [ 1677496.960680592572317, 114585.300330948055489 ], [ 1677696.40801831590943, 115259.290622743676067 ], [ 1677225.839497476583347, 116263.745635809085798 ], [ 1677056.77223981381394, 117385.38237623142777 ], [ 1677115.486948560690507, 118518.437908782172599 ], [ 1676362.060536676319316, 119588.094153376077884 ], [ 1675685.897893911460415, 121075.927740810147952 ], [ 1675689.247563150711358, 121663.325647295598174 ] ] ] ] } },
{ "type": "Feature", "properties": { "GEOID": "15003011201", "NAME": "Census Tract 112.01; Honolulu County; Hawaii", "variable": "median_income", "median_income": 181346.0, "income_moe": 39954.0, "tract_area_m2": 26998933.153739579, "solar_area_m2": 343162.96412389539, "solar_polygon_count": 1128, "solar_fraction": 0.012710241629542478, "solar_percent": 1.2710241629542478, "residential_solar_m2": 343162.96412389539, "residential_polygon_count": 1128, "residential_solar_percent": 1.2710241629542478 }, "geometry": { "type": "MultiPolygon", "coordinates": [ [ [ [ 1726069.242453158833086, 92520.407464931005961 ], [ 1727240.478038335684687, 94117.748372090994962 ], [ 1727563.937851816881448, 95163.018690550379688 ], [ 1729741.474350744392723, 95160.357938930217642 ], [ 1729191.257672590669245, 93639.999283706041751 ], [ 1728338.092556225601584, 94115.186851267528255 ], [ 1727327.75252054980956, 92950.72859385132324 ], [ 1727738.996816331986338, 89823.713225859595696 ], [ 1727742.897391034057364, 89815.357658338558394 ], [ 1728760.16992455534637, 87636.318289735034341 ], [ 1729339.720755598274991, 86394.984216245371499 ], [ 1729894.204809741815552, 85920.728108517141663 ], [ 1730929.31743513350375, 85035.423148168003536 ], [ 1733226.958918940974399, 84259.442733728865278 ], [ 1733713.234929722268134, 84027.877848059288226 ], [ 1735254.919722716324031, 83293.7692214671697 ], [ 1735444.202708863886073, 83203.642229238132131 ], [ 1735383.592357448302209, 82274.37447883594723 ], [ 1733446.301690797554329, 81181.182406625492149 ], [ 1732705.249560441123322, 83186.553872780612437 ], [ 1733252.604981709970161, 83596.53469115619373 ], [ 1732179.549412871478125, 83830.800972085315152 ], [ 1731742.526410379912704, 83354.906071637247805 ], [ 1731034.153516995022073, 82594.846927878767019 ], [ 1730697.847218338167295, 82903.776328887426644 ], [ 1729343.919853788334876, 83463.83433355174202 ], [ 1729142.060327170882374, 83741.030377057875739 ], [ 1728211.912936605978757, 85422.483591676238575 ], [ 1727714.098677876638249, 86327.278478397536674 ], [ 1727361.647378045134246, 86967.496857572186855 ], [ 1726802.800992775941268, 87977.183609101120965 ], [ 1726541.826227696845308, 88437.74103981074586 ], [ 1726326.67485288111493, 88751.252493676598533 ], [ 1727021.697304121451452, 89133.43698397053231 ], [ 1726865.906553670763969, 89550.572288036331884 ], [ 1726225.332268652739003, 91908.198362542389077 ], [ 1726069.242453158833086, 92520.407464931005961 ] ] ] ] } },
{ "type": "Feature", "properties": { "GEOID": "15003011106", "NAME": "Census Tract 111.06; Honolulu County; Hawaii", "variable": "median_income", "median_income": 136994.0, "income_moe": 34472.0, "tract_area_m2": 41903191.430171177, "solar_area_m2": 322914.57337418268, "solar_polygon_count": 1167, "solar_fraction": 0.0077062047627636642, "solar_percent": 0.77062047627636643, "residential_solar_m2": 311216.78146080323, "residential_polygon_count": 1166, "residential_solar_percent": 0.74270424480537456 }, "geometry": { "type": "MultiPolygon", "coordinates": [ [ [ [ 1730264.915317313047126, 70258.309690117297578 ], [ 1730325.865943784127012, 70842.533866693018354 ], [ 1730572.717242327984422, 71563.293565843239776 ], [ 1730068.234278618125245, 72896.700192310701823 ], [ 1730198.384978309972212, 74013.216955770345521 ], [ 1730836.824825203511864, 74552.643978108739248 ], [ 1731019.29071842180565, 74701.889455580560025 ], [ 1732153.451490828301758, 75447.053429337538546 ], [ 1732675.709010885097086, 76253.663867714945809 ], [ 1732768.668987362645566, 76605.823982877744129 ], [ 1732783.278721142094582, 77208.862176097391057 ], [ 1732634.386495634913445, 77920.596548242727295 ], [ 1732544.649455094709992, 78265.903015898729791 ], [ 1732922.518638690002263, 78538.637929588236148 ], [ 1733099.665436308830976, 79193.541187375638401 ], [ 1732994.969533985247836, 80317.653135313899838 ], [ 1732560.768302070209756, 80955.152890469500562 ], [ 1732257.695805819937959, 82305.236910290055675 ], [ 1732705.249560441123322, 83186.553872780612437 ], [ 1733446.301690797554329, 81181.182406625492149 ], [ 1735383.592357448302209, 82274.37447883594723 ], [ 1735887.463957236614078, 81691.147478541650344 ], [ 1735915.809971570037305, 81630.533424918990931 ], [ 1736583.723395907087252, 79698.452811233597458 ], [ 1736563.713551047258079, 78717.247677398278029 ], [ 1736335.572069022804499, 78062.240998804554692 ], [ 1735915.996425102930516, 78098.179362397379009 ], [ 1735871.277069704141468, 76084.543117203560541 ], [ 1736156.969831012422219, 75769.379939070408 ], [ 1735522.298419923521578, 75062.068500332883559 ], [ 1735655.841015902115032, 73632.874948399330606 ], [ 1735212.426496005617082, 73468.983458295217133 ], [ 1734313.680743298260495, 73140.827463316323701 ], [ 1734068.010381060186774, 73333.651498959225137 ], [ 1733079.398374976590276, 73610.187758924599621 ], [ 1732131.669373858720064, 73465.793466083341627 ], [ 1731847.718200602568686, 72370.441053563248715 ], [ 1731483.162344573298469, 72043.611813834315399 ], [ 1732371.987957420293242, 71036.35827030139626 ], [ 1733570.987710745772347, 71122.34474082676752 ], [ 1734314.405538351507857, 70206.411758863527211 ], [ 1732733.384043565485626, 69250.104393968416844 ], [ 1732385.727996191708371, 68386.400701797494548 ], [ 1730697.603180101606995, 70148.606711258384166 ], [ 1730008.763354577124119, 70005.414812521106796 ], [ 1730264.915317313047126, 70258.309690117297578 ] ] ] ] } },
{ "type": "Feature", "properties": { "GEOID": "15003008926", "NAME": "Census Tract 89.26; Honolulu County; Hawaii", "variable": "median_income", "median_income": 96250.0, "income_moe": 10579.0, "tract_area_m2": 24893493.904463734, "solar_area_m2": 150288.05723724372, "solar_polygon_count": 102, "solar_fraction": 0.0060372424141833733, "solar_percent": 0.60372424141833736, "residential_solar_m2": 49598.856370278409, "residential_polygon_count": 95, "residential_solar_percent": 0.1992442545856718 }, "geometry": { "type": "MultiPolygon", "coordinates": [ [ [ [ 1632207.234108472708613, 113539.168739907734562 ], [ 1634864.170016746968031, 114812.418850593152456 ], [ 1636204.48177945590578, 115345.200150290867896 ], [ 1637921.133229088969529, 115814.788831622441649 ], [ 1640532.940488828578964, 117237.625551164368517 ], [ 1641759.292399437632412, 115755.53562788873387 ], [ 1643903.557252452243119, 116676.500704205333022 ], [ 1644581.166281703859568, 116445.87841616049991 ], [ 1645941.11391949490644, 116446.002299685278558 ], [ 1645748.772193760843948, 115539.645449117786484 ], [ 1645328.851075985934585, 115865.813722467893967 ], [ 1644266.382581303594634, 115835.575510140421102 ], [ 1644100.495623803697526, 115423.262118566635763 ], [ 1643440.191063335398212, 116079.270522114951746 ], [ 1642668.106052877381444, 115357.068637428194052 ], [ 1641521.998926895670593, 114770.728756528988015 ], [ 1641014.042368320282549, 114782.34498677708325 ], [ 1640711.781319167930633, 115366.466599843988661 ], [ 1640025.667668814072385, 114528.42346515294048 ], [ 1639595.233581873355433, 114842.286082042031921 ], [ 1639343.615671029547229, 113849.860964415187482 ], [ 1638383.420714381383732, 113193.476183816601406 ], [ 1637055.32829451165162, 112839.363993044607923 ], [ 1636593.223831386538222, 112408.930906835768837 ], [ 1635437.488645017379895, 112067.197939737830893 ], [ 1635246.369214709382504, 111747.546555642737076 ], [ 1634883.246194348903373, 111892.524178338440834 ], [ 1634309.325175864156336, 112119.261775944294641 ], [ 1632788.539672270417213, 112814.73960862660897 ], [ 1632207.234108472708613, 113539.168739907734562 ] ] ] ] } },
{ "type": "Feature", "properties": { "GEOID": "15003000401", "NAME": "Census Tract 4.01; Honolulu County; Hawaii", "variable": "median_income", "median_income": 175250.0, "income_moe": 67522.0, "tract_area_m2": 66458956.07168173, "solar_area_m2": 170440.78385337142, "solar_polygon_count": 560, "solar_fraction": 0.0025646021834820321, "solar_percent": 0.25646021834820321, "residential_solar_m2": 170440.78385337142, "residential_polygon_count": 560, "residential_solar_percent": 0.25646021834820321 }, "geometry": { "type": "MultiPolygon", "coordinates": [ [ [ [ 1714038.578897373052314, 42382.265188453187875 ], [ 1714409.36519326060079, 43848.146447571962199 ], [ 1714735.324743997072801, 45956.568403706012759 ], [ 1714870.537467072717845, 48124.303221582093101 ], [ 1715112.586010538041592, 48853.694220462115481 ], [ 1716259.596054733032361, 49963.233655444448232 ], [ 1717933.759288606001064, 50662.714119679047144 ], [ 1718805.819222897756845, 51874.351635625149356 ], [ 1719110.275684021180496, 53869.440494369846419 ], [ 1719778.353989548049867, 55090.605059035136946 ], [ 1720646.382267797598615, 56190.386280824714049 ], [ 1721006.695727498503402, 57191.337439624374383 ], [ 1721528.285596663830802, 57544.483629425543768 ], [ 1721876.518461645813659, 58415.013573803538748 ], [ 1722745.959317985922098, 59861.381294875922322 ], [ 1723534.919326964532956, 59624.664769932598574 ], [ 1724596.033773945644498, 58607.381740847078618 ], [ 1723242.40029134019278, 57081.770622945296054 ], [ 1723140.962352504953742, 56645.704906132916221 ], [ 1722462.166180693777278, 55373.261060287579312 ], [ 1722258.881210374645889, 54755.413040572209866 ], [ 1722158.260248254751787, 53774.828343014974962 ], [ 1721581.852334306575358, 52284.599396590361721 ], [ 1721481.543518646154553, 51085.700079729045683 ], [ 1721107.971029821317643, 50503.926382109537371 ], [ 1721313.694606590550393, 49523.443021621511434 ], [ 1720634.382644262630492, 48505.668772444005299 ], [ 1720335.355401697801426, 47910.935433640959673 ], [ 1718004.653546973830089, 43531.736641853764013 ], [ 1716957.083564777858555, 41136.380927390280704 ], [ 1715884.333517395658419, 40360.404039535249467 ], [ 1715024.484762392006814, 40469.996582003739604 ], [ 1714434.023376676952466, 40528.754142207144469 ], [ 1714292.43539363052696, 40741.063565198484866 ], [ 1714197.585891058435664, 41381.715248601532949 ], [ 1714038.578897373052314, 42382.265188453187875 ] ] ] ] } },
{ "type": "Feature", "properties": { "GEOID": "15003001300", "NAME": "Census Tract 13; Honolulu County; Hawaii", "variable": "median_income", "median_income": 116875.0, "income_moe": 27718.0, "tract_area_m2": 9987284.4784751479, "solar_area_m2": 172515.46199056957, "solar_polygon_count": 406, "solar_fraction": 0.017273510368346803, "solar_percent": 1.7273510368346803, "residential_solar_m2": 164601.05240911173, "residential_polygon_count": 405, "residential_solar_percent": 1.6481061770480672 }, "geometry": { "type": "MultiPolygon", "coordinates": [ [ [ [ 1704106.092379093402997, 44010.760719853307819 ], [ 1704116.596786854788661, 44052.547470864148636 ], [ 1704038.129763693315908, 44478.189110800354683 ], [ 1704658.428618086269125, 44474.568196608692233 ], [ 1704960.250658738659695, 44319.820123345096363 ], [ 1706541.662294832989573, 43465.551418049806671 ], [ 1708520.386488260002807, 42385.160034661159443 ], [ 1709097.527846567565575, 42071.315807049933937 ], [ 1708863.152137768920511, 41109.844660406801268 ], [ 1708848.573978751897812, 41061.149966531789687 ], [ 1708775.414838002761826, 40760.645246577631042 ], [ 1708659.389620498754084, 40701.287311218649847 ], [ 1707984.883521831128746, 40456.328137204080122 ], [ 1707190.708063603844494, 40885.792415584386617 ], [ 1706402.335979938972741, 41313.095964478903625 ], [ 1705496.094594517024234, 41807.470262880444352 ], [ 1705266.111201217630878, 41948.498303211439634 ], [ 1703959.547645869664848, 43274.996417633650708 ], [ 1704106.092379093402997, 44010.760719853307819 ] ] ] ] } },
{ "type": "Feature", "properties": { "GEOID": "15003010305", "NAME": "Census Tract 103.05; Honolulu County; Hawaii", "variable": "median_income", "median_income": 128352.0, "income_moe": 25699.0, "tract_area_m2": 43653771.37252444, "solar_area_m2": 165327.04903221302, "solar_polygon_count": 460, "solar_fraction": 0.0037872340426529424, "solar_percent": 0.37872340426529422, "residential_solar_m2": 165327.04903221302, "residential_polygon_count": 460, "residential_solar_percent": 0.37872340426529422 }, "geometry": { "type": "MultiPolygon", "coordinates": [ [ [ [ 1692678.073529669083655, 96787.338651837038924 ], [ 1693589.76278344867751, 97625.918622424986097 ], [ 1693640.023582251975313, 99064.117666733742226 ], [ 1694033.689035112038255, 99570.897666825345368 ], [ 1693926.706655576592311, 100101.150996459793532 ], [ 1694095.247991657117382, 100244.80850778707827 ], [ 1694144.342568785883486, 100799.194154414857621 ], [ 1694848.409519988344982, 101049.832122398511274 ], [ 1695761.284014559583738, 102281.137787364001269 ], [ 1696508.092443324625492, 103578.035140390842571 ], [ 1696017.311794269364327, 104611.726068743126234 ], [ 1696129.44847575481981, 104692.487289871365647 ], [ 1695597.44739963975735, 105436.86253927454527 ], [ 1696792.262379639549181, 105949.343404080718756 ], [ 1696953.20944512472488, 107455.96077610788052 ], [ 1698198.157496940810233, 105852.406159584890702 ], [ 1699964.784536964027211, 104909.14476741287217 ], [ 1700846.724480050848797, 103870.482832944413531 ], [ 1702788.633160751778632, 104644.652379555511288 ], [ 1703488.149294354487211, 103205.142733159998897 ], [ 1704044.503283850848675, 102105.164692172504147 ], [ 1703687.998317430494353, 101869.303117120522074 ], [ 1700749.404205685481429, 101521.160064528885414 ], [ 1699677.463742649415508, 99681.855422645356157 ], [ 1698352.492116458714008, 99330.941810761636589 ], [ 1698088.06209263461642, 99177.358949865156319 ], [ 1698002.943009313195944, 98949.865572298323968 ], [ 1697331.681412281934172, 100133.738793574506417 ], [ 1697341.496862985193729, 101451.660671286968864 ], [ 1697076.234701672336087, 101768.141776611024397 ], [ 1697168.881150159751996, 100994.130752088822192 ], [ 1696690.417050358839333, 100635.447970070847077 ], [ 1695594.696867186808959, 98946.228871897284989 ], [ 1695759.688320830930024, 97922.004527574608801 ], [ 1695279.428923789411783, 96627.573938725385233 ], [ 1695165.577791730407625, 96873.747579408969614 ], [ 1695335.89216186106205, 98604.859760212755646 ], [ 1694247.659820837434381, 96489.210036280288477 ], [ 1693187.636601928155869, 95682.802401332577574 ], [ 1693015.005973810795695, 95874.796584977273596 ], [ 1692678.073529669083655, 96787.338651837038924 ] ] ] ] } },
{ "type": "Feature", "properties": { "GEOID": "15003008502", "NAME": "Census Tract 85.02; Honolulu County; Hawaii", "variable": "median_income", "median_income": 90313.0, "income_moe": 13972.0, "tract_area_m2": 212729133.53209537, "solar_area_m2": 1361140.0154305047, "solar_polygon_count": 521, "solar_fraction": 0.0063984654702932053, "solar_percent": 0.63984654702932053, "residential_solar_m2": 479780.54768267192, "residential_polygon_count": 494, "residential_solar_percent": 0.22553589144868363 }, "geometry": { "type": "MultiPolygon", "coordinates": [ [ [ [ 1599398.826683049323037, 56094.846767189985258 ], [ 1600170.456520008854568, 56556.685912603410543 ], [ 1601248.867800494423136, 56257.291878971722326 ], [ 1602010.954281832557172, 57201.93037818135781 ], [ 1601817.942449564579874, 58113.11288171945489 ], [ 1600861.10243432270363, 58913.698349726284505 ], [ 1601291.186936060432345, 59211.252151323591534 ], [ 1601943.985520389862359, 59689.55029585029115 ], [ 1601386.056681638816372, 60492.021656528369931 ], [ 1601917.829873859416693, 60234.815467349311803 ], [ 1606862.541589314118028, 58874.370800184362452 ], [ 1609522.01120873587206, 58182.951126757398015 ], [ 1610230.181740858359262, 57977.671994600095786 ], [ 1610943.127304941648617, 57780.754489259525144 ], [ 1614072.328529400518164, 56929.473028877961042 ], [ 1614674.069773674942553, 56874.329359710791323 ], [ 1615750.390187131008133, 57050.365286462452787 ], [ 1617201.26117589045316, 57588.787510622387344 ], [ 1622089.469764129491523, 59372.290946762288513 ], [ 1622142.908775760559365, 59383.896858939173399 ], [ 1623856.424764384515584, 60002.689639910269761 ], [ 1624005.513592883013189, 60058.221782998902199 ], [ 1624019.45690016518347, 60022.618540455310722 ], [ 1626148.291183256078511, 59898.50300371706544 ], [ 1626517.648079913342372, 58894.733115974238899 ], [ 1626737.130280578043312, 58714.865606466024474 ], [ 1626730.266067215008661, 58491.102497345731535 ], [ 1627619.484258165117353, 57935.829883060803695 ], [ 1628521.707718555815518, 56085.204071928710619 ], [ 1628842.876236880896613, 55426.553797526328708 ], [ 1628862.920998576330021, 55252.913954096569796 ], [ 1628812.872736953664571, 55193.351065359594941 ], [ 1625129.143257042160258, 53408.153710991136904 ], [ 1625318.940917627885938, 49799.449321384774521 ], [ 1623311.375257699051872, 48842.2388102510522 ], [ 1617275.527556082000956, 48273.466319461396779 ], [ 1613372.339399401796982, 47759.833403021148115 ], [ 1611792.318723518634215, 46914.271471541178471 ], [ 1611276.644701229408383, 46910.979573269200046 ], [ 1611137.292391623836011, 46910.090842492791126 ], [ 1610781.298909835284576, 48868.398254041647306 ], [ 1610454.854294499382377, 53165.511979127288214 ], [ 1610433.901928274193779, 53437.237940148654161 ], [ 1609978.113865182967857, 53423.690899521017855 ], [ 1608750.992067438084632, 53389.165379774109169 ], [ 1602352.585539697669446, 53230.22157666982821 ], [ 1601871.223273052833974, 53633.777868510020198 ], [ 1601384.408381558721885, 54954.19764330243197 ], [ 1600342.946007829392329, 55997.143980828324857 ], [ 1599673.422142207855359, 55983.118177330718026 ], [ 1599490.454430421814322, 55704.217622838245006 ], [ 1599398.826683049323037, 56094.846767189985258 ] ] ] ] } },
{ "type": "Feature", "properties": { "GEOID": "15003008610", "NAME": "Census Tract 86.10; Honolulu County; Hawaii", "variable": "median_income", "median_income": 131471.0, "income_moe": 25086.0, "tract_area_m2": 25603720.695625588, "solar_area_m2": 35088.518302359138, "solar_polygon_count": 89, "solar_fraction": 0.0013704460660029787, "solar_percent": 0.13704460660029788, "residential_solar_m2": 35088.518302359138, "residential_polygon_count": 89, "residential_solar_percent": 0.13704460660029788 }, "geometry": { "type": "MultiPolygon", "coordinates": [ [ [ [ 1596549.465829090913758, 66362.346799926002859 ], [ 1598272.235344003653154, 65236.685338855648297 ], [ 1599709.852171366801485, 64511.967428514653875 ], [ 1601093.872818303992972, 64436.466184553479252 ], [ 1601082.889021346578375, 63845.456810487274197 ], [ 1601197.011950720334426, 63072.364660393635859 ], [ 1601546.095380340470001, 62005.954675105138449 ], [ 1601152.443159363698214, 61698.200825981308299 ], [ 1600777.899047104176134, 61002.841997047238692 ], [ 1601091.816097013186663, 60706.194222064397763 ], [ 1601386.056681638816372, 60492.021656528369931 ], [ 1601943.985520389862359, 59689.55029585029115 ], [ 1601291.186936060432345, 59211.252151323591534 ], [ 1600861.10243432270363, 58913.698349726284505 ], [ 1600828.612716029863805, 58884.661953805276426 ], [ 1600195.332898508291692, 58318.703495019050024 ], [ 1599398.62152576749213, 57606.714866901544156 ], [ 1598815.073286493076012, 57728.55221398195863 ], [ 1598521.990503725362942, 57789.746728132326098 ], [ 1598487.942007920239121, 58205.25997611638013 ], [ 1598431.330610869219527, 58896.136211846154765 ], [ 1598379.634921214077622, 59527.038346884844941 ], [ 1598361.750537635525689, 59745.305754109976988 ], [ 1598325.638953897636384, 60186.030124553049973 ], [ 1598273.527797699440271, 60822.034985992460861 ], [ 1597687.536855326965451, 61759.248212576523656 ], [ 1597430.970714720198885, 62169.603536005088245 ], [ 1597217.691198172746226, 62510.731446062214673 ], [ 1596765.394082965329289, 63234.171206334984163 ], [ 1596224.927795671625063, 66295.999399579479359 ], [ 1596549.465829090913758, 66362.346799926002859 ] ] ] ] } },
{ "type": "Feature", "properties": { "GEOID": "15003000600", "NAME": "Census Tract 6; Honolulu County; Hawaii", "variable": "median_income", "median_income": 175250.0, "income_moe": 24886.0, "tract_area_m2": 33718914.040351942, "solar_area_m2": 138596.11152126751, "solar_polygon_count": 345, "solar_fraction": 0.0041103373422823582, "solar_percent": 0.4110337342282358, "residential_solar_m2": 138596.11152126751, "residential_polygon_count": 345, "residential_solar_percent": 0.4110337342282358 }, "geometry": { "type": "MultiPolygon", "coordinates": [ [ [ [ 1702937.393325054319575, 33998.831623373662296 ], [ 1703796.346162223722786, 35581.806219492369564 ], [ 1705096.8750939599704, 36875.811625752830878 ], [ 1705949.201467324979603, 37379.950274225491739 ], [ 1707419.392929590772837, 37696.340012302796822 ], [ 1708825.116188966669142, 36752.195755814798758 ], [ 1710752.694949416676536, 35688.530744133990083 ], [ 1711387.875318329781294, 35839.025780087846215 ], [ 1711685.563819682924077, 37056.321460256069258 ], [ 1711983.73357846820727, 37134.090606123972975 ], [ 1711916.357459638733417, 35565.831922189710895 ], [ 1711007.620906977448612, 33956.505798761390906 ], [ 1711290.63644043286331, 33144.278688662307104 ], [ 1711361.652643433772027, 32328.497772195845755 ], [ 1710654.237021695123985, 32337.747234756585385 ], [ 1709923.747687076916918, 32915.098850400318042 ], [ 1706533.618536192225292, 32170.30875649041991 ], [ 1706409.841466656653211, 32143.120152341489302 ], [ 1704828.955740165663883, 32447.630934444656305 ], [ 1704693.199366415152326, 32473.782700653155189 ], [ 1704172.37005227082409, 32496.691244793953956 ], [ 1703759.817207301501185, 33348.843257639266085 ], [ 1702937.393325054319575, 33998.831623373662296 ] ] ] ] } },
{ "type": "Feature", "properties": { "GEOID": "15003009608", "NAME": "Census Tract 96.08; Honolulu County; Hawaii", "variable": "median_income", "median_income": 83214.0, "income_moe": 11572.0, "tract_area_m2": 491579264.3961997, "solar_area_m2": 204621.5828285942, "solar_polygon_count": 356, "solar_fraction": 0.00041625348676968337, "solar_percent": 0.041625348676968335, "residential_solar_m2": 150407.11285186594, "residential_polygon_count": 354, "residential_solar_percent": 0.030596716286763845 }, "geometry": { "type": "MultiPolygon", "coordinates": [ [ [ [ 1580311.537873095832765, 86205.840792368457187 ], [ 1581294.219413811108097, 86419.793575479910942 ], [ 1581564.323362446622923, 86111.814444305447978 ], [ 1583338.723992023384199, 85166.504186308709905 ], [ 1585653.469769740710035, 84938.13372987342882 ], [ 1585870.57681896421127, 85002.934978626450174 ], [ 1586064.407122152391821, 84926.816250784060685 ], [ 1586701.985424833372235, 84312.990076403861167 ], [ 1586991.522038225317374, 84345.029791081949952 ], [ 1588566.453426151303574, 85228.740077796668629 ], [ 1589100.990892017260194, 86044.10367266497633 ], [ 1590615.712841373402625, 88115.426427322934614 ], [ 1584892.056017171824351, 92721.030824972258415 ], [ 1583664.171876288251951, 93700.219178988030762 ], [ 1581376.760997225530446, 95534.260942416774924 ], [ 1581236.758186961058527, 95649.206457342734211 ], [ 1582642.993627056013793, 96751.250518045344506 ], [ 1583929.027138038771227, 96809.084286670578877 ], [ 1584757.11064257635735, 97370.904282732968568 ], [ 1584730.290696966229007, 97743.274482362452545 ], [ 1583830.378737165592611, 98076.605508905064198 ], [ 1583837.700583747122437, 98245.877272378114867 ], [ 1584833.136774187441915, 99176.230965161536005 ], [ 1586908.166645306162536, 99602.392315580524155 ], [ 1587013.716069443151355, 99042.864882577807293 ], [ 1588143.440682395827025, 99302.203112147573847 ], [ 1589424.468696796568111, 99887.628385979769519 ], [ 1590892.27617513621226, 100212.815819250230561 ], [ 1590316.78455204074271, 102685.343793949010433 ], [ 1589782.103391523472965, 105461.891310361694195 ], [ 1588473.315754586597905, 105212.864467005289043 ], [ 1588568.201145824743435, 105920.405306016327813 ], [ 1588770.808396374573931, 106203.189153419749346 ], [ 1589562.091660878388211, 106536.628265670864494 ], [ 1589936.864068605937064, 106932.953277829365106 ], [ 1590057.888122009113431, 107257.231256006154581 ], [ 1590051.847449940862134, 107701.505900771720917 ], [ 1590308.6016830150038, 107723.785880993629689 ], [ 1590703.699453761568293, 107688.179161329462659 ], [ 1590467.98069363203831, 108340.454402029456105 ], [ 1590173.024856290547177, 109271.771793300154968 ], [ 1590141.845359264872968, 109381.506297363943304 ], [ 1590238.487673057476059, 109458.789882183657028 ], [ 1590461.224319783737883, 109474.927176354540279 ], [ 1592023.011043068487197, 110615.216330627197749 ], [ 1592842.381768995430321, 110894.55252895996091 ], [ 1593403.676017751451582, 111568.63108747806109 ], [ 1594267.820556934224442, 112140.375498910187162 ], [ 1595519.223177538253367, 113924.737719142605783 ], [ 1596775.734724925132468, 113750.052876475150697 ], [ 1597709.446394900325686, 113398.384070455897017 ], [ 1598919.28876197617501, 113957.939855425953283 ], [ 1599909.169834160944447, 113236.102059305238072 ], [ 1600084.905995610170066, 112275.504380585669423 ], [ 1600489.294193870620802, 111970.422848969697952 ], [ 1601718.991932175587863, 111776.259218590159435 ], [ 1602462.04517253045924, 111460.776294334660633 ], [ 1603661.720349171664566, 111585.985966470005224 ], [ 1603919.031880030874163, 111465.569317378380219 ], [ 1604269.828156257979572, 110812.185819085498224 ], [ 1604657.96990750846453, 110566.358935235402896 ], [ 1604760.815542357740924, 109787.094426361712976 ], [ 1605398.342753372853622, 109225.795898906799266 ], [ 1605621.323111748788506, 108580.497921489964938 ], [ 1605698.284553210483864, 107189.158027003300958 ], [ 1605968.940219309879467, 106630.28701795671077 ], [ 1606666.969362627249211, 105945.45675680936256 ], [ 1608615.306091874837875, 104511.921240769457654 ], [ 1608670.442475297022611, 104018.580624358786736 ], [ 1608510.438968158792704, 102595.422086232632864 ], [ 1608054.642242932925001, 101878.984477271471405 ], [ 1607757.243832716485485, 100494.781521359007456 ], [ 1607307.272334325592965, 99346.067750160291325 ], [ 1607998.603675420861691, 98646.730870022714953 ], [ 1608608.247592706466094, 98383.000309230701532 ], [ 1609683.561108499532565, 97634.417900713538984 ], [ 1609941.011655478738248, 97020.361391846483457 ], [ 1609755.077704049879685, 96023.320589018796454 ], [ 1609721.333314237184823, 94714.879695075680502 ], [ 1609211.562540555372834, 94267.276752865378512 ], [ 1608961.549624555278569, 93659.690873346014996 ], [ 1608422.030545474262908, 92978.53746875275101 ], [ 1607125.057695117779076, 91840.876882139753434 ], [ 1606719.117018603952602, 91606.103066946670879 ], [ 1606410.098184590693563, 90277.497810289365589 ], [ 1606009.016061736969277, 89687.822459047223674 ], [ 1604260.957010729471222, 89709.320298728329362 ], [ 1603036.202953568892553, 89931.751833209535107 ], [ 1600897.634526122128591, 89928.933136579915299 ], [ 1599101.249372924678028, 89468.590999257648946 ], [ 1597640.278699121903628, 88640.057998764983495 ], [ 1597397.356310520321131, 87318.353904079282074 ], [ 1596991.653149307239801, 86634.30263527308125 ], [ 1596212.744673736859113, 85932.399173391779186 ], [ 1595559.974364587571472, 85575.133544026990421 ], [ 1595596.340707505587488, 89588.024827247019857 ], [ 1593909.996371590998024, 91340.014298631853308 ], [ 1593530.258737943368033, 90027.890241987348418 ], [ 1592063.037676661042497, 88011.657021406921558 ], [ 1591838.828506723744795, 84604.491266578639625 ], [ 1592221.883115289034322, 83095.167782449178048 ], [ 1591747.163161574397236, 82194.716875563914073 ], [ 1591624.925274199107662, 82081.128434837984969 ], [ 1589837.549442410003394, 81440.185899646501639 ], [ 1589624.062668157741427, 81256.94282622836181 ], [ 1588617.888477264204994, 80205.793630974643747 ], [ 1586767.322845791000873, 81916.836186115586315 ], [ 1585290.14026739122346, 83282.772708061893354 ], [ 1581579.659239680273458, 84283.876349671409116 ], [ 1579719.312122668372467, 86099.262782735939254 ], [ 1580311.537873095832765, 86205.840792368457187 ] ] ] ] } },
{ "type": "Feature", "properties": { "GEOID": "15003008630", "NAME": "Census Tract 86.30; Honolulu County; Hawaii", "variable": "median_income", "median_income": 123571.0, "income_moe": 32775.0, "tract_area_m2": 7788113.0618112776, "solar_area_m2": 75861.299451314233, "solar_polygon_count": 271, "solar_fraction": 0.0097406520487353081, "solar_percent": 0.97406520487353077, "residential_solar_m2": 75861.299451314233, "residential_polygon_count": 271, "residential_solar_percent": 0.97406520487353077 }, "geometry": { "type": "MultiPolygon", "coordinates": [ [ [ [ 1609353.019620600156486, 68449.741140121535864 ], [ 1610389.21258318098262, 70876.065353810015949 ], [ 1610528.945341564249247, 71267.940871442144271 ], [ 1610299.929168254835531, 73062.556865967635531 ], [ 1609798.183421962894499, 73908.140139278839342 ], [ 1610473.22282881801948, 74455.912643592397217 ], [ 1611623.005434853723273, 73304.12074014476093 ], [ 1611738.796968777431175, 72860.15890133503126 ], [ 1611407.981477099470794, 72716.850847579771653 ], [ 1611175.408659882145002, 72403.850223931542132 ], [ 1611552.613044448662549, 71489.328721488025622 ], [ 1611484.100750383455306, 70642.978214775517699 ], [ 1610979.208242160733789, 69554.574265584829845 ], [ 1610921.123435572721064, 69125.963863838580437 ], [ 1610718.244933394482359, 67779.485478388902266 ], [ 1610452.58323527732864, 67369.154139671853045 ], [ 1609969.846975717693567, 67632.423813669127412 ], [ 1609382.440272647188976, 68130.785163790045772 ], [ 1609353.019620600156486, 68449.741140121535864 ] ] ] ] } },
{ "type": "Feature", "properties": { "GEOID": "15003009201", "NAME": "Census Tract 92.01; Honolulu County; Hawaii", "variable": "median_income", "median_income": 77344.0, "income_moe": 26888.0, "tract_area_m2": 14840405.928326551, "solar_area_m2": 56029.339301352498, "solar_polygon_count": 191, "solar_fraction": 0.0037754586749144626, "solar_percent": 0.37754586749144625, "residential_solar_m2": 56029.339301352498, "residential_polygon_count": 191, "residential_solar_percent": 0.37754586749144625 }, "geometry": { "type": "MultiPolygon", "coordinates": [ [ [ [ 1636480.701385061955079, 121889.338835962233134 ], [ 1637146.662284270627424, 121803.927088851094595 ], [ 1638798.173110942589119, 122490.416558999873814 ], [ 1639832.302065532188863, 123071.977918642776785 ], [ 1640380.972732562571764, 123380.747639390130644 ], [ 1640985.046973823569715, 123723.307017249811906 ], [ 1640969.404335306491703, 124240.592441622851766 ], [ 1640424.48511975328438, 125139.300835005851695 ], [ 1641066.612666746368632, 125357.262313166691456 ], [ 1641272.955626194598153, 125015.435229771479499 ], [ 1641876.998055715346709, 125629.725312294685864 ], [ 1642901.205516649410129, 125545.84970009677636 ], [ 1643045.353009663289413, 125187.679792984708911 ], [ 1644155.56477797916159, 125228.068478293542285 ], [ 1644705.546683688415214, 125550.323903634678572 ], [ 1644941.829482269706205, 125170.370906166703207 ], [ 1645101.559003356844187, 125602.303903314241325 ], [ 1645575.800814651884139, 125172.245013128835126 ], [ 1645129.224043713416904, 124127.46072945058404 ], [ 1644895.020818004384637, 123962.519354020289029 ], [ 1642778.602749290876091, 123038.24381603646907 ], [ 1640285.105520960176364, 122002.167750529231853 ], [ 1637007.206242499873042, 120627.693411154410569 ], [ 1636480.701385061955079, 121889.338835962233134 ] ] ] ] } },
{ "type": "Feature", "properties": { "GEOID": "15003002203", "NAME": "Census Tract 22.03; Honolulu County; Hawaii", "variable": "median_income", "median_income": 84297.0, "income_moe": 17591.0, "tract_area_m2": 2271802.3614333603, "solar_area_m2": 7234.989603431889, "solar_polygon_count": 4, "solar_fraction": 0.0031846914706379118, "solar_percent": 0.3184691470637912, "residential_solar_m2": 7234.989603431889, "residential_polygon_count": 4, "residential_solar_percent": 0.3184691470637912 }, "geometry": { "type": "MultiPolygon", "coordinates": [ [ [ [ 1697508.869993303203955, 44638.677417641905777 ], [ 1697905.615799908526242, 44520.316293087234953 ], [ 1698294.227873220108449, 44369.256423532970075 ], [ 1698680.795130044687539, 44222.192936068400741 ], [ 1699354.466526896459982, 43981.000229921730352 ], [ 1699641.871559324907139, 43921.742531445372151 ], [ 1699182.52847479400225, 43368.364920397973037 ], [ 1698980.214088161941618, 43133.844968072058691 ], [ 1700222.384889868786559, 42351.310154407809023 ], [ 1699682.813739851349965, 42298.403782350294932 ], [ 1699484.684697404503822, 42281.112699257166241 ], [ 1699274.800056904554367, 42428.000407187180826 ], [ 1698742.125181078677997, 42922.171990996052045 ], [ 1698396.89700710400939, 43242.551956648792839 ], [ 1697867.285249724751338, 43752.718708864456858 ], [ 1697358.493200117023662, 44222.954762102795939 ], [ 1697508.869993303203955, 44638.677417641905777 ] ] ] ] } },
{ "type": "Feature", "properties": { "GEOID": "15003009512", "NAME": "Census Tract 95.12; Honolulu County; Hawaii", "variable": "median_income", "median_income": 85278.0, "income_moe": 17655.0, "tract_area_m2": 28618084.164244354, "solar_area_m2": 100817.60873275275, "solar_polygon_count": 122, "solar_fraction": 0.0035228636604093511, "solar_percent": 0.35228636604093511, "residential_solar_m2": 81698.505708605357, "residential_polygon_count": 120, "residential_solar_percent": 0.28547859891571664 }, "geometry": { "type": "MultiPolygon", "coordinates": [ [ [ [ 1617466.122232964029536, 117876.106849621864967 ], [ 1617489.432155600283295, 118320.002835411869455 ], [ 1619808.33673895499669, 118149.773389338166453 ], [ 1619770.075171414995566, 118550.829352220403962 ], [ 1619286.828041771659628, 119042.512629682270926 ], [ 1619491.906303429044783, 119235.686888487514807 ], [ 1620955.77211076230742, 120049.927537418552674 ], [ 1622660.915060499217361, 120718.459332183847437 ], [ 1622833.361759973224252, 120981.767042772102286 ], [ 1623335.909427051432431, 119144.950364976437413 ], [ 1623891.954510284587741, 118676.89331644817139 ], [ 1625573.323242220329121, 118187.810180914690136 ], [ 1625832.900588531279936, 117589.083023052473436 ], [ 1625987.112566013354808, 117077.568537954153726 ], [ 1626983.23853326914832, 116982.13302414987993 ], [ 1626896.153518428793177, 116788.536666817817604 ], [ 1625872.529496190603822, 115802.188447361884755 ], [ 1624588.557797570712864, 115247.128286988008767 ], [ 1624472.590653154533356, 115150.535384023649385 ], [ 1623721.494694471592084, 113919.673096172569785 ], [ 1623456.071159692015499, 113226.291336761147249 ], [ 1622922.324661236954853, 114459.372966049675597 ], [ 1622338.275138472672552, 114665.537450776027981 ], [ 1621037.133754493435845, 114755.357875338624581 ], [ 1621238.59296428412199, 115255.859145654976601 ], [ 1621188.902324982453138, 116994.447053031050018 ], [ 1620357.992822648724541, 117021.998615081654862 ], [ 1617772.942416480276734, 117453.501775324635673 ], [ 1617399.965233777882531, 117411.160281575095723 ], [ 1617466.122232964029536, 117876.106849621864967 ] ] ] ] } },
{ "type": "Feature", "properties": { "GEOID": "15003009609", "NAME": "Census Tract 96.09; Honolulu County; Hawaii", "variable": "median_income", "median_income": 104055.0, "income_moe": 11658.0, "tract_area_m2": 54347958.685415156, "solar_area_m2": 876120.56862979592, "solar_polygon_count": 541, "solar_fraction": 0.016120579131611655, "solar_percent": 1.6120579131611654, "residential_solar_m2": 204227.27427279801, "residential_polygon_count": 521, "residential_solar_percent": 0.37577726783619664 }, "geometry": { "type": "MultiPolygon", "coordinates": [ [ [ [ 1581294.219413811108097, 86419.793575479910942 ], [ 1582420.487302586436272, 86669.570957080097287 ], [ 1582240.095573855098337, 87517.251735708225169 ], [ 1582016.185401715105399, 88069.650841159906122 ], [ 1581975.888941711047664, 88237.520916919544106 ], [ 1581502.698149999603629, 90380.547678556424216 ], [ 1581400.438573686406016, 90803.132062621880323 ], [ 1582342.694738227408379, 91147.195534931190195 ], [ 1582074.636094626504928, 92373.127581402732176 ], [ 1581707.444802112178877, 94066.323440577034489 ], [ 1581376.760997225530446, 95534.260942416774924 ], [ 1583664.171876288251951, 93700.219178988030762 ], [ 1584892.056017171824351, 92721.030824972258415 ], [ 1590615.712841373402625, 88115.426427322934614 ], [ 1589100.990892017260194, 86044.10367266497633 ], [ 1588566.453426151303574, 85228.740077796668629 ], [ 1586991.522038225317374, 84345.029791081949952 ], [ 1586701.985424833372235, 84312.990076403861167 ], [ 1586064.407122152391821, 84926.816250784060685 ], [ 1585870.57681896421127, 85002.934978626450174 ], [ 1585653.469769740710035, 84938.13372987342882 ], [ 1583338.723992023384199, 85166.504186308709905 ], [ 1581564.323362446622923, 86111.814444305447978 ], [ 1581294.219413811108097, 86419.793575479910942 ] ] ] ] } },
{ "type": "Feature", "properties": { "GEOID": "15003008952", "NAME": "Census Tract 89.52; Honolulu County; Hawaii", "variable": "median_income", "median_income": 122150.0, "income_moe": 22590.0, "tract_area_m2": 43310807.662252322, "solar_area_m2": 114763.98534751133, "solar_polygon_count": 440, "solar_fraction": 0.0026497770774091167, "solar_percent": 0.26497770774091167, "residential_solar_m2": 114763.98534751133, "residential_polygon_count": 440, "residential_solar_percent": 0.26497770774091167 }, "geometry": { "type": "MultiPolygon", "coordinates": [ [ [ [ 1633644.716627117013559, 83607.123436420559301 ], [ 1634071.021851180121303, 83936.18246102752164 ], [ 1635204.209330330835655, 83937.512913785350975 ], [ 1634540.605233671842143, 84983.400550422957167 ], [ 1635064.586257652146742, 85901.661105627907091 ], [ 1634282.251688111340627, 86629.713992446340853 ], [ 1634982.38970800419338, 87154.18261957532377 ], [ 1635886.906460048165172, 87089.438316499101347 ], [ 1635462.44998440425843, 87962.38500402601494 ], [ 1636052.369389358675107, 88780.754043651832035 ], [ 1635931.989480265649036, 89232.657200441710302 ], [ 1636230.005316067719832, 89680.893660621644813 ], [ 1636331.817368816118687, 91051.459505377380992 ], [ 1635979.467579175950959, 91587.657121835218277 ], [ 1636295.508863555034623, 92183.739021110653994 ], [ 1636519.384694063803181, 93039.922747957651154 ], [ 1637089.469918496673927, 93308.332315127248876 ], [ 1636435.122243729420006, 94264.110908519127406 ], [ 1636592.961328452918679, 94535.45370359030494 ], [ 1637591.541117620887235, 93922.210617771168472 ], [ 1637943.175535829272121, 92612.28233736740367 ], [ 1638459.137171941576526, 91813.455344937217887 ], [ 1639239.400066718459129, 90554.741952839191072 ], [ 1639786.694443865213543, 89669.108937246885034 ], [ 1640462.588954912265763, 88563.347318144675228 ], [ 1640668.390260379062966, 88230.240212834411068 ], [ 1641062.991442260332406, 87611.251823020735173 ], [ 1641547.070359497796744, 86869.487113848415902 ], [ 1642343.125546827213839, 85644.604433821645216 ], [ 1642725.518212874652818, 85032.16704614199989 ], [ 1643199.111200693296269, 84029.961775236602989 ], [ 1643258.312000609701499, 83896.649360648574657 ], [ 1642672.154779483564198, 83943.118368130119052 ], [ 1642552.745584525400773, 83968.178233018654282 ], [ 1640178.532996883383021, 84457.444051401893375 ], [ 1639005.550065987743437, 84292.906454659081646 ], [ 1638033.943998845061287, 83899.169725139116053 ], [ 1637159.951020666398108, 83355.419318834901787 ], [ 1635321.369995327666402, 81773.213704729583696 ], [ 1634643.305690043373033, 81499.749899493908742 ], [ 1634364.322712126653641, 81403.517583164415555 ], [ 1633879.161840087734163, 81233.933578603871865 ], [ 1633644.716627117013559, 83607.123436420559301 ] ], [ [ 1637056.057940104277804, 86653.80569024682336 ], [ 1637392.791191966272891, 85912.013024900283199 ], [ 1637245.786249718395993, 85129.927585532030207 ], [ 1638915.07213134248741, 84760.784762937793857 ], [ 1639118.846401281189173, 84802.554055758926552 ], [ 1640032.938329150667414, 85443.326271063109743 ], [ 1640942.241956776939332, 86474.253145616094116 ], [ 1640108.466121647274122, 86618.828085357934469 ], [ 1638784.181859461823478, 87460.520795834658202 ], [ 1638211.702859296929091, 88193.596082321644644 ], [ 1637879.698092554230243, 88160.554340126807801 ], [ 1636901.991650901501998, 87168.915352416530368 ], [ 1637056.057940104277804, 86653.80569024682336 ] ] ] ] } },
{ "type": "Feature", "properties": { "GEOID": "15003001502", "NAME": "Census Tract 15.02; Honolulu County; Hawaii", "variable": "median_income", "median_income": 114531.0, "income_moe": 16864.0, "tract_area_m2": 3621107.0573012116, "solar_area_m2": 49321.2167958422, "solar_polygon_count": 192, "solar_fraction": 0.013620480150233667, "solar_percent": 1.3620480150233667, "residential_solar_m2": 49321.2167958422, "residential_polygon_count": 192, "residential_solar_percent": 1.3620480150233667 }, "geometry": { "type": "MultiPolygon", "coordinates": [ [ [ [ 1703758.776535894954577, 40881.638643636892084 ], [ 1705157.668052577646449, 41246.559788082289742 ], [ 1705140.861303748330101, 40501.141406961331086 ], [ 1705141.128537566866726, 40279.193292251875391 ], [ 1705191.105057967361063, 40057.305065980574 ], [ 1706172.613300272729248, 39010.507829961490643 ], [ 1706407.167600761866197, 38763.782276346370054 ], [ 1705746.290817764122039, 38762.611984382885566 ], [ 1704492.023731330409646, 38415.284714409783192 ], [ 1704118.63375723734498, 39748.710412072323379 ], [ 1704055.709154206095263, 39982.571637368324446 ], [ 1703771.110819105291739, 40527.116934091805888 ], [ 1703758.776535894954577, 40881.638643636892084 ] ] ] ] } },
{ "type": "Feature", "properties": { "GEOID": "15003004101", "NAME": "Census Tract 41.01; Honolulu County; Hawaii", "variable": "median_income", "median_income": 56071.0, "income_moe": 15937.0, "tract_area_m2": 1712697.8190957133, "solar_area_m2": 15702.272847859036, "solar_polygon_count": 25, "solar_fraction": 0.009168151364932358, "solar_percent": 0.91681513649323576, "residential_solar_m2": 15702.272847859036, "residential_polygon_count": 25, "residential_solar_percent": 0.91681513649323576 }, "geometry": { "type": "MultiPolygon", "coordinates": [ [ [ [ 1690384.318074299488217, 53106.308222919207765 ], [ 1690514.615682090399787, 53183.803052904266224 ], [ 1690809.09468582784757, 52777.959594913612818 ], [ 1691077.352898553945124, 52387.712982514887699 ], [ 1691455.008604134432971, 51865.346836140910455 ], [ 1691674.701019827509299, 51724.250014992911019 ], [ 1692006.726214285474271, 51583.9884616765994 ], [ 1692301.95393592887558, 51480.745380354448571 ], [ 1692091.424619957106188, 50940.745407639551559 ], [ 1691964.771338688675314, 50609.698414030390268 ], [ 1691941.340080902446061, 50550.465373461098352 ], [ 1691921.649423748487607, 50495.231737091649848 ], [ 1691382.523388726636767, 50768.974565742129926 ], [ 1691112.635276253800839, 51072.036805684372666 ], [ 1691023.635663102380931, 51235.417521886796749 ], [ 1690564.815496131079271, 52645.869167446922802 ], [ 1690342.811635795747861, 53083.384517059450445 ], [ 1690384.318074299488217, 53106.308222919207765 ] ] ] ] } },
{ "type": "Feature", "properties": { "GEOID": "15003006819", "NAME": "Census Tract 68.19; Honolulu County; Hawaii", "variable": "median_income", "median_income": 88065.0, "income_moe": 17892.0, "tract_area_m2": 941096.81990635965, "solar_area_m2": 23478.656758515484, "solar_polygon_count": 10, "solar_fraction": 0.02494818414204358, "solar_percent": 2.4948184142043579, "residential_solar_m2": 23478.656758515484, "residential_polygon_count": 10, "residential_solar_percent": 2.4948184142043579 }, "geometry": { "type": "MultiPolygon", "coordinates": [ [ [ [ 1671064.222885325318202, 65322.957052635261789 ], [ 1671209.126094010192901, 65445.094107859753422 ], [ 1671482.21435549389571, 65173.173186140636972 ], [ 1672523.910438533173874, 65182.505569775654294 ], [ 1672880.27160105924122, 65096.265462240487977 ], [ 1673237.314773972379044, 65009.664884583573439 ], [ 1673832.105177090503275, 65138.988435255560034 ], [ 1673923.13314609718509, 64876.774569219327532 ], [ 1673239.512464669067413, 64755.387159026853624 ], [ 1672958.03764680842869, 64809.340551680623321 ], [ 1672459.397663457784802, 64936.906010535392852 ], [ 1672297.727881748229265, 64970.229083996557165 ], [ 1671495.721377530833706, 64768.514088340467424 ], [ 1670873.24761216621846, 64829.183538401179248 ], [ 1671064.222885325318202, 65322.957052635261789 ] ] ] ] } },
{ "type": "Feature", "properties": { "GEOID": "15003009705", "NAME": "Census Tract 97.05; Honolulu County; Hawaii", "variable": "median_income", "median_income": 69960.0, "income_moe": 6334.0, "tract_area_m2": 14103710.46463288, "solar_area_m2": 171767.74813291873, "solar_polygon_count": 397, "solar_fraction": 0.012178904874972548, "solar_percent": 1.2178904874972549, "residential_solar_m2": 151218.68191956024, "residential_polygon_count": 395, "residential_solar_percent": 1.0721907706398486 }, "geometry": { "type": "MultiPolygon", "coordinates": [ [ [ [ 1576232.990881173172966, 99689.735034019686282 ], [ 1576785.716952867107466, 100318.241186967818066 ], [ 1577229.705565759679303, 100460.474759912423906 ], [ 1577369.674000738188624, 100046.917515845198068 ], [ 1578282.6506382599473, 99605.209507305844454 ], [ 1578255.465123176807538, 100207.528482669891673 ], [ 1579205.516963611589745, 99766.156337124935817 ], [ 1579120.822983159217983, 99461.477476198459044 ], [ 1579731.827280995901674, 99329.277877921340405 ], [ 1579897.510616384446621, 98479.421789910862572 ], [ 1579646.891460837097839, 97915.199199425755069 ], [ 1579690.602219602558762, 97772.02456672709377 ], [ 1580346.960701141273603, 98029.559644124441547 ], [ 1580842.104692748282105, 98897.197912363873911 ], [ 1580931.862780410330743, 99176.445448459431645 ], [ 1581096.105326668825001, 99153.740250548609765 ], [ 1581627.295835555065423, 99421.965008037659572 ], [ 1580129.709706051973626, 96593.471212853561155 ], [ 1581007.098953866632655, 95885.217945580297965 ], [ 1581159.619719926035032, 95711.409673466565437 ], [ 1580436.384942044038326, 95286.83984140267421 ], [ 1579308.594908368773758, 95191.593751538253855 ], [ 1578294.448304225923494, 95719.392225238247192 ], [ 1576382.080306496005505, 99512.64742825779831 ], [ 1575684.298843987751752, 99425.476883112962241 ], [ 1576232.990881173172966, 99689.735034019686282 ] ] ] ] } },
{ "type": "Feature", "properties": { "GEOID": "15003003103", "NAME": "Census Tract 31.03; Honolulu County; Hawaii", "variable": "median_income", "median_income": 137313.0, "income_moe": 20534.0, "tract_area_m2": 48499337.601099961, "solar_area_m2": 60042.241790596861, "solar_polygon_count": 202, "solar_fraction": 0.0012380012750779323, "solar_percent": 0.12380012750779323, "residential_solar_m2": 60042.241790596861, "residential_polygon_count": 202, "residential_solar_percent": 0.12380012750779323 }, "geometry": { "type": "MultiPolygon", "coordinates": [ [ [ [ 1705500.12727887625806, 52525.683782786909433 ], [ 1706693.555368838366121, 53904.248011482755828 ], [ 1706926.387851581210271, 54996.484206189859833 ], [ 1706676.237545846262947, 55248.274481798354827 ], [ 1706955.309125141706318, 56102.998796980558836 ], [ 1708337.913414978655055, 57978.772494413227832 ], [ 1708625.258484404534101, 58718.727982056312612 ], [ 1709139.699400321347639, 60185.853075183782494 ], [ 1708969.574416806222871, 60413.760642427092534 ], [ 1708846.31058636191301, 61525.89631893128535 ], [ 1709374.279703929554671, 61710.381161832847283 ], [ 1710355.648977534612641, 62619.796149137262546 ], [ 1711528.247512517962605, 64299.226039638058865 ], [ 1712442.060375883243978, 65275.430649021145655 ], [ 1712545.719974991632625, 64113.145261816272978 ], [ 1712852.942785900784656, 63423.733419769218017 ], [ 1715033.51322760921903, 61646.763042386926827 ], [ 1715578.258198958821595, 61502.22118803927151 ], [ 1714966.456103559816256, 60920.154653551086085 ], [ 1713675.784408225910738, 58993.111436813051114 ], [ 1712928.722297242144123, 57721.059456760682224 ], [ 1712589.14331024652347, 56885.110486246150685 ], [ 1712555.741660681786016, 56412.831688006132026 ], [ 1711877.515441694995388, 54522.989284039591439 ], [ 1711435.930810002610087, 53832.215658158100268 ], [ 1711129.773447360610589, 53686.508733974296774 ], [ 1710449.801926044048741, 53068.444466618340812 ], [ 1710043.451819268288091, 51433.263117115697241 ], [ 1708920.725464458810166, 50959.585687375285488 ], [ 1708038.701050098286942, 51795.408799957054725 ], [ 1708896.609866197453812, 51985.026469306452782 ], [ 1709454.025302892550826, 52638.148561441761558 ], [ 1709543.557410266250372, 53688.800739255682856 ], [ 1710116.177097492618486, 54409.152346489427146 ], [ 1710420.441916116280481, 54438.972269526377204 ], [ 1710330.208510699449107, 55246.736945786578872 ], [ 1710027.15847378061153, 55858.06679959930625 ], [ 1708800.791705822572112, 56387.933527703840809 ], [ 1707875.397431072546169, 54703.068348845481523 ], [ 1707252.656877746572718, 54301.98055594649486 ], [ 1706604.550430867122486, 53209.229310195696598 ], [ 1705596.963760681217536, 52390.670134462263377 ], [ 1705500.12727887625806, 52525.683782786909433 ] ] ] ] } },
{ "type": "Feature", "properties": { "GEOID": "15003003412", "NAME": "Census Tract 34.12; Honolulu County; Hawaii", "variable": "median_income", "median_income": 99131.0, "income_moe": 15723.0, "tract_area_m2": 1561663.2022623643, "solar_area_m2": 17691.779343478651, "solar_polygon_count": 31, "solar_fraction": 0.011328805928095613, "solar_percent": 1.1328805928095613, "residential_solar_m2": 17691.779343478651, "residential_polygon_count": 31, "residential_solar_percent": 1.1328805928095613 }, "geometry": { "type": "MultiPolygon", "coordinates": [ [ [ [ 1693046.75605664937757, 51130.929474745797052 ], [ 1693200.648510622559115, 51792.931277390554897 ], [ 1694169.085158000933006, 52134.262554448090668 ], [ 1695107.307506347540766, 52050.208759796274535 ], [ 1695082.249027619836852, 51921.590888782004185 ], [ 1694461.179262629011646, 51087.654648483854544 ], [ 1694221.060293773654848, 51221.091271753371984 ], [ 1693199.419886284507811, 50965.435110234509921 ], [ 1693099.368645943002775, 50937.002928174333647 ], [ 1693046.75605664937757, 51130.929474745797052 ] ] ] ] } },
{ "type": "Feature", "properties": { "GEOID": "15003008938", "NAME": "Census Tract 89.38; Honolulu County; Hawaii", "variable": "median_income", "median_income": 86691.0, "income_moe": 28624.0, "tract_area_m2": 3307351.6897154222, "solar_area_m2": 61062.575711183832, "solar_polygon_count": 77, "solar_fraction": 0.018462679944520173, "solar_percent": 1.8462679944520173, "residential_solar_m2": 53144.857973857565, "residential_polygon_count": 76, "residential_solar_percent": 1.606870480061658 }, "geometry": { "type": "MultiPolygon", "coordinates": [ [ [ [ 1632850.64723217417486, 78440.985374257958028 ], [ 1633280.046750818612054, 78666.508902503541321 ], [ 1633880.588584096636623, 78990.457341480680043 ], [ 1634041.184572902275249, 79069.264719030805281 ], [ 1634646.13750073662959, 79368.519787071389146 ], [ 1635117.934381712926552, 78430.178155459449044 ], [ 1635204.659730962710455, 78090.161166638979921 ], [ 1634519.399900821503252, 77786.54960951396788 ], [ 1633815.409200866473839, 77400.853126375703141 ], [ 1633331.558560461038724, 77135.737581423614756 ], [ 1633026.093096589902416, 77627.265395450653159 ], [ 1632069.070766934659332, 77994.658929708020878 ], [ 1632850.64723217417486, 78440.985374257958028 ] ] ] ] } },
{ "type": "Feature", "properties": { "GEOID": "15003008705", "NAME": "Census Tract 87.05; Honolulu County; Hawaii", "variable": "median_income", "median_income": 66250.0, "income_moe": 37421.0, "tract_area_m2": 8343037.6760664918, "solar_area_m2": 24226.472114724027, "solar_polygon_count": 27, "solar_fraction": 0.0029037951229948333, "solar_percent": 0.29037951229948333, "residential_solar_m2": 12562.622671091589, "residential_polygon_count": 25, "residential_solar_percent": 0.15057612297652373 }, "geometry": { "type": "MultiPolygon", "coordinates": [ [ [ [ 1633989.099630734650418, 75985.220503558593919 ], [ 1634354.555679557612166, 76276.146416321309516 ], [ 1635338.286344989668578, 77201.62209562920907 ], [ 1634519.399900821503252, 77786.54960951396788 ], [ 1635204.659730962710455, 78090.161166638979921 ], [ 1635117.934381712926552, 78430.178155459449044 ], [ 1634646.13750073662959, 79368.519787071389146 ], [ 1635754.641481947386637, 80011.739904509580811 ], [ 1636070.715503496350721, 80138.12675015363493 ], [ 1635896.42420078185387, 78962.278111572188209 ], [ 1636068.559350827010348, 78726.146802986651892 ], [ 1636797.991390253184363, 78493.971271075657569 ], [ 1636914.662685357267037, 78078.034348708679317 ], [ 1636774.763784412527457, 77142.657376824994572 ], [ 1636748.489749901462346, 76038.358801529670018 ], [ 1636208.11733740568161, 75225.067089267511619 ], [ 1636083.226219905773178, 74984.964497042048606 ], [ 1635915.826951775001362, 75036.9240017139673 ], [ 1634995.118615203304216, 75143.443556479323888 ], [ 1634399.991839708061889, 74885.595052628385019 ], [ 1634393.871599218342453, 74923.7376750264375 ], [ 1634803.934503346215934, 75491.826314405567246 ], [ 1634663.106535935075954, 75814.776393533829832 ], [ 1634261.916971127735451, 75471.543567132815951 ], [ 1633989.099630734650418, 75985.220503558593919 ] ] ] ] } },
{ "type": "Feature", "properties": { "GEOID": "15003009707", "NAME": "Census Tract 97.07; Honolulu County; Hawaii", "variable": "median_income", "median_income": 73401.0, "income_moe": 10191.0, "tract_area_m2": 213357620.74645931, "solar_area_m2": 625803.24280039116, "solar_polygon_count": 448, "solar_fraction": 0.0029331187731234413, "solar_percent": 0.29331187731234415, "residential_solar_m2": 274473.60314696009, "residential_polygon_count": 429, "residential_solar_percent": 0.12864485561222447 }, "geometry": { "type": "MultiPolygon", "coordinates": [ [ [ [ 1570480.523028087802231, 106226.23680001309549 ], [ 1571300.031531066633761, 106086.410035492779571 ], [ 1572663.036760227521881, 107204.960126773861703 ], [ 1572962.403926074970514, 107303.387474727089284 ], [ 1573384.987509116297588, 107497.562554474250646 ], [ 1575543.284814905142412, 108075.019419860444032 ], [ 1576678.682662026723847, 109207.753553642120096 ], [ 1578181.72803195938468, 110447.969741408523987 ], [ 1578748.859903455013409, 111006.007504661567509 ], [ 1579607.360352960415184, 112144.574598258579499 ], [ 1580133.341699397889897, 112423.688410215851036 ], [ 1581180.416633054381236, 113493.04770060996816 ], [ 1581876.310188568895683, 114327.418603628510027 ], [ 1582342.874277412425727, 115647.367842245294014 ], [ 1582386.919996508397162, 116753.092453361634398 ], [ 1583550.391916197026148, 117742.090780815517064 ], [ 1583668.40335861290805, 118096.509555638578604 ], [ 1583660.665082823717967, 119446.404144502288545 ], [ 1583504.923847909551114, 119731.005881040677195 ], [ 1583963.029201054479927, 121170.49373819954053 ], [ 1584152.976472656242549, 121407.14014129115094 ], [ 1585225.874998655868694, 122056.983359823891078 ], [ 1585952.063888332573697, 122106.001199087797431 ], [ 1589064.120460560545325, 121893.662906497804215 ], [ 1589769.953067801892757, 121987.433973653809517 ], [ 1590495.622806968400255, 122573.417601269349689 ], [ 1590195.33824044582434, 121018.570378371805418 ], [ 1590358.640282513108104, 120425.934094156691572 ], [ 1590889.108030083589256, 120196.218134052294772 ], [ 1591664.893178744707257, 119440.640420056282892 ], [ 1592561.414430627832189, 118333.327163090187241 ], [ 1593239.680407861014828, 117965.825634965949575 ], [ 1594386.624877648893744, 117015.97843824471056 ], [ 1595398.917837029555812, 116802.966538974753348 ], [ 1595289.827531055780128, 115654.060023525351426 ], [ 1595573.947446472709998, 114308.659642143393285 ], [ 1595519.223177538253367, 113924.737719142605783 ], [ 1594267.820556934224442, 112140.375498910187162 ], [ 1593403.676017751451582, 111568.63108747806109 ], [ 1592842.381768995430321, 110894.55252895996091 ], [ 1592023.011043068487197, 110615.216330627197749 ], [ 1590461.224319783737883, 109474.927176354540279 ], [ 1590238.487673057476059, 109458.789882183657028 ], [ 1589300.937362753553316, 112208.122425659646979 ], [ 1589130.187859147088602, 112143.989310511824442 ], [ 1588708.578963899519295, 112154.931928645833977 ], [ 1588675.568156450521201, 112124.813251758620027 ], [ 1588626.492427899269387, 112008.253821643040283 ], [ 1588547.175150508526713, 111912.42985326598864 ], [ 1588494.094585148151964, 111873.612562876180164 ], [ 1588409.406877204310149, 111849.719955603242852 ], [ 1588291.761591576039791, 111850.561584463619511 ], [ 1588231.565699666505679, 111837.543141411952092 ], [ 1588081.872296034824103, 111750.507216818965389 ], [ 1588144.660358186345547, 111286.922973419248592 ], [ 1588375.593622642569244, 110999.356319263461046 ], [ 1588435.309549434343353, 110868.160347792174434 ], [ 1588420.205846096156165, 110722.143748275397229 ], [ 1588201.978922303766012, 110445.914963913412066 ], [ 1588083.539759408682585, 110334.146576074039331 ], [ 1587888.916676444699988, 110205.017002521432005 ], [ 1587488.792504154145718, 109952.582993270028965 ], [ 1587231.750895561184734, 109973.545134198735468 ], [ 1586944.350477657746524, 109560.07762446058041 ], [ 1586565.179609934100881, 109189.569354655934148 ], [ 1585963.922467363765463, 108118.194975532460376 ], [ 1584955.077730393502861, 107848.242903763035429 ], [ 1583985.851954440120608, 107431.146814872699906 ], [ 1583502.503221980528906, 106979.036915606018738 ], [ 1583040.226739123929292, 106524.365865040628705 ], [ 1582964.638885505264625, 106435.084942368150223 ], [ 1582653.281205887906253, 105928.308234530923073 ], [ 1581689.904622481204569, 105312.906490807712544 ], [ 1580936.056442231638357, 104152.395172192933387 ], [ 1579192.968908653594553, 103349.381883742069476 ], [ 1579032.394051754614338, 103001.561961724873981 ], [ 1579182.28787906630896, 102044.921730067988392 ], [ 1579203.473862443119287, 101540.690431562921731 ], [ 1578953.125333943171427, 101205.324984149949159 ], [ 1577962.893949026474729, 100709.897749182942789 ], [ 1577229.705565759679303, 100460.474759912423906 ], [ 1576785.716952867107466, 100318.241186967818066 ], [ 1576232.990881173172966, 99689.735034019686282 ], [ 1575684.298843987751752, 99425.476883112962241 ], [ 1575296.324452702887356, 99377.013145320757758 ], [ 1575847.371563236927614, 100572.926178880705265 ], [ 1575851.797042435733601, 101699.395104147217353 ], [ 1575001.924793854821473, 102250.046597318578279 ], [ 1573710.346315050963312, 102432.20287103591545 ], [ 1573185.541616996517405, 102506.227405697922222 ], [ 1572769.783363763010129, 103513.606423324163188 ], [ 1572621.390733556356281, 103873.170838577614632 ], [ 1572311.188464034581557, 103989.097786786369397 ], [ 1571448.038170220563188, 104311.681397854088573 ], [ 1571376.485260816756636, 104679.242844153282931 ], [ 1571148.062762414105237, 105852.666419835644774 ], [ 1570480.523028087802231, 106226.23680001309549 ] ] ] ] } },
{ "type": "Feature", "properties": { "GEOID": "15003010309", "NAME": "Census Tract 103.09; Honolulu County; Hawaii", "variable": "median_income", "median_income": 171083.0, "income_moe": 24296.0, "tract_area_m2": 96963508.892285049, "solar_area_m2": 178115.56203360783, "solar_polygon_count": 447, "solar_fraction": 0.001836933956582296, "solar_percent": 0.18369339565822959, "residential_solar_m2": 178115.56203360783, "residential_polygon_count": 447, "residential_solar_percent": 0.18369339565822959 }, "geometry": { "type": "MultiPolygon", "coordinates": [ [ [ [ 1691247.908735334873199, 94274.738580523640849 ], [ 1692418.964631813345477, 96030.414040187795763 ], [ 1692678.073529669083655, 96787.338651837038924 ], [ 1693015.005973810795695, 95874.796584977273596 ], [ 1693187.636601928155869, 95682.802401332577574 ], [ 1694247.659820837434381, 96489.210036280288477 ], [ 1695335.89216186106205, 98604.859760212755646 ], [ 1695165.577791730407625, 96873.747579408969614 ], [ 1695279.428923789411783, 96627.573938725385233 ], [ 1695759.688320830930024, 97922.004527574608801 ], [ 1695594.696867186808959, 98946.228871897284989 ], [ 1696690.417050358839333, 100635.447970070847077 ], [ 1697168.881150159751996, 100994.130752088822192 ], [ 1697076.234701672336087, 101768.141776611024397 ], [ 1697341.496862985193729, 101451.660671286968864 ], [ 1697331.681412281934172, 100133.738793574506417 ], [ 1698002.943009313195944, 98949.865572298323968 ], [ 1698386.876293889712542, 98361.072427568564308 ], [ 1698411.39497583406046, 98332.401480655011255 ], [ 1698924.094088755548, 97874.889630225865403 ], [ 1699529.868048457894474, 97529.370149472699268 ], [ 1700188.853837831877172, 97053.143234615636175 ], [ 1700464.065699754981324, 96697.093535554668051 ], [ 1703564.321026655845344, 91433.757716291351244 ], [ 1703579.660366046242416, 91406.168079949653475 ], [ 1703863.525992519455031, 90967.32301266748982 ], [ 1703829.540662297047675, 90942.217660120732035 ], [ 1703338.447345457971096, 90580.918984100339003 ], [ 1702700.013857239158824, 89384.317767154017929 ], [ 1702233.829743417911232, 88937.329337269606185 ], [ 1701095.708538092905656, 88577.486118239496136 ], [ 1700750.214857289101928, 87873.097034429985797 ], [ 1700796.206907005282119, 87812.121378514828393 ], [ 1701392.075342387426645, 87016.533092261204729 ], [ 1701402.296805998543277, 87002.377635205280967 ], [ 1699462.327243589796126, 85719.344319081224967 ], [ 1699225.680141986347735, 85609.015627448054147 ], [ 1698875.041629015468061, 85524.354534414305817 ], [ 1698661.759159700013697, 85511.407454842963489 ], [ 1698370.527169079752639, 85541.604460529735661 ], [ 1698127.562178552150726, 85608.544376319157891 ], [ 1697981.899587795138359, 85667.235207598816487 ], [ 1697012.729429958155379, 85972.427091941339313 ], [ 1695295.180829556658864, 85938.304632538973237 ], [ 1695413.362786152632907, 88776.572101350393496 ], [ 1695456.49891232769005, 88839.460465202326304 ], [ 1695611.789493238320574, 88998.728500413984875 ], [ 1695798.752674659946933, 89120.977364887745352 ], [ 1695943.889468083390966, 89229.379507037854637 ], [ 1696014.566705315141007, 89302.831523255663342 ], [ 1696032.499132392462343, 89395.118165310763288 ], [ 1695600.825318316463381, 89733.22823303010955 ], [ 1695376.116674271412194, 91252.512151702219853 ], [ 1694737.449061074061319, 91456.373594324875739 ], [ 1694515.426868244772777, 91698.805675767798675 ], [ 1694186.685513918753713, 91857.581270880400552 ], [ 1693698.945111838169396, 92170.222092684387462 ], [ 1692068.136989178601652, 93390.988255936303176 ], [ 1691247.908735334873199, 94274.738580523640849 ] ] ] ] } },
{ "type": "Feature", "properties": { "GEOID": "15003001601", "NAME": "Census Tract 16.01; Honolulu County; Hawaii", "variable": "median_income", "median_income": 99750.0, "income_moe": 12872.0, "tract_area_m2": 3359110.5658745477, "solar_area_m2": 50255.712696387032, "solar_polygon_count": 135, "solar_fraction": 0.01496101771907675, "solar_percent": 1.496101771907675, "residential_solar_m2": 50255.712696387032, "residential_polygon_count": 135, "residential_solar_percent": 1.496101771907675 }, "geometry": { "type": "MultiPolygon", "coordinates": [ [ [ [ 1702974.100103068631142, 39034.661789820987906 ], [ 1703394.733479101909325, 39788.178746401652461 ], [ 1703437.883684977190569, 39865.239208011189476 ], [ 1703771.110819105291739, 40527.116934091805888 ], [ 1704055.709154206095263, 39982.571637368324446 ], [ 1704118.63375723734498, 39748.710412072323379 ], [ 1704492.023731330409646, 38415.284714409783192 ], [ 1704582.168150141835213, 37915.191315475320152 ], [ 1704658.011827711481601, 37416.534065346124407 ], [ 1704029.679296540096402, 37234.523434056223778 ], [ 1703380.012104556197301, 37240.297480097578955 ], [ 1703272.871576906880364, 38016.082599306537304 ], [ 1702974.100103068631142, 39034.661789820987906 ] ] ] ] } },
{ "type": "Feature", "properties": { "GEOID": "15003008634", "NAME": "Census Tract 86.34; Honolulu County; Hawaii", "variable": "median_income", "median_income": 96250.0, "income_moe": 24705.0, "tract_area_m2": 7055646.344839639, "solar_area_m2": 91653.474542340715, "solar_polygon_count": 207, "solar_fraction": 0.012990089080835841, "solar_percent": 1.299008908083584, "residential_solar_m2": 82158.256874313331, "residential_polygon_count": 206, "residential_solar_percent": 1.1644327515706943 }, "geometry": { "type": "MultiPolygon", "coordinates": [ [ [ [ 1610979.208242160733789, 69554.574265584829845 ], [ 1611484.100750383455306, 70642.978214775517699 ], [ 1611552.613044448662549, 71489.328721488025622 ], [ 1611175.408659882145002, 72403.850223931542132 ], [ 1611407.981477099470794, 72716.850847579771653 ], [ 1611738.796968777431175, 72860.15890133503126 ], [ 1612637.082052989862859, 72175.672872083843686 ], [ 1613150.591412463225424, 72259.321028592486982 ], [ 1613546.005700822453946, 71624.875193004059838 ], [ 1613828.312172008911148, 70698.067153433818021 ], [ 1613170.817177812568843, 69879.981352901202627 ], [ 1613414.651504590641707, 69583.803979299031198 ], [ 1613448.315409485949203, 68859.817471548958565 ], [ 1612365.331472809892148, 68517.823403273476288 ], [ 1612213.837038823403418, 69042.081606008083327 ], [ 1612050.586281439289451, 69208.539188012044178 ], [ 1612368.766342247370631, 69877.8527846828365 ], [ 1611669.547519720857963, 69999.188053898367798 ], [ 1610921.123435572721064, 69125.963863838580437 ], [ 1610979.208242160733789, 69554.574265584829845 ] ] ] ] } },
{ "type": "Feature", "properties": { "GEOID": "15003008706", "NAME": "Census Tract 87.06; Honolulu County; Hawaii", "variable": "median_income", "median_income": 90625.0, "income_moe": 33377.0, "tract_area_m2": 32308200.296133678, "solar_area_m2": 190978.00628228669, "solar_polygon_count": 319, "solar_fraction": 0.0059111310605914815, "solar_percent": 0.59111310605914813, "residential_solar_m2": 133300.3238354424, "residential_polygon_count": 313, "residential_solar_percent": 0.4125897531079577 }, "geometry": { "type": "MultiPolygon", "coordinates": [ [ [ [ 1631264.402348070172593, 71915.692409517243505 ], [ 1631392.433436220511794, 72444.934962812185404 ], [ 1631506.985177847323939, 73777.339943251747172 ], [ 1631550.071906744502485, 75069.072807573058526 ], [ 1631331.114900175482035, 76037.551672693938599 ], [ 1631392.364020223496482, 76067.691606891545234 ], [ 1633331.558560461038724, 77135.737581423614756 ], [ 1633815.409200866473839, 77400.853126375703141 ], [ 1634519.399900821503252, 77786.54960951396788 ], [ 1635338.286344989668578, 77201.62209562920907 ], [ 1634354.555679557612166, 76276.146416321309516 ], [ 1633989.099630734650418, 75985.220503558593919 ], [ 1634261.916971127735451, 75471.543567132815951 ], [ 1634663.106535935075954, 75814.776393533829832 ], [ 1634803.934503346215934, 75491.826314405567246 ], [ 1634393.871599218342453, 74923.7376750264375 ], [ 1634399.991839708061889, 74885.595052628385019 ], [ 1634995.118615203304216, 75143.443556479323888 ], [ 1635915.826951775001362, 75036.9240017139673 ], [ 1636083.226219905773178, 74984.964497042048606 ], [ 1636084.559631607728079, 74644.2297994531109 ], [ 1635820.473632658831775, 74070.306663882671273 ], [ 1637914.563577895285562, 69950.84297627324122 ], [ 1633324.42864011740312, 69548.403521528758574 ], [ 1633083.529077014187351, 69715.170432471219101 ], [ 1633048.087006602203473, 69334.119881632170291 ], [ 1632501.461332719307393, 70794.486818681922159 ], [ 1632568.587068243417889, 71414.918303520724294 ], [ 1632063.606250350363553, 71324.180708714440698 ], [ 1631321.562849007546902, 71886.258914296340663 ], [ 1631264.402348070172593, 71915.692409517243505 ] ] ] ] } },
{ "type": "Feature", "properties": { "GEOID": "15003007508", "NAME": "Census Tract 75.08; Honolulu County; Hawaii", "variable": "median_income", "median_income": 113583.0, "income_moe": 6993.0, "tract_area_m2": 21420593.400790773, "solar_area_m2": 230391.83347353578, "solar_polygon_count": 660, "solar_fraction": 0.010755623299634198, "solar_percent": 1.0755623299634198, "residential_solar_m2": 221833.68409796435, "residential_polygon_count": 659, "residential_solar_percent": 1.0356094247593302 }, "geometry": { "type": "MultiPolygon", "coordinates": [ [ [ [ 1664634.362771260552108, 72059.516634350118693 ], [ 1664777.79917052318342, 72405.765143604847253 ], [ 1665785.583143939962611, 74748.149003387909033 ], [ 1665812.027861760696396, 74948.316045522500644 ], [ 1665868.870476053329185, 74905.115501111416961 ], [ 1666637.292093575932086, 74635.223569630965358 ], [ 1667796.878696767613292, 74632.535191321090679 ], [ 1668147.384202425833791, 74547.713638576737139 ], [ 1669532.543969568330795, 73952.345146719002514 ], [ 1669560.451077491510659, 73941.462637816352071 ], [ 1670846.26395904016681, 73384.579343004646944 ], [ 1671162.066809478681535, 73315.377837771186023 ], [ 1671694.257619195850566, 73280.450384829251561 ], [ 1672325.167586724972352, 73174.751930718281073 ], [ 1672967.943836655467749, 72584.483615661752992 ], [ 1672473.445699729258195, 72166.803162295633228 ], [ 1671663.609128376469016, 72157.606013363445527 ], [ 1670868.192641645902768, 71921.75720824484597 ], [ 1669697.600555769400671, 72029.717636769943056 ], [ 1669691.783965192036703, 72088.198761618870776 ], [ 1667970.206317002652213, 71720.758863123162882 ], [ 1667284.252295330166817, 70972.828392187497229 ], [ 1667278.536314204102382, 70835.877874205005355 ], [ 1666910.681542932288721, 70177.110842173293349 ], [ 1666708.72737449943088, 69823.926200823741965 ], [ 1666415.474045655457303, 69675.937698899186216 ], [ 1665488.206743088550866, 68927.187771699202131 ], [ 1665439.125519739929587, 69097.168661391522619 ], [ 1665064.818360430421308, 70551.836027567274868 ], [ 1664783.913039222126827, 71682.52435957067064 ], [ 1664475.964284195099026, 71687.107366713535157 ], [ 1664634.362771260552108, 72059.516634350118693 ] ] ] ] } },
{ "type": "Feature", "properties": { "GEOID": "15003002102", "NAME": "Census Tract 21.02; Honolulu County; Hawaii", "variable": "median_income", "median_income": 62287.0, "income_moe": 14293.0, "tract_area_m2": 4300713.9410520764, "solar_area_m2": 41535.361544883141, "solar_polygon_count": 41, "solar_fraction": 0.0096577828970234678, "solar_percent": 0.9657782897023468, "residential_solar_m2": 41535.361544883141, "residential_polygon_count": 41, "residential_solar_percent": 0.9657782897023468 }, "geometry": { "type": "MultiPolygon", "coordinates": [ [ [ [ 1701523.954075360903516, 42959.409294089666218 ], [ 1702653.856927975546569, 44197.588056391992723 ], [ 1702984.695551900193095, 44556.504744529753225 ], [ 1703161.163874101825058, 44747.782567116744758 ], [ 1703447.18728927266784, 44995.857174736956949 ], [ 1704038.129763693315908, 44478.189110800354683 ], [ 1704116.596786854788661, 44052.547470864148636 ], [ 1704106.092379093402997, 44010.760719853307819 ], [ 1703959.547645869664848, 43274.996417633650708 ], [ 1703690.89292549341917, 41859.802856904498185 ], [ 1703463.557293906109408, 42069.860038361774059 ], [ 1703239.62761944369413, 42280.285415891732555 ], [ 1702767.595551890321076, 42705.833223406254547 ], [ 1702322.15415624063462, 42220.736772547890723 ], [ 1701557.018816224997863, 42923.847964950597088 ], [ 1701523.954075360903516, 42959.409294089666218 ] ] ] ] } },
{ "type": "Feature", "properties": { "GEOID": "15003008627", "NAME": "Census Tract 86.27; Honolulu County; Hawaii", "variable": "median_income", "median_income": 124110.0, "income_moe": 8934.0, "tract_area_m2": 791695735.85877526, "solar_area_m2": 992808.05350672593, "solar_polygon_count": 1565, "solar_fraction": 0.0012540272841431921, "solar_percent": 0.12540272841431921, "residential_solar_m2": 460865.57161281473, "residential_polygon_count": 1544, "residential_solar_percent": 0.058212461017350378 }, "geometry": { "type": "MultiPolygon", "coordinates": [ [ [ [ 1606671.514361487003043, 78171.390798502528924 ], [ 1606804.892030512681231, 79264.711831071836059 ], [ 1606691.489757447270676, 80172.927280332645751 ], [ 1606640.199133991496637, 80303.36917093815282 ], [ 1607049.417085797293112, 80200.310236406759941 ], [ 1607492.120214155875146, 81432.569157269026618 ], [ 1606288.351746882777661, 82337.473172071273439 ], [ 1606207.397703885566443, 83423.303111772678676 ], [ 1606404.793022721773013, 84083.943577965241275 ], [ 1606379.540015548001975, 84494.441389738742146 ], [ 1606515.847031917655841, 84857.612924805027433 ], [ 1607143.612981394631788, 85045.74923268132261 ], [ 1606865.438614262267947, 88452.560923329670914 ], [ 1606009.016061736969277, 89687.822459047223674 ], [ 1606410.098184590693563, 90277.497810289365589 ], [ 1606719.117018603952602, 91606.103066946670879 ], [ 1607125.057695117779076, 91840.876882139753434 ], [ 1608422.030545474262908, 92978.53746875275101 ], [ 1608961.549624555278569, 93659.690873346014996 ], [ 1609211.562540555372834, 94267.276752865378512 ], [ 1609721.333314237184823, 94714.879695075680502 ], [ 1609755.077704049879685, 96023.320589018796454 ], [ 1609941.011655478738248, 97020.361391846483457 ], [ 1609683.561108499532565, 97634.417900713538984 ], [ 1608608.247592706466094, 98383.000309230701532 ], [ 1607998.603675420861691, 98646.730870022714953 ], [ 1607307.272334325592965, 99346.067750160291325 ], [ 1607757.243832716485485, 100494.781521359007456 ], [ 1608054.642242932925001, 101878.984477271471405 ], [ 1608510.438968158792704, 102595.422086232632864 ], [ 1608670.442475297022611, 104018.580624358786736 ], [ 1608615.306091874837875, 104511.921240769457654 ], [ 1608620.813607498537749, 105193.031484490711591 ], [ 1608825.412107293261215, 106715.33523632682045 ], [ 1608847.281694770557806, 108041.95087306536152 ], [ 1609248.473711659666151, 111429.850924990110798 ], [ 1609702.893694015452638, 112285.793740192020778 ], [ 1611159.448231536196545, 114640.360553899750812 ], [ 1611422.745283742202446, 115517.130111454433063 ], [ 1611929.305247605312616, 116095.895637134482968 ], [ 1613247.451927586225793, 116775.59527429456648 ], [ 1615486.195483445189893, 116650.626341614217381 ], [ 1616466.349752898560837, 116594.960092431108933 ], [ 1617411.359490570612252, 116243.632085780496709 ], [ 1619514.832158541539684, 115287.385824669996509 ], [ 1621037.133754493435845, 114755.357875338624581 ], [ 1622338.275138472672552, 114665.537450776027981 ], [ 1622922.324661236954853, 114459.372966049675597 ], [ 1623456.071159692015499, 113226.291336761147249 ], [ 1623005.835674082161859, 111987.353028784200433 ], [ 1620068.820211098296568, 104081.663847459116369 ], [ 1619976.189979267539456, 103736.965423053727136 ], [ 1619998.574505488853902, 101805.503331893734867 ], [ 1620106.700971955666319, 99970.273556966974866 ], [ 1620172.254819065099582, 98853.588572798980749 ], [ 1620674.386148690711707, 97406.901136708285776 ], [ 1621736.930125819984823, 94620.683703202637844 ], [ 1624138.538095088209957, 91195.456402534022345 ], [ 1624407.783894177759066, 90690.082348996264045 ], [ 1627516.720523443538696, 83453.50384936008777 ], [ 1628718.999817022122443, 80442.913037009013351 ], [ 1629082.83442688267678, 79512.896323212597053 ], [ 1629532.132456038612872, 78845.136479677064926 ], [ 1629474.626919072819874, 78809.912287198618287 ], [ 1630736.5672357538715, 77142.31971812757547 ], [ 1631082.833507419330999, 76594.466951413240167 ], [ 1631331.114900175482035, 76037.551672693938599 ], [ 1631550.071906744502485, 75069.072807573058526 ], [ 1631506.985177847323939, 73777.339943251747172 ], [ 1631392.433436220511794, 72444.934962812185404 ], [ 1631264.402348070172593, 71915.692409517243505 ], [ 1631209.932828899938613, 71763.49741748215456 ], [ 1630462.097710458096117, 70376.719562491372926 ], [ 1630329.929671042133123, 69638.244938937481493 ], [ 1630743.385135339573026, 67803.36357352687628 ], [ 1628647.000125369755551, 67096.161269182237447 ], [ 1627809.670309607870877, 66297.189536212841631 ], [ 1627145.892822384135798, 65572.291893968169461 ], [ 1625489.501749223330989, 64005.280844858716591 ], [ 1625030.350904680322856, 63804.893814204893715 ], [ 1622461.216452761320397, 62670.157265795227431 ], [ 1622246.960746044060215, 63118.486430924946035 ], [ 1622197.828397430246696, 63750.930570398741111 ], [ 1622504.698759677121416, 64467.166675891377963 ], [ 1623290.149340693373233, 65518.897616575995926 ], [ 1623568.468995499191806, 66425.131990189649514 ], [ 1623656.048647945048288, 67899.196169813832967 ], [ 1623087.267771261045709, 69552.55483580652799 ], [ 1622326.716633882373571, 70524.153169232435175 ], [ 1621693.994577498175204, 71091.413631808231003 ], [ 1619977.17264542542398, 72537.438649095594883 ], [ 1619297.03814610443078, 71825.720246939206845 ], [ 1618964.315167227759957, 71133.122808516694931 ], [ 1618596.717642818810418, 69219.637962178443559 ], [ 1618039.109388703247532, 67888.171715628617676 ], [ 1617283.248244085814804, 66956.378393930965103 ], [ 1614735.898434225469828, 64441.993523638251645 ], [ 1614246.638218005187809, 65380.156333632898168 ], [ 1614293.065337848151103, 66374.364649382128846 ], [ 1613751.616862680763006, 67699.062487871284247 ], [ 1613448.315409485949203, 68859.817471548958565 ], [ 1613414.651504590641707, 69583.803979299031198 ], [ 1613170.817177812568843, 69879.981352901202627 ], [ 1613828.312172008911148, 70698.067153433818021 ], [ 1613546.005700822453946, 71624.875193004059838 ], [ 1613150.591412463225424, 72259.321028592486982 ], [ 1612637.082052989862859, 72175.672872083843686 ], [ 1611738.796968777431175, 72860.15890133503126 ], [ 1611623.005434853723273, 73304.12074014476093 ], [ 1610473.22282881801948, 74455.912643592397217 ], [ 1609798.183421962894499, 73908.140139278839342 ], [ 1609779.135810283944011, 73920.138518780426239 ], [ 1609292.560530637158081, 74495.45500315213576 ], [ 1608820.143162667751312, 74828.47529895491607 ], [ 1608174.675939218141139, 75380.284590213617776 ], [ 1607994.36518107005395, 75976.861720695524127 ], [ 1607174.298359569860622, 76403.465790402202401 ], [ 1606962.321176595054567, 76937.949367394088767 ], [ 1605944.839657851262018, 78264.4850049228844 ], [ 1606671.514361487003043, 78171.390798502528924 ] ] ] ] } },
{ "type": "Feature", "properties": { "GEOID": "15003008631", "NAME": "Census Tract 86.31; Honolulu County; Hawaii", "variable": "median_income", "median_income": 101599.0, "income_moe": 17229.0, "tract_area_m2": 46779417.638309725, "solar_area_m2": 114926.3944355658, "solar_polygon_count": 375, "solar_fraction": 0.0024567726628013323, "solar_percent": 0.24567726628013323, "residential_solar_m2": 114926.3944355658, "residential_polygon_count": 375, "residential_solar_percent": 0.24567726628013323 }, "geometry": { "type": "MultiPolygon", "coordinates": [ [ [ [ 1601343.142830537864938, 71645.833736699511064 ], [ 1601858.713100816123188, 72196.157190416270168 ], [ 1602581.357815174153075, 73514.990581535428646 ], [ 1603174.387137739220634, 73937.405678399460157 ], [ 1603393.997681386070326, 75128.37330907775322 ], [ 1603816.383560712682083, 75821.903895565134007 ], [ 1603268.881787712918594, 75757.258296609041281 ], [ 1602949.928145874524489, 76040.094934029504657 ], [ 1602816.199399633565918, 75538.530480195273412 ], [ 1602474.453915915219113, 75826.471567762258928 ], [ 1601671.747140642255545, 75736.959197827192838 ], [ 1602015.334736817749217, 76124.306978372784215 ], [ 1602092.005330280167982, 76760.315658346517012 ], [ 1602779.867955568246543, 76612.344646536730579 ], [ 1603054.305089389905334, 77875.924855590783409 ], [ 1603479.76501529221423, 78119.011798845385783 ], [ 1603418.307345931651071, 78790.354283690903685 ], [ 1604913.797834605444223, 80100.33710762100236 ], [ 1605188.658082836307585, 80560.40280993898341 ], [ 1604949.4108179602772, 82497.815331564954249 ], [ 1605584.901476976694539, 83003.415723787067691 ], [ 1606379.540015548001975, 84494.441389738742146 ], [ 1606404.793022721773013, 84083.943577965241275 ], [ 1606207.397703885566443, 83423.303111772678676 ], [ 1606288.351746882777661, 82337.473172071273439 ], [ 1607492.120214155875146, 81432.569157269026618 ], [ 1607049.417085797293112, 80200.310236406759941 ], [ 1606640.199133991496637, 80303.36917093815282 ], [ 1606691.489757447270676, 80172.927280332645751 ], [ 1606804.892030512681231, 79264.711831071836059 ], [ 1606671.514361487003043, 78171.390798502528924 ], [ 1605944.839657851262018, 78264.4850049228844 ], [ 1606962.321176595054567, 76937.949367394088767 ], [ 1607174.298359569860622, 76403.465790402202401 ], [ 1607994.36518107005395, 75976.861720695524127 ], [ 1608174.675939218141139, 75380.284590213617776 ], [ 1608820.143162667751312, 74828.47529895491607 ], [ 1609292.560530637158081, 74495.45500315213576 ], [ 1609779.135810283944011, 73920.138518780426239 ], [ 1609798.183421962894499, 73908.140139278839342 ], [ 1610299.929168254835531, 73062.556865967635531 ], [ 1610528.945341564249247, 71267.940871442144271 ], [ 1610389.21258318098262, 70876.065353810015949 ], [ 1609353.019620600156486, 68449.741140121535864 ], [ 1609382.440272647188976, 68130.785163790045772 ], [ 1608101.874752826290205, 68638.285106475639623 ], [ 1608711.103387782117352, 69391.314385076097096 ], [ 1608197.643415976082906, 70578.016357204585802 ], [ 1608009.574283436406404, 71876.408834477188066 ], [ 1608371.769893473014235, 72689.522424233378842 ], [ 1608356.73644453054294, 73722.270466394504183 ], [ 1608317.03197769774124, 73898.837105572572909 ], [ 1608249.98487143823877, 73871.99636618666409 ], [ 1607913.972473389934748, 73020.72544085654954 ], [ 1606790.345867434516549, 72903.36130967461213 ], [ 1606339.996978532522917, 73157.92599478297052 ], [ 1605398.092516313772649, 73593.715916952409316 ], [ 1604935.029729432659224, 73129.052150446907035 ], [ 1603799.760274148546159, 73407.708574445496197 ], [ 1603423.071025286568329, 72887.783754396412405 ], [ 1602987.099849167279899, 73243.715491107446724 ], [ 1602650.46496064029634, 73081.21291597817617 ], [ 1602560.757121570874006, 72291.555771700921468 ], [ 1602730.331341508077458, 71979.035195578806452 ], [ 1601518.802661122288555, 71286.081535092627746 ], [ 1601343.142830537864938, 71645.833736699511064 ] ] ] ] } },
{ "type": "Feature", "properties": { "GEOID": "15003981802", "NAME": "Census Tract 9818.02; Honolulu County; Hawaii", "variable": "median_income", "median_income": 116103.0, "income_moe": 30505.0, "tract_area_m2": 23159800.646620877, "solar_area_m2": 57518.835465029239, "solar_polygon_count": 184, "solar_fraction": 0.0024835634961919029, "solar_percent": 0.24835634961919029, "residential_solar_m2": 57518.835465029239, "residential_polygon_count": 184, "residential_solar_percent": 0.24835634961919029 }, "geometry": { "type": "MultiPolygon", "coordinates": [ [ [ [ 1727956.475933489156887, 104331.130855792041984 ], [ 1728884.929377181688324, 104421.139972163378843 ], [ 1729138.275615864200518, 105036.20370360952802 ], [ 1732238.429110754746944, 106735.721951698651537 ], [ 1734779.29956280416809, 106356.556240320394863 ], [ 1734672.338582994416356, 105115.092263367521809 ], [ 1733679.32534127891995, 102993.698091414858936 ], [ 1732407.761832470772788, 101820.324981092417147 ], [ 1730311.730029485886917, 101269.309856597727048 ], [ 1730186.278077451745048, 100066.895968979821191 ], [ 1729674.453011590288952, 99819.181153466299293 ], [ 1729375.435527569847181, 101085.017291856027441 ], [ 1728815.646325356094167, 101086.628713472164236 ], [ 1729186.914881890872493, 101764.368847617224674 ], [ 1729599.953122123377398, 101862.776354540706961 ], [ 1729483.696617114590481, 103865.980859239556594 ], [ 1728733.936314262682572, 104217.824998070922447 ], [ 1728005.002206113887951, 103905.304589271865552 ], [ 1727956.475933489156887, 104331.130855792041984 ] ] ] ] } },
{ "type": "Feature", "properties": { "GEOID": "15003008625", "NAME": "Census Tract 86.25; Honolulu County; Hawaii", "variable": "median_income", "median_income": 86859.0, "income_moe": 6448.0, "tract_area_m2": 7676456.8208151096, "solar_area_m2": 57965.103130992036, "solar_polygon_count": 192, "solar_fraction": 0.0075510231457065792, "solar_percent": 0.75510231457065791, "residential_solar_m2": 57965.103130992036, "residential_polygon_count": 192, "residential_solar_percent": 0.75510231457065791 }, "geometry": { "type": "MultiPolygon", "coordinates": [ [ [ [ 1628452.458401093026623, 66068.554365254633012 ], [ 1629338.444973873673007, 66864.983201604176429 ], [ 1630944.02117743412964, 67016.515978023351636 ], [ 1630743.385135339573026, 67803.36357352687628 ], [ 1630800.217080641305074, 67816.430542029964272 ], [ 1631716.631617540959269, 67785.397073640968301 ], [ 1632289.180279558058828, 66656.308671872102423 ], [ 1632325.92068315949291, 66573.844101608337951 ], [ 1631344.669379967032, 65673.127716281975154 ], [ 1631304.162602262804285, 65615.376978563450393 ], [ 1630113.80660964618437, 64113.895096401742194 ], [ 1629690.683444094844162, 63590.164089255107683 ], [ 1628863.510995158459991, 64307.401936494024994 ], [ 1629478.250171785010025, 64908.097204515361227 ], [ 1629248.234453825978562, 65087.956076103575469 ], [ 1628452.458401093026623, 66068.554365254633012 ] ] ] ] } },
{ "type": "Feature", "properties": { "GEOID": "15003007002", "NAME": "Census Tract 70.02; Honolulu County; Hawaii", "variable": "median_income", "median_income": 73934.0, "income_moe": 8269.0, "tract_area_m2": 16343751.01638012, "solar_area_m2": 91805.564102420976, "solar_polygon_count": 205, "solar_fraction": 0.0056171660967186251, "solar_percent": 0.56171660967186254, "residential_solar_m2": 80416.591286906594, "residential_polygon_count": 204, "residential_solar_percent": 0.49203265031577542 }, "geometry": { "type": "MultiPolygon", "coordinates": [ [ [ [ 1664249.777164491126314, 63064.764831924738246 ], [ 1665367.332276455592364, 65428.61399644172343 ], [ 1665769.420639565913007, 65768.446871665131766 ], [ 1665946.038828580174595, 65774.342852556990692 ], [ 1666465.16955213714391, 66149.83599351621524 ], [ 1666878.484929488738999, 65782.060510774914292 ], [ 1668641.445053450297564, 64845.034180432237918 ], [ 1669079.553300173487514, 64618.232003480967251 ], [ 1669771.925927421543747, 64314.198677203465195 ], [ 1670000.625618221471086, 64305.243087671602552 ], [ 1670304.527100252686068, 64312.313623951464251 ], [ 1669993.101026302203536, 63140.278280661033932 ], [ 1670210.929645555093884, 63105.526430013320351 ], [ 1670009.48584059625864, 61818.764055050050956 ], [ 1668035.376405512914062, 62137.375034968827094 ], [ 1668023.483641966478899, 62100.680118056152423 ], [ 1667479.243093667784706, 62194.122394665093452 ], [ 1666709.35668704030104, 62302.715733123630343 ], [ 1665393.873186242999509, 62516.0438325529758 ], [ 1664780.513882027938962, 62698.842134064252605 ], [ 1664186.528661595657468, 62946.678748920130602 ], [ 1664249.777164491126314, 63064.764831924738246 ] ] ] ] } },
{ "type": "Feature", "properties": { "GEOID": "15003940006", "NAME": "Census Tract 9400.06; Honolulu County; Hawaii", "variable": "median_income", "median_income": 75208.0, "income_moe": 21376.0, "tract_area_m2": 15823096.25292738, "solar_area_m2": 82507.183720044399, "solar_polygon_count": 173, "solar_fraction": 0.005214351376063962, "solar_percent": 0.52143513760639615, "residential_solar_m2": 82507.183720044399, "residential_polygon_count": 173, "residential_solar_percent": 0.52143513760639615 }, "geometry": { "type": "MultiPolygon", "coordinates": [ [ [ [ 1589990.859380830312148, 78539.795413282728987 ], [ 1590313.030730828410015, 78755.985589102754602 ], [ 1590438.121999823255464, 78635.266804494269309 ], [ 1591258.788410444743931, 79411.515125938254641 ], [ 1591318.138624178012833, 79946.539939270762261 ], [ 1592608.703977599274367, 80447.029745162624749 ], [ 1593113.693143744254485, 80182.491742742320639 ], [ 1592974.244837382575497, 80612.713067506658263 ], [ 1593813.497440370731056, 80541.865905330982059 ], [ 1593762.68721795338206, 80017.002164097095374 ], [ 1594450.789843023987487, 79431.560527674242621 ], [ 1594548.111310420790687, 79451.819387024195748 ], [ 1595404.245543291093782, 78799.043619943142403 ], [ 1594969.684412595583126, 78293.029713377341977 ], [ 1594093.183450133074075, 77825.179220847800025 ], [ 1593992.694180204067379, 76902.954767183662625 ], [ 1592893.304395285667852, 76054.26052269244974 ], [ 1594231.48759949253872, 73686.465549181506503 ], [ 1594287.158448377856985, 73533.486173251309083 ], [ 1594369.835525718517601, 73130.562584809260443 ], [ 1594242.922044989420101, 73101.834420828017755 ], [ 1593979.628704596776515, 73610.399504172353772 ], [ 1593423.656400673324242, 73978.347084669789183 ], [ 1592527.573753810254857, 74571.405787961179158 ], [ 1592399.059616042068228, 76201.458089475258021 ], [ 1590654.050871195970103, 77413.065306968026562 ], [ 1590130.62959857028909, 78302.327906050835736 ], [ 1590000.920218530343845, 78522.702116590517107 ], [ 1589990.859380830312148, 78539.795413282728987 ] ] ] ] } },
{ "type": "Feature", "properties": { "GEOID": "15003010204", "NAME": "Census Tract 102.04; Honolulu County; Hawaii", "variable": "median_income", "median_income": 122630.0, "income_moe": 12431.0, "tract_area_m2": 146927532.68202549, "solar_area_m2": 32380.015072674341, "solar_polygon_count": 84, "solar_fraction": 0.00022038085361951755, "solar_percent": 0.022038085361951756, "residential_solar_m2": 32380.015072674341, "residential_polygon_count": 84, "residential_solar_percent": 0.022038085361951756 }, "geometry": { "type": "MultiPolygon", "coordinates": [ [ [ [ 1662328.99016105895862, 148151.878951676946599 ], [ 1662440.860916123026982, 148772.019610085262684 ], [ 1661992.205872275168076, 149962.256288186123129 ], [ 1662420.312847405439243, 150794.674351670400938 ], [ 1662702.397041488671675, 150610.61662423517555 ], [ 1663028.36609735689126, 151098.620878487621667 ], [ 1662712.214349332032725, 152308.888765608309768 ], [ 1662389.911701762815937, 152820.959015470638406 ], [ 1663353.969566944520921, 153983.456522500608116 ], [ 1663037.567953267600387, 154211.451458520983579 ], [ 1663399.510223984252661, 154731.804756011988502 ], [ 1662907.583760343957692, 154685.458486070710933 ], [ 1662937.568689069710672, 155277.595331510354299 ], [ 1662407.18063634657301, 155413.597032882156782 ], [ 1662629.017661986174062, 156249.929001061333111 ], [ 1662545.174833652097732, 156892.149012987501919 ], [ 1662908.860994715243578, 157274.09561374533223 ], [ 1663026.833947886247188, 157862.274591845547548 ], [ 1664454.936087712645531, 158803.038933081697905 ], [ 1665543.204806429101154, 159897.341602724220138 ], [ 1666117.179398820269853, 160869.720150480163284 ], [ 1665998.82739299768582, 161149.741668129252503 ], [ 1667315.034065367653966, 162746.591503599513089 ], [ 1668043.502522588474676, 163067.005950136925094 ], [ 1669309.198624953394756, 163656.902791857137345 ], [ 1670079.788708809763193, 163638.764767103537451 ], [ 1670087.716736251255497, 162894.522069766739151 ], [ 1670089.644387878011912, 162713.566482291265856 ], [ 1671767.824966783402488, 160240.68515324476175 ], [ 1672444.088252738816664, 159946.484121178713394 ], [ 1673854.198298118077219, 159333.069392986100866 ], [ 1675036.007474571000785, 158373.351924399117706 ], [ 1675604.61564440629445, 156711.869384517107392 ], [ 1675030.389746252447367, 156575.903412856598152 ], [ 1674319.643857163377106, 157152.673989282455295 ], [ 1673291.733177043264732, 156442.201586836832576 ], [ 1673045.771344889886677, 155885.887903958529932 ], [ 1673074.109856428112835, 154557.802672553778393 ], [ 1673007.625178033486009, 154387.38967145915376 ], [ 1672930.172729175770655, 153819.556515925098211 ], [ 1672254.28852700907737, 152898.991747555759503 ], [ 1671728.251206312095746, 152491.093074906559195 ], [ 1671386.239242111099884, 151700.787842819525395 ], [ 1670934.104386703809723, 151548.679933011735557 ], [ 1670188.17983776004985, 150600.130705153394956 ], [ 1669880.275714623043314, 149511.977049998677103 ], [ 1669122.365613617934287, 148647.351385058573214 ], [ 1669270.584495505318046, 147887.480195777839981 ], [ 1668040.432298689382151, 146828.631637176120421 ], [ 1668576.701720140641555, 146684.697711770393653 ], [ 1667966.720548124052584, 146130.760379794373875 ], [ 1667680.396155318710953, 146548.730665792681975 ], [ 1667524.455368701601401, 145836.287228803499602 ], [ 1667764.666303557809442, 145230.484213867923245 ], [ 1667356.787962650647387, 145456.226175650255755 ], [ 1667416.769089834531769, 144444.199832030542893 ], [ 1666682.857805498410016, 143609.774202299799072 ], [ 1665766.690613087033853, 143673.625801935530035 ], [ 1665300.83628455735743, 143611.649885888036806 ], [ 1664918.51260014786385, 144419.37313481757883 ], [ 1664225.307405917206779, 144412.154996940022102 ], [ 1663328.018999286461622, 145648.677057696593693 ], [ 1662530.731084026396275, 145928.415626696340041 ], [ 1662140.106481055961922, 146407.037541874684393 ], [ 1662357.235395340481773, 147227.743410912546096 ], [ 1661944.672453396487981, 148205.847842573246453 ], [ 1662328.99016105895862, 148151.878951676946599 ] ] ] ] } },
{ "type": "Feature", "properties": { "GEOID": "15003008008", "NAME": "Census Tract 80.08; Honolulu County; Hawaii", "variable": "median_income", "median_income": 101422.0, "income_moe": 15576.0, "tract_area_m2": 5177541.2454753891, "solar_area_m2": 59937.067618168847, "solar_polygon_count": 191, "solar_fraction": 0.011576357343468265, "solar_percent": 1.1576357343468264, "residential_solar_m2": 59937.067618168847, "residential_polygon_count": 191, "residential_solar_percent": 1.1576357343468264 }, "geometry": { "type": "MultiPolygon", "coordinates": [ [ [ [ 1645849.836927145021036, 84657.874777705583256 ], [ 1646277.049762948881835, 85254.752350189373828 ], [ 1647343.417132886359468, 86145.95137982648157 ], [ 1647749.279126353096217, 85949.846322117067757 ], [ 1647817.296404160792008, 86087.167168499712716 ], [ 1649110.928550365846604, 86547.246575574448798 ], [ 1649471.541143796639517, 86404.546140326172463 ], [ 1650268.29801094927825, 86087.563030984645593 ], [ 1649792.527146152453497, 85279.2287417241605 ], [ 1648504.19775439472869, 85581.248612795301597 ], [ 1648224.279365734662861, 85219.038962334685493 ], [ 1648172.368108202470466, 84273.83487733862421 ], [ 1647346.366050201933831, 84392.50659568120318 ], [ 1647117.798732604598626, 84063.002768996870145 ], [ 1645872.317236261209473, 84385.797086213598959 ], [ 1645849.836927145021036, 84657.874777705583256 ] ] ] ] } },
{ "type": "Feature", "properties": { "GEOID": "15003982000", "NAME": "Census Tract 9820; Honolulu County; Hawaii", "variable": "median_income", "median_income": 162321.0, "income_moe": 81642.0, "tract_area_m2": 45511329.913403332, "solar_area_m2": 89572.843496252201, "solar_polygon_count": 240, "solar_fraction": 0.00196814383729693, "solar_percent": 0.19681438372969301, "residential_solar_m2": 89572.843496252201, "residential_polygon_count": 240, "residential_solar_percent": 0.19681438372969301 }, "geometry": { "type": "MultiPolygon", "coordinates": [ [ [ [ 1677771.973144342657179, 64095.777162063350261 ], [ 1677973.91670130728744, 65362.22861864267179 ], [ 1678084.024595683440566, 65580.622819489013636 ], [ 1679385.580693606520072, 67171.52632515449659 ], [ 1680398.00878244289197, 68498.15854597503494 ], [ 1681635.093004422495142, 68787.15905425233359 ], [ 1681776.517082546139136, 68524.270361674003652 ], [ 1682751.134401648771018, 68932.606024251974304 ], [ 1683795.269905284279957, 69619.997039406705881 ], [ 1684129.369848176371306, 70111.755268025503028 ], [ 1687118.287223185412586, 72212.089185008371715 ], [ 1687453.458922712365165, 72592.71308538649464 ], [ 1688159.908405593829229, 72913.731688695348566 ], [ 1689270.363109176279977, 73102.538097171243862 ], [ 1690109.457041437970474, 73833.45837989244319 ], [ 1691621.798426596680656, 74663.475176346575608 ], [ 1691654.215117648243904, 74922.145724802816403 ], [ 1692359.929469673195854, 75242.12994470873673 ], [ 1693167.885939694708213, 75383.86467873158108 ], [ 1694110.758038042811677, 75345.207722301463946 ], [ 1695925.572296377271414, 76407.773846056617913 ], [ 1695722.720493509666994, 75813.999951743098791 ], [ 1694813.193166840821505, 75189.716523950162809 ], [ 1693413.421681632753462, 74479.595357283964404 ], [ 1692805.872468505054712, 74328.608230136189377 ], [ 1690647.783693113131449, 73070.757018532895017 ], [ 1689132.364384543616325, 71817.934324253044906 ], [ 1688626.17394546372816, 71667.813962253494537 ], [ 1687884.900763177545741, 71077.948250610730611 ], [ 1687990.744705298217013, 70675.190103698856547 ], [ 1687792.702051006723195, 69905.999336911409046 ], [ 1687187.573642393806949, 69243.976383037195774 ], [ 1686643.927275883965194, 68299.036552158955601 ], [ 1683667.169040622422472, 66017.841475124048884 ], [ 1683086.425627728924155, 65811.409353440874838 ], [ 1682295.349960979772732, 64753.709487880085362 ], [ 1681339.067668075906113, 64296.357583263110428 ], [ 1680428.42228681081906, 63772.217880105461518 ], [ 1681072.79364914749749, 63140.27440508948348 ], [ 1679989.570422221906483, 62165.937948695391242 ], [ 1679966.440888781333342, 62148.121343438404438 ], [ 1679126.923936143051833, 63442.151920960495772 ], [ 1678787.397768148919567, 63751.764942757341487 ], [ 1678426.55022305669263, 63899.352870208480454 ], [ 1677774.732440659543499, 64043.106984452155302 ], [ 1677771.973144342657179, 64095.777162063350261 ] ] ] ] } },
{ "type": "Feature", "properties": { "GEOID": "15003009906", "NAME": "Census Tract 99.06; Honolulu County; Hawaii", "variable": "median_income", "median_income": 94500.0, "income_moe": 32037.0, "tract_area_m2": 955476144.96638989, "solar_area_m2": 163056.28179169219, "solar_polygon_count": 88, "solar_fraction": 0.00017065447698584658, "solar_percent": 0.01706544769858466, "residential_solar_m2": 55887.468002575362, "residential_polygon_count": 85, "residential_solar_percent": 0.0058491746023173899 }, "geometry": { "type": "MultiPolygon", "coordinates": [ [ [ [ 1546109.304636212997139, 149136.605293797823833 ], [ 1552248.040531522128731, 149688.002469929284416 ], [ 1560648.796822217060253, 150878.911571619333699 ], [ 1562989.543323978083208, 150233.176781112822937 ], [ 1567027.401950660860166, 150227.424029001209419 ], [ 1567097.930675700074062, 150249.07561372773489 ], [ 1569370.423933310667053, 150946.767133348388597 ], [ 1571874.334566488862038, 151034.204602861340391 ], [ 1572923.48880379809998, 151070.876746180816554 ], [ 1574104.689204283757135, 151112.189377109403722 ], [ 1575384.919861001661047, 151156.995441688515712 ], [ 1577917.122513088397682, 150803.391296803689329 ], [ 1580323.268880711169913, 150419.90043270093156 ], [ 1581887.372182641644031, 150851.162169767281739 ], [ 1583501.764956352999434, 150046.58117999494425 ], [ 1584794.511832098709419, 150607.18094400499831 ], [ 1586639.968155703274533, 150533.035982595087262 ], [ 1587977.686015677638352, 150479.330813657288672 ], [ 1594080.444597190478817, 151811.910471306415275 ], [ 1594877.296259928261861, 151398.489146426698426 ], [ 1594847.62818427127786, 151025.498520423629088 ], [ 1594842.547069812659174, 150648.795464409457054 ], [ 1595282.203594298101962, 150643.696239723096369 ], [ 1595797.024989982601255, 149922.539053079060977 ], [ 1595368.043575373943895, 148903.940231369371759 ], [ 1595598.045869606779888, 146862.915604167472338 ], [ 1595350.857296625617892, 146276.814015210897196 ], [ 1594909.725714956177399, 146189.28086632853956 ], [ 1596349.810143753886223, 145808.450110483448952 ], [ 1596872.648232073290274, 145669.976633080746979 ], [ 1596591.764672368764877, 144186.267581859283382 ], [ 1597110.948911513667554, 144130.260960783314658 ], [ 1597477.634327311068773, 143747.807028380717384 ], [ 1596970.245052407262847, 141202.09300064315903 ], [ 1598552.286653861170635, 142234.672744302253705 ], [ 1598697.978903657058254, 142981.431539754936239 ], [ 1599034.654433632036671, 142438.812241752108093 ], [ 1599590.927316795103252, 142860.858367049717344 ], [ 1599367.897405924974009, 143158.908350109413732 ], [ 1599736.088425944792107, 144707.225348231237149 ], [ 1601997.737841184716672, 143626.638225619797595 ], [ 1603547.965199382742867, 142646.899985506868688 ], [ 1604081.773776325164363, 141089.576893536112038 ], [ 1604836.342214183183387, 140801.359055995679228 ], [ 1604854.002968604210764, 140785.72680873205536 ], [ 1605585.920041240053251, 140146.257767634524498 ], [ 1605820.554152372758836, 138810.016229300701525 ], [ 1607915.577274453360587, 136401.336660899920389 ], [ 1609680.379307521739975, 135074.370069025637349 ], [ 1610552.22500188392587, 134016.047122646996286 ], [ 1611201.547891329275444, 133692.743911583122099 ], [ 1612512.817984745372087, 132447.49618835025467 ], [ 1612785.019902836531401, 131706.659081620571669 ], [ 1613375.244955712929368, 131386.319796944328118 ], [ 1615989.215117995627224, 128874.175779603261617 ], [ 1618957.163164230296388, 126040.168306953462888 ], [ 1620551.584646456176415, 124676.223055041118641 ], [ 1619382.198642730712891, 123788.859462772656116 ], [ 1619358.162108279764652, 124039.156886740616756 ], [ 1618729.907544003799558, 123921.349305699608522 ], [ 1618159.63077701581642, 123447.527532850479474 ], [ 1616747.372888554818928, 123902.579431397796725 ], [ 1616218.936593474354595, 123528.657019390142523 ], [ 1615907.058363637886941, 123937.107157837963314 ], [ 1614979.057839169166982, 124007.653098263297579 ], [ 1615001.533785271923989, 124801.734630709557678 ], [ 1614259.645785502158105, 125182.430930192465894 ], [ 1613713.880101543385535, 126184.944835005837376 ], [ 1613244.010637167375535, 126667.233164372679312 ], [ 1613154.28067319560796, 127347.670885431594797 ], [ 1612782.630664187017828, 127769.974776086775819 ], [ 1612231.427530331769958, 127391.017768912555766 ], [ 1611839.643275525886565, 128283.401608355910867 ], [ 1611363.68210940156132, 128128.183252089496818 ], [ 1610857.582207943545654, 128792.507930509731523 ], [ 1609336.525474969530478, 128849.319190470661852 ], [ 1609026.458137108013034, 128728.898174205591204 ], [ 1608488.570325221400708, 129041.262223744241055 ], [ 1602980.129302337998524, 127241.620842514690594 ], [ 1602378.291075239889324, 126987.03763778656139 ], [ 1601766.518819912336767, 127102.633899395252229 ], [ 1599587.609339826041833, 126627.662832455855096 ], [ 1598788.74920380092226, 126574.156775855037267 ], [ 1597398.541493451455608, 126250.143864456476877 ], [ 1597045.486731450771913, 125989.971081604729989 ], [ 1595717.302960177650675, 125479.597295604457031 ], [ 1593632.016643471783027, 125304.120553113360074 ], [ 1593320.722659345716238, 125014.511341413861373 ], [ 1592168.589249955955893, 124530.588515795854619 ], [ 1591992.621948978863657, 123916.106781133930781 ], [ 1591157.304029837716371, 123824.969083279458573 ], [ 1590538.420788766117766, 123983.929432814315078 ], [ 1589513.655696607893333, 123789.828916463899077 ], [ 1589132.943092566216365, 124164.356585361179896 ], [ 1588330.293628694489598, 124109.558163775669527 ], [ 1586918.911958067445084, 124493.114217416950851 ], [ 1585967.028649398591369, 125429.485908659131383 ], [ 1584967.091857436578721, 125889.322876709367847 ], [ 1584401.102086472325027, 126847.117831352283247 ], [ 1583240.398458258016035, 127599.22220620533335 ], [ 1582099.853398611070588, 128106.4899892147223 ], [ 1581352.749077046057209, 128130.564775218372233 ], [ 1580778.599300326080993, 129309.637042080124957 ], [ 1580782.560719590866938, 129810.211386004884844 ], [ 1580325.771911540767178, 130747.223289487170405 ], [ 1580512.443363417172804, 131409.607489444228122 ], [ 1580094.18840518523939, 131544.489311237499351 ], [ 1578204.098562967032194, 133616.920038948243018 ], [ 1576961.277863428927958, 133714.657342089136364 ], [ 1576569.087810652097687, 134021.723966670862865 ], [ 1575786.167010092642158, 133869.737226829398423 ], [ 1575183.172948067774996, 134104.418309533444699 ], [ 1574912.299150908133015, 134660.911812548263697 ], [ 1574148.546589417848736, 137333.681152711884351 ], [ 1573622.21219058544375, 136874.809979348792695 ], [ 1573183.474084592191502, 136889.895070893195225 ], [ 1572230.266314398730174, 136963.765413220302435 ], [ 1571192.092135296668857, 137815.153573004296049 ], [ 1570735.921725793275982, 138523.757291286077816 ], [ 1570188.064984374446794, 138507.406663852423662 ], [ 1569502.870594571810216, 138970.393775316450046 ], [ 1569083.333142105257139, 138845.266401611123001 ], [ 1568577.922969840932637, 139303.301570314884884 ], [ 1567903.89390104287304, 139464.056647102552233 ], [ 1567482.336856435285881, 138859.069353187398519 ], [ 1566354.495142149506137, 138936.19248541208799 ], [ 1565344.707175367046148, 139821.077941034978721 ], [ 1564961.946863193996251, 140466.783650730649242 ], [ 1564522.732752300100401, 140602.182843329879688 ], [ 1563787.109242738923058, 140449.942580460279714 ], [ 1563216.453067611670122, 141101.019037888705498 ], [ 1562222.723891605623066, 141751.271449964784551 ], [ 1561428.331402668263763, 142063.406568528327625 ], [ 1560300.984239068580791, 142867.193991861160612 ], [ 1559694.158832862274721, 142929.507283902872587 ], [ 1558883.966884990688413, 143332.522072499414207 ], [ 1557887.185308700194582, 144144.15303937959834 ], [ 1557334.570346123538911, 144093.796049296302954 ], [ 1556493.51095319329761, 143436.879981416044757 ], [ 1555580.55342229292728, 143519.706096590758534 ], [ 1552876.000567268347368, 144991.347295095503796 ], [ 1551611.510321388253942, 145763.581873342191102 ], [ 1550525.002577562816441, 146872.295202433801023 ], [ 1549710.890546592418104, 147292.16942005319288 ], [ 1548027.262468535685912, 146649.147352631320246 ], [ 1547070.481884870445356, 147364.689676553243771 ], [ 1544742.185573472408578, 148475.364670966460835 ], [ 1546109.304636212997139, 149136.605293797823833 ] ] ] ] } },
{ "type": "Feature", "properties": { "GEOID": "15003007817", "NAME": "Census Tract 78.17; Honolulu County; Hawaii", "variable": "median_income", "median_income": 193854.0, "income_moe": 104000.0, "tract_area_m2": 8141436.5915384162, "solar_area_m2": 69460.606104715567, "solar_polygon_count": 205, "solar_fraction": 0.0085317382655669873, "solar_percent": 0.85317382655669871, "residential_solar_m2": 69460.606104715567, "residential_polygon_count": 205, "residential_solar_percent": 0.85317382655669871 }, "geometry": { "type": "MultiPolygon", "coordinates": [ [ [ [ 1658219.629944557556883, 82160.989080756204203 ], [ 1659719.738280054647475, 82712.571625669661444 ], [ 1660407.760064364643767, 83267.155772301804973 ], [ 1661446.744337079580873, 83223.600430549893645 ], [ 1662337.990557709243149, 83407.403805555906729 ], [ 1662546.08724270039238, 83659.590472945536021 ], [ 1663806.147580606630072, 84498.163101013778942 ], [ 1665812.673366658622399, 85047.598853257353767 ], [ 1665815.943738385802135, 83893.166666715522297 ], [ 1667291.183610363397747, 83585.845690265836311 ], [ 1667028.952464626636356, 83464.023047280104947 ], [ 1666021.069532885216177, 83207.797039804267115 ], [ 1663777.728671581717208, 83360.790398711207672 ], [ 1662566.23770365677774, 82648.652611542347586 ], [ 1662380.352489733370021, 82975.871040817437461 ], [ 1661380.558024161262438, 82834.888711644467548 ], [ 1660426.307505164295435, 82795.291022889927262 ], [ 1659951.395579042611644, 81837.931621683659614 ], [ 1659103.163407086161897, 81133.635364800167736 ], [ 1658095.323851138586178, 81528.516557453840505 ], [ 1658219.629944557556883, 82160.989080756204203 ] ] ] ] } },
{ "type": "Feature", "properties": { "GEOID": "15003009706", "NAME": "Census Tract 97.06; Honolulu County; Hawaii", "variable": "median_income", "median_income": 94375.0, "income_moe": 9613.0, "tract_area_m2": 42060915.925191976, "solar_area_m2": 375329.5582551288, "solar_polygon_count": 310, "solar_fraction": 0.0089234756305040137, "solar_percent": 0.89234756305040142, "residential_solar_m2": 105297.03064027344, "residential_polygon_count": 302, "residential_solar_percent": 0.25034412191011468 }, "geometry": { "type": "MultiPolygon", "coordinates": [ [ [ [ 1577229.705565759679303, 100460.474759912423906 ], [ 1577962.893949026474729, 100709.897749182942789 ], [ 1578953.125333943171427, 101205.324984149949159 ], [ 1579203.473862443119287, 101540.690431562921731 ], [ 1579182.28787906630896, 102044.921730067988392 ], [ 1579032.394051754614338, 103001.561961724873981 ], [ 1579192.968908653594553, 103349.381883742069476 ], [ 1580936.056442231638357, 104152.395172192933387 ], [ 1581689.904622481204569, 105312.906490807712544 ], [ 1582653.281205887906253, 105928.308234530923073 ], [ 1582964.638885505264625, 106435.084942368150223 ], [ 1583040.226739123929292, 106524.365865040628705 ], [ 1583502.503221980528906, 106979.036915606018738 ], [ 1583985.851954440120608, 107431.146814872699906 ], [ 1584955.077730393502861, 107848.242903763035429 ], [ 1585963.922467363765463, 108118.194975532460376 ], [ 1586565.179609934100881, 109189.569354655934148 ], [ 1586944.350477657746524, 109560.07762446058041 ], [ 1587231.750895561184734, 109973.545134198735468 ], [ 1587488.792504154145718, 109952.582993270028965 ], [ 1587888.916676444699988, 110205.017002521432005 ], [ 1588083.539759408682585, 110334.146576074039331 ], [ 1588201.978922303766012, 110445.914963913412066 ], [ 1588420.205846096156165, 110722.143748275397229 ], [ 1588435.309549434343353, 110868.160347792174434 ], [ 1588375.593622642569244, 110999.356319263461046 ], [ 1588144.660358186345547, 111286.922973419248592 ], [ 1588081.872296034824103, 111750.507216818965389 ], [ 1588231.565699666505679, 111837.543141411952092 ], [ 1588291.761591576039791, 111850.561584463619511 ], [ 1588409.406877204310149, 111849.719955603242852 ], [ 1588494.094585148151964, 111873.612562876180164 ], [ 1588547.175150508526713, 111912.42985326598864 ], [ 1588626.492427899269387, 112008.253821643040283 ], [ 1588675.568156450521201, 112124.813251758620027 ], [ 1588708.578963899519295, 112154.931928645833977 ], [ 1589130.187859147088602, 112143.989310511824442 ], [ 1589300.937362753553316, 112208.122425659646979 ], [ 1590238.487673057476059, 109458.789882183657028 ], [ 1590141.845359264872968, 109381.506297363943304 ], [ 1590173.024856290547177, 109271.771793300154968 ], [ 1588737.728061026893556, 107857.15133720250742 ], [ 1587671.34367758827284, 106818.178790754813235 ], [ 1587310.605232798494399, 105849.718636914229137 ], [ 1586885.17926261597313, 105495.60126801073784 ], [ 1585392.195324913132936, 104713.567541156779043 ], [ 1584326.013648896478117, 103665.943592312454712 ], [ 1583966.250445893965662, 103374.26137757395918 ], [ 1583489.166947850259021, 102772.8448431493307 ], [ 1582488.481601202627644, 101041.166848716457025 ], [ 1581475.114488588180393, 100817.055930679372977 ], [ 1580498.842037824913859, 100925.306600088952109 ], [ 1578502.968213757965714, 100427.74006889971497 ], [ 1580466.754174238769338, 99911.843769417188014 ], [ 1580420.878635745728388, 99642.718844888120657 ], [ 1579205.516963611589745, 99766.156337124935817 ], [ 1578255.465123176807538, 100207.528482669891673 ], [ 1578282.6506382599473, 99605.209507305844454 ], [ 1577369.674000738188624, 100046.917515845198068 ], [ 1577229.705565759679303, 100460.474759912423906 ] ] ] ] } },
{ "type": "Feature", "properties": { "GEOID": "15003007816", "NAME": "Census Tract 78.16; Honolulu County; Hawaii", "variable": "median_income", "median_income": 114914.0, "income_moe": 17002.0, "tract_area_m2": 119741564.14356244, "solar_area_m2": 127629.31917753808, "solar_polygon_count": 360, "solar_fraction": 0.001065873158500909, "solar_percent": 0.1065873158500909, "residential_solar_m2": 127629.31917753808, "residential_polygon_count": 360, "residential_solar_percent": 0.1065873158500909 }, "geometry": { "type": "MultiPolygon", "coordinates": [ [ [ [ 1659951.395579042611644, 81837.931621683659614 ], [ 1660426.307505164295435, 82795.291022889927262 ], [ 1661380.558024161262438, 82834.888711644467548 ], [ 1662380.352489733370021, 82975.871040817437461 ], [ 1662566.23770365677774, 82648.652611542347586 ], [ 1663777.728671581717208, 83360.790398711207672 ], [ 1666021.069532885216177, 83207.797039804267115 ], [ 1667028.952464626636356, 83464.023047280104947 ], [ 1667291.183610363397747, 83585.845690265836311 ], [ 1665815.943738385802135, 83893.166666715522297 ], [ 1665812.673366658622399, 85047.598853257353767 ], [ 1666754.834599378053099, 85368.811954928038176 ], [ 1667248.906533337663859, 85124.948438042512862 ], [ 1668519.057748768478632, 85329.389359540698933 ], [ 1669884.642692136811092, 85803.087421932985308 ], [ 1669895.159423362230882, 86471.851660922693554 ], [ 1670553.230006262427196, 86782.078300622975803 ], [ 1670356.946152858436108, 87392.241965580295073 ], [ 1670979.292894758051261, 87688.286909746355377 ], [ 1671024.937124731717631, 88174.716179305396508 ], [ 1671331.196997858583927, 87986.724709711401374 ], [ 1672011.139717342099175, 88654.79196561248682 ], [ 1673121.271323575871065, 89481.510720627513365 ], [ 1673059.164171399315819, 89805.499522483252804 ], [ 1674309.39490357786417, 90101.97137234028196 ], [ 1674554.733472486725077, 90498.806417802814394 ], [ 1674684.948030323954299, 90068.791334001900395 ], [ 1675293.036336384015158, 90237.737304520764155 ], [ 1676214.161606655223295, 91272.908726962035871 ], [ 1676686.235561377601698, 91349.148601965192938 ], [ 1676570.001356214052066, 91709.059506172692636 ], [ 1677189.912310960469767, 91961.948181732324883 ], [ 1677502.056348367594182, 91627.96575753025536 ], [ 1677914.161011833697557, 91844.756190936255734 ], [ 1677837.636219764128327, 92318.755747580697061 ], [ 1678433.582454981049523, 92293.385583526323899 ], [ 1678517.221863940590993, 92819.444693258425104 ], [ 1678963.801099047996104, 92379.858411332766991 ], [ 1679113.027989084366709, 92980.070831168515724 ], [ 1679922.888330086600035, 93448.905712244348251 ], [ 1680893.699445992009714, 92912.009393725180416 ], [ 1681302.864807272329926, 93826.645505955675617 ], [ 1682532.959278451045975, 94033.933847909924225 ], [ 1683218.582305775023997, 94558.66323844861472 ], [ 1683846.800799042684957, 94555.175135133176809 ], [ 1684618.085436497814953, 95116.318519364111125 ], [ 1685102.447061809478328, 95086.571519241857459 ], [ 1685945.69859458738938, 95785.833459104629583 ], [ 1686724.081550195813179, 95568.547587541659595 ], [ 1687110.259341281838715, 95797.011552349402336 ], [ 1688321.980245254235342, 95180.180789841237129 ], [ 1688526.907956386450678, 94988.200684623807319 ], [ 1689970.183486168505624, 94487.859818683195044 ], [ 1691247.908735334873199, 94274.738580523640849 ], [ 1692068.136989178601652, 93390.988255936303176 ], [ 1693698.945111838169396, 92170.222092684387462 ], [ 1692629.949022029992193, 92094.333897875374532 ], [ 1690808.487714332295582, 91004.983270251861541 ], [ 1689745.051775089465082, 91508.557407927888562 ], [ 1688405.246869413182139, 91091.040396503405645 ], [ 1687278.79010088252835, 91342.141524503967958 ], [ 1686925.936789523111656, 91869.648945957873366 ], [ 1686656.054269476328045, 91647.462848592709634 ], [ 1686080.163118326338008, 91674.937962943105958 ], [ 1685846.537969535216689, 91210.492990560553153 ], [ 1685322.621156335575506, 90909.997342907852726 ], [ 1685354.987716039642692, 90443.962849558884045 ], [ 1684955.177378993481398, 90191.525799255672609 ], [ 1684555.971654526656494, 89614.70182251179358 ], [ 1684285.793236869620159, 89726.726194941962603 ], [ 1683907.909041775390506, 89270.163507690784172 ], [ 1683206.001172735355794, 89039.290049318631645 ], [ 1682817.650110187241808, 89323.048782847123221 ], [ 1682858.081614411203191, 88955.099489785192418 ], [ 1682028.034232125617564, 89018.016406137438025 ], [ 1681862.292616601800546, 88685.868772778310813 ], [ 1681338.181732122786343, 88577.213323036790825 ], [ 1681230.681125135859475, 88143.036656219395809 ], [ 1680716.845489131985232, 87932.68274574939278 ], [ 1679973.974250079831108, 88311.732695332975709 ], [ 1679392.077021170640364, 88135.124228296335787 ], [ 1678935.819263343466446, 88262.660220371748437 ], [ 1677368.085553274489939, 87629.118825262601604 ], [ 1677234.737592292018235, 87136.811269979749341 ], [ 1676793.104591752402484, 86764.168580022043898 ], [ 1676284.901887557236478, 86731.858083334736875 ], [ 1675371.138459829380736, 86284.807534713152563 ], [ 1674254.121840914711356, 86072.671765550476266 ], [ 1672542.140450606122613, 85256.099760176657583 ], [ 1672362.049819642445073, 84907.990401181217749 ], [ 1671877.972026848001406, 84889.903453616949264 ], [ 1671636.98549044621177, 84535.222130843932973 ], [ 1671100.125772816129029, 84009.639919643974281 ], [ 1670145.898588918149471, 83977.496954452464706 ], [ 1669537.823854596586898, 83623.34878901366028 ], [ 1668597.571888482198119, 83525.128194679113221 ], [ 1668323.671730463393033, 82952.853298521746183 ], [ 1667893.622880164301023, 83020.559634244971676 ], [ 1667384.576199365314096, 82557.873131564294454 ], [ 1666901.536429679719731, 81772.268398652333417 ], [ 1666517.417759542586282, 81820.029424572174321 ], [ 1665033.263046476291493, 81443.716828838762012 ], [ 1663875.095928861293942, 80875.061187825092929 ], [ 1663549.223696048837155, 79966.775638413048 ], [ 1663062.575216030236334, 79480.1657159186434 ], [ 1663009.18278924212791, 79426.744304695705068 ], [ 1662566.76345406123437, 79738.233915752949542 ], [ 1662247.571401486406103, 79896.119539195729885 ], [ 1661321.688975853612646, 80261.91281348708435 ], [ 1660475.782728635473177, 80593.605893441141234 ], [ 1659103.163407086161897, 81133.635364800167736 ], [ 1659951.395579042611644, 81837.931621683659614 ] ] ] ] } },
{ "type": "Feature", "properties": { "GEOID": "15003006812", "NAME": "Census Tract 68.12; Honolulu County; Hawaii", "variable": "median_income", "median_income": 101411.0, "income_moe": 11980.0, "tract_area_m2": 5852530.1914537614, "solar_area_m2": 81687.259581364066, "solar_polygon_count": 187, "solar_fraction": 0.013957597297088535, "solar_percent": 1.3957597297088535, "residential_solar_m2": 66673.05415559595, "residential_polygon_count": 185, "residential_solar_percent": 1.1392176028917578 }, "geometry": { "type": "MultiPolygon", "coordinates": [ [ [ [ 1673781.843871030490845, 66062.716910252478556 ], [ 1674212.158944, 66340.514288267528173 ], [ 1674423.628807480446994, 66657.044160817677039 ], [ 1674457.926156474277377, 66772.581381483236328 ], [ 1674478.262375811813399, 66901.550223403275595 ], [ 1674473.375466423807666, 67094.436109058515285 ], [ 1674386.039043714525178, 67439.837225926108658 ], [ 1674378.13543423707597, 67560.796515879032086 ], [ 1674396.446113266516477, 67663.972886677525821 ], [ 1674782.675031804712489, 68209.466967041807948 ], [ 1674086.135336731094867, 69762.671776285438682 ], [ 1674453.74522880744189, 70137.42165711960115 ], [ 1674412.411392426351085, 70388.768885395038524 ], [ 1674479.623820880195126, 70645.270722866785945 ], [ 1674595.923733038827777, 70230.86916899116477 ], [ 1674710.804879484931007, 69378.016500783269294 ], [ 1675615.437876097625121, 68116.651064091885928 ], [ 1675724.084874383406714, 67459.955305970303016 ], [ 1675857.040926953777671, 67098.603226510123932 ], [ 1675712.136951248859987, 67000.428365372674307 ], [ 1675762.033054904779419, 66679.342852442801814 ], [ 1675886.834492104593664, 66302.002280217711814 ], [ 1675844.999560673255473, 66267.465264142156229 ], [ 1675537.536452820524573, 66000.996087553125108 ], [ 1674766.855456324294209, 64754.165204737408203 ], [ 1673964.436951281735674, 64676.283202741404239 ], [ 1673923.13314609718509, 64876.774569219327532 ], [ 1673832.105177090503275, 65138.988435255560034 ], [ 1673593.20983586856164, 65679.727967179438565 ], [ 1673781.843871030490845, 66062.716910252478556 ] ] ] ] } },
{ "type": "Feature", "properties": { "GEOID": "15003003801", "NAME": "Census Tract 38.01; Honolulu County; Hawaii", "variable": "median_income", "median_income": 79180.0, "income_moe": 18384.0, "tract_area_m2": 12779114.288501069, "solar_area_m2": 107479.22636661111, "solar_polygon_count": 44, "solar_fraction": 0.0084105380028820387, "solar_percent": 0.84105380028820387, "residential_solar_m2": 68546.996048104877, "residential_polygon_count": 41, "residential_solar_percent": 0.53639864626443623 }, "geometry": { "type": "MultiPolygon", "coordinates": [ [ [ [ 1685692.648295148508623, 46102.27651138076908 ], [ 1686838.960906286723912, 47410.19788291601435 ], [ 1687298.910914670443162, 47762.954118733337964 ], [ 1687048.611832713475451, 48254.582552457293787 ], [ 1687755.154091618489474, 48838.224157118747826 ], [ 1688100.434683356201276, 49113.150093873366131 ], [ 1688655.453251467552036, 49337.047447647310037 ], [ 1689243.036457486217842, 48559.487365949993546 ], [ 1690021.816386700375006, 47564.157411790190963 ], [ 1689154.336735903285444, 46893.885357493498304 ], [ 1688911.522184255067259, 46613.596511876487057 ], [ 1689989.182614495744929, 46037.73258642910514 ], [ 1689757.432334226788953, 45572.553824629903829 ], [ 1689796.530465279007331, 43637.379714719201729 ], [ 1687672.97541713505052, 44912.773847446434957 ], [ 1687458.90126583003439, 45041.353494321265316 ], [ 1687455.22464901744388, 45043.561798535200069 ], [ 1685847.127842617919669, 46009.482350301776023 ], [ 1685692.648295148508623, 46102.27651138076908 ] ] ] ] } },
{ "type": "Feature", "properties": { "GEOID": "15003008943", "NAME": "Census Tract 89.43; Honolulu County; Hawaii", "variable": "median_income", "median_income": 174519.0, "income_moe": 33789.0, "tract_area_m2": 5207282.5235038055, "solar_area_m2": 63559.557464496698, "solar_polygon_count": 236, "solar_fraction": 0.012205897640009285, "solar_percent": 1.2205897640009284, "residential_solar_m2": 63559.557464496698, "residential_polygon_count": 236, "residential_solar_percent": 1.2205897640009284 }, "geometry": { "type": "MultiPolygon", "coordinates": [ [ [ [ 1638383.420714381383732, 113193.476183816601406 ], [ 1639343.615671029547229, 113849.860964415187482 ], [ 1639595.233581873355433, 114842.286082042031921 ], [ 1640025.667668814072385, 114528.42346515294048 ], [ 1640711.781319167930633, 115366.466599843988661 ], [ 1641014.042368320282549, 114782.34498677708325 ], [ 1641659.384216247824952, 113646.801686191756744 ], [ 1641386.702915896195918, 113507.303750099497847 ], [ 1640109.293797579361126, 112163.230024934906396 ], [ 1639503.052440783474594, 112401.536165395227727 ], [ 1639145.017365296836942, 112332.523934153534356 ], [ 1638383.420714381383732, 113193.476183816601406 ] ] ] ] } },
{ "type": "Feature", "properties": { "GEOID": "15003009610", "NAME": "Census Tract 96.10; Honolulu County; Hawaii", "variable": "median_income", "median_income": 118780.0, "income_moe": 11172.0, "tract_area_m2": 20806259.447120178, "solar_area_m2": 141580.19732436375, "solar_polygon_count": 423, "solar_fraction": 0.0068046924861335442, "solar_percent": 0.68046924861335445, "residential_solar_m2": 141580.19732436375, "residential_polygon_count": 423, "residential_solar_percent": 0.68046924861335445 }, "geometry": { "type": "MultiPolygon", "coordinates": [ [ [ [ 1579308.594908368773758, 95191.593751538253855 ], [ 1580436.384942044038326, 95286.83984140267421 ], [ 1581159.619719926035032, 95711.409673466565437 ], [ 1581236.758186961058527, 95649.206457342734211 ], [ 1581376.760997225530446, 95534.260942416774924 ], [ 1581707.444802112178877, 94066.323440577034489 ], [ 1582074.636094626504928, 92373.127581402732176 ], [ 1582342.694738227408379, 91147.195534931190195 ], [ 1581400.438573686406016, 90803.132062621880323 ], [ 1581502.698149999603629, 90380.547678556424216 ], [ 1581975.888941711047664, 88237.520916919544106 ], [ 1582016.185401715105399, 88069.650841159906122 ], [ 1582240.095573855098337, 87517.251735708225169 ], [ 1582420.487302586436272, 86669.570957080097287 ], [ 1581294.219413811108097, 86419.793575479910942 ], [ 1580311.537873095832765, 86205.840792368457187 ], [ 1579719.312122668372467, 86099.262782735939254 ], [ 1579456.492090785875916, 86355.746343908365816 ], [ 1579849.723088826751336, 88012.018409047755995 ], [ 1579926.483169322134927, 88335.340743415436009 ], [ 1579411.112799843540415, 93083.374166509645875 ], [ 1579321.849808496655896, 95142.589161745854653 ], [ 1579320.342653590021655, 95177.359372521372279 ], [ 1579319.98253310401924, 95185.66739060152031 ], [ 1579308.594908368773758, 95191.593751538253855 ] ] ] ] } },
{ "type": "Feature", "properties": { "GEOID": "15003008932", "NAME": "Census Tract 89.32; Honolulu County; Hawaii", "variable": "median_income", "median_income": 139356.0, "income_moe": 15072.0, "tract_area_m2": 8727053.669883728, "solar_area_m2": 119512.19135251202, "solar_polygon_count": 459, "solar_fraction": 0.013694448994273722, "solar_percent": 1.3694448994273722, "residential_solar_m2": 119512.19135251202, "residential_polygon_count": 459, "residential_solar_percent": 1.3694448994273722 }, "geometry": { "type": "MultiPolygon", "coordinates": [ [ [ [ 1631291.141383234411478, 102931.747856723784935 ], [ 1632426.165042408276349, 101992.175683959329035 ], [ 1633527.092390461126342, 102694.566407220234396 ], [ 1633617.84688229765743, 102338.196878165501403 ], [ 1633826.2653130562976, 101943.670592171343742 ], [ 1633126.993981346487999, 101448.275410553877009 ], [ 1633095.558923033298925, 100374.847542059942498 ], [ 1633150.603716065874323, 100010.127437857692712 ], [ 1633318.124194328207523, 98922.506084258799092 ], [ 1633287.110787322046235, 98440.828321105000214 ], [ 1633200.009692747145891, 98182.199411583569599 ], [ 1632608.085562228923663, 97199.303313600350521 ], [ 1631664.723275343887508, 97823.165887019669753 ], [ 1631520.018271963577718, 98902.433298952906625 ], [ 1631628.565053360769525, 99237.340473010350252 ], [ 1631724.538816396612674, 99644.901846908236621 ], [ 1631772.582997146295384, 100205.403462405578466 ], [ 1631194.200926545774564, 100853.555504284071503 ], [ 1631317.771470850100741, 101551.356089277804131 ], [ 1630996.581169349141419, 102610.677404166723136 ], [ 1631291.141383234411478, 102931.747856723784935 ] ] ] ] } },
{ "type": "Feature", "properties": { "GEOID": "15003008012", "NAME": "Census Tract 80.12; Honolulu County; Hawaii", "variable": "median_income", "median_income": 105000.0, "income_moe": 15307.0, "tract_area_m2": 8595738.5214841049, "solar_area_m2": 87712.796836945228, "solar_polygon_count": 262, "solar_fraction": 0.010204218825144195, "solar_percent": 1.0204218825144196, "residential_solar_m2": 87712.796836945228, "residential_polygon_count": 262, "residential_solar_percent": 1.0204218825144196 }, "geometry": { "type": "MultiPolygon", "coordinates": [ [ [ [ 1651799.203904897207394, 85651.957921915542101 ], [ 1652072.222892992896959, 86331.672294924894231 ], [ 1652823.244856621837243, 88198.624546646955423 ], [ 1653006.145961769158021, 88660.36850765926647 ], [ 1653798.46836888929829, 88342.347036344654043 ], [ 1654051.590059645939618, 88193.83848326918087 ], [ 1654379.9559793821536, 87794.339385661485721 ], [ 1655021.421800749842077, 86896.173756618940388 ], [ 1655491.259104193421081, 86701.961274814879289 ], [ 1655035.44337791739963, 86624.460602590930648 ], [ 1654217.550646044546738, 85720.09399911366927 ], [ 1654317.769035966135561, 84934.030048267857637 ], [ 1653497.68152146670036, 84501.546212852714234 ], [ 1652965.104435000335798, 83813.045170040728408 ], [ 1652675.414048057515174, 84616.140633823990356 ], [ 1652386.804108534008265, 85190.748950108638383 ], [ 1651737.322314687538892, 85501.919287984419498 ], [ 1651799.203904897207394, 85651.957921915542101 ] ] ] ] } },
{ "type": "Feature", "properties": { "GEOID": "15003004102", "NAME": "Census Tract 41.02; Honolulu County; Hawaii", "variable": "median_income", "median_income": 51406.0, "income_moe": 10691.0, "tract_area_m2": 5520668.8061991306, "solar_area_m2": 112792.89221767208, "solar_polygon_count": 48, "solar_fraction": 0.020431019533542299, "solar_percent": 2.0431019533542298, "residential_solar_m2": 47963.878903975987, "residential_polygon_count": 42, "residential_solar_percent": 0.86880558475302105 }, "geometry": { "type": "MultiPolygon", "coordinates": [ [ [ [ 1688842.166807683883235, 52171.692309523248696 ], [ 1690342.811635795747861, 53083.384517059450445 ], [ 1690564.815496131079271, 52645.869167446922802 ], [ 1691023.635663102380931, 51235.417521886796749 ], [ 1691112.635276253800839, 51072.036805684372666 ], [ 1691382.523388726636767, 50768.974565742129926 ], [ 1691921.649423748487607, 50495.231737091649848 ], [ 1691799.059472874505445, 50184.531366503812023 ], [ 1691669.001225941348821, 49850.575881669130467 ], [ 1691417.387476948322728, 49185.580115607081098 ], [ 1690314.056026723235846, 49596.837395806491259 ], [ 1689878.175486098509282, 49760.62515226767573 ], [ 1690093.925378321669996, 49838.197612861738889 ], [ 1690554.77103579393588, 50280.343808766680013 ], [ 1689516.955213182372972, 50923.435199352403288 ], [ 1688931.463936618063599, 51670.117960984971432 ], [ 1688697.608821477973834, 52048.418652059415763 ], [ 1688842.166807683883235, 52171.692309523248696 ] ] ] ] } },
{ "type": "Feature", "properties": { "GEOID": "15003004301", "NAME": "Census Tract 43.01; Honolulu County; Hawaii", "variable": "median_income", "median_income": 84509.0, "income_moe": 29851.0, "tract_area_m2": 10043283.966874002, "solar_area_m2": 54268.33646262309, "solar_polygon_count": 102, "solar_fraction": 0.0054034453911307907, "solar_percent": 0.54034453911307911, "residential_solar_m2": 54268.33646262309, "residential_polygon_count": 102, "residential_solar_percent": 0.54034453911307911 }, "geometry": { "type": "MultiPolygon", "coordinates": [ [ [ [ 1690844.288415314862505, 53360.65386001047591 ], [ 1691080.460997708374634, 53782.615608134372451 ], [ 1691567.044647523202002, 54318.152287968761811 ], [ 1692274.153226637048647, 54534.604788142692996 ], [ 1692492.147139745997265, 54731.70036508305202 ], [ 1692682.423667541705072, 54728.252851961238775 ], [ 1694162.429914668668061, 54360.647630868661508 ], [ 1694237.715876237722114, 54299.696191724135133 ], [ 1694710.092564126942307, 53702.61698891002743 ], [ 1694941.589337438112125, 53335.237302884313976 ], [ 1695024.707791403867304, 52938.647005998987879 ], [ 1695121.416124050505459, 52234.756790999977966 ], [ 1695114.406996565405279, 52098.165683047402126 ], [ 1695107.307506347540766, 52050.208759796274535 ], [ 1694169.085158000933006, 52134.262554448090668 ], [ 1693200.648510622559115, 51792.931277390554897 ], [ 1692545.072322379332036, 51407.240192300254421 ], [ 1692301.95393592887558, 51480.745380354448571 ], [ 1692006.726214285474271, 51583.9884616765994 ], [ 1691674.701019827509299, 51724.250014992911019 ], [ 1691455.008604134432971, 51865.346836140910455 ], [ 1691077.352898553945124, 52387.712982514887699 ], [ 1690809.09468582784757, 52777.959594913612818 ], [ 1690844.288415314862505, 53360.65386001047591 ] ] ] ] } },
{ "type": "Feature", "properties": { "GEOID": "15003009511", "NAME": "Census Tract 95.11; Honolulu County; Hawaii", "variable": "median_income", "median_income": 80030.0, "income_moe": 9500.0, "tract_area_m2": 10148476.654579185, "solar_area_m2": 91029.172091037923, "solar_polygon_count": 212, "solar_fraction": 0.0089697375467641081, "solar_percent": 0.89697375467641083, "residential_solar_m2": 91029.172091037923, "residential_polygon_count": 212, "residential_solar_percent": 0.89697375467641083 }, "geometry": { "type": "MultiPolygon", "coordinates": [ [ [ [ 1615331.180671899579465, 118131.717864415040822 ], [ 1615591.936438073404133, 118118.51804568542866 ], [ 1617461.555136545328423, 118322.194435747718671 ], [ 1617489.432155600283295, 118320.002835411869455 ], [ 1617466.122232964029536, 117876.106849621864967 ], [ 1617399.965233777882531, 117411.160281575095723 ], [ 1617772.942416480276734, 117453.501775324635673 ], [ 1620357.992822648724541, 117021.998615081654862 ], [ 1621188.902324982453138, 116994.447053031050018 ], [ 1621238.59296428412199, 115255.859145654976601 ], [ 1621037.133754493435845, 114755.357875338624581 ], [ 1619514.832158541539684, 115287.385824669996509 ], [ 1617411.359490570612252, 116243.632085780496709 ], [ 1616466.349752898560837, 116594.960092431108933 ], [ 1615486.195483445189893, 116650.626341614217381 ], [ 1615445.596250402973965, 117074.571910167156602 ], [ 1615331.180671899579465, 118131.717864415040822 ] ] ] ] } },
{ "type": "Feature", "properties": { "GEOID": "15003010205", "NAME": "Census Tract 102.05; Honolulu County; Hawaii", "variable": "median_income", "median_income": 114412.0, "income_moe": 40686.0, "tract_area_m2": 333912429.84974706, "solar_area_m2": 20609.175800119083, "solar_polygon_count": 57, "solar_fraction": 6.1720301365818394e-05, "solar_percent": 0.0061720301365818398, "residential_solar_m2": 20609.175800119083, "residential_polygon_count": 57, "residential_solar_percent": 0.0061720301365818398 }, "geometry": { "type": "MultiPolygon", "coordinates": [ [ [ [ 1668645.123880489030853, 129856.871940979835927 ], [ 1670017.377113436814398, 130948.86312691407511 ], [ 1670554.581077874172479, 131247.041651653940789 ], [ 1671475.553197710774839, 131481.151210021722363 ], [ 1672561.577070196159184, 131924.253204628534149 ], [ 1673037.19910868559964, 132284.901175137114478 ], [ 1674863.003597039263695, 135000.364208276645513 ], [ 1675109.987887782976031, 135673.290642779000336 ], [ 1675739.133919958723709, 136608.385238599090371 ], [ 1675830.711012692190707, 137393.82419348746771 ], [ 1676233.194983631139621, 137752.636688985017827 ], [ 1677744.833590817637742, 141640.977091908775037 ], [ 1678322.65090624592267, 142433.668669476668583 ], [ 1678445.281818903051317, 142969.209575747488998 ], [ 1680678.335353834787384, 144165.276303319114959 ], [ 1681473.696303818142042, 144777.626068435463822 ], [ 1682063.864214944886044, 144441.70280230458593 ], [ 1682176.833206182345748, 144248.171160059137037 ], [ 1682872.001407851465046, 144223.502317931997823 ], [ 1682875.358445960329846, 143978.456801260384964 ], [ 1682238.111202651867643, 141953.47144974549883 ], [ 1683415.295540289953351, 141076.037997491715942 ], [ 1684963.099061998305842, 141429.567222588055301 ], [ 1684979.573257766664028, 141433.330313921935158 ], [ 1686585.723980234237388, 142875.2148099776241 ], [ 1686683.154800259042531, 142962.685192722448846 ], [ 1689739.015243843663484, 142002.061064609239111 ], [ 1691142.035140040330589, 141057.804956312931608 ], [ 1692520.163830578094348, 139211.936399688362144 ], [ 1692536.184167077532038, 137434.857937208696967 ], [ 1692797.583622597856447, 137259.926848707575118 ], [ 1694153.626505543012172, 136352.488843548781006 ], [ 1695316.998593933880329, 133907.011654872010695 ], [ 1694546.75318006798625, 133112.564437247026945 ], [ 1694058.142890051472932, 131629.584792374662356 ], [ 1693675.169845735887066, 130868.159754999913275 ], [ 1692135.401594905648381, 129513.11386603351275 ], [ 1691891.821588077349588, 129026.829529799098964 ], [ 1690325.148458677111194, 128344.576593855061219 ], [ 1689246.964190181577578, 127587.258413553441642 ], [ 1688043.549120829207823, 127330.42759516708611 ], [ 1687535.082648049341515, 126889.334987472291687 ], [ 1686539.201365028042346, 126788.199889273761073 ], [ 1685459.766170785529539, 127004.505005558487028 ], [ 1684758.461957538034767, 127469.61880828611902 ], [ 1683893.368432439630851, 125813.511303607810987 ], [ 1683921.031717602862045, 124825.820715098336223 ], [ 1683663.491071530617774, 125084.253927805257263 ], [ 1682953.898329344578087, 125275.847242763804388 ], [ 1682469.122871554456651, 125747.340356551503646 ], [ 1681657.742203639121726, 126148.8367076850991 ], [ 1680059.340864137979224, 125788.352080869444762 ], [ 1679255.288055057637393, 125492.061707217784715 ], [ 1678186.352508239913732, 124333.934422689635539 ], [ 1677379.616792867425829, 122961.322729232851998 ], [ 1676713.07027809182182, 122335.687885685270885 ], [ 1675689.247563150711358, 121663.325647295598174 ], [ 1675497.197523087030277, 121626.872255919268355 ], [ 1673986.765501188347116, 121650.235239381465362 ], [ 1672048.255386415170506, 124087.991788087005261 ], [ 1671877.544776516035199, 124191.783589639642742 ], [ 1671954.30259474250488, 124879.122501943114912 ], [ 1671165.528004141291603, 125689.099706597029581 ], [ 1670594.65387500775978, 125925.983012884127675 ], [ 1669971.632045357488096, 127032.858493546751561 ], [ 1669546.252247688826174, 127288.723955958717852 ], [ 1668645.123880489030853, 129856.871940979835927 ] ] ] ] } },
{ "type": "Feature", "properties": { "GEOID": "15003008944", "NAME": "Census Tract 89.44; Honolulu County; Hawaii", "variable": "median_income", "median_income": 128224.0, "income_moe": 30517.0, "tract_area_m2": 6993246.0383939566, "solar_area_m2": 61998.663281345915, "solar_polygon_count": 219, "solar_fraction": 0.0088655057953007897, "solar_percent": 0.88655057953007899, "residential_solar_m2": 61998.663281345915, "residential_polygon_count": 219, "residential_solar_percent": 0.88655057953007899 }, "geometry": { "type": "MultiPolygon", "coordinates": [ [ [ [ 1635437.488645017379895, 112067.197939737830893 ], [ 1636593.223831386538222, 112408.930906835768837 ], [ 1637055.32829451165162, 112839.363993044607923 ], [ 1638383.420714381383732, 113193.476183816601406 ], [ 1639145.017365296836942, 112332.523934153534356 ], [ 1639503.052440783474594, 112401.536165395227727 ], [ 1640109.293797579361126, 112163.230024934906396 ], [ 1640075.970391762442887, 111849.736054047345533 ], [ 1638274.516377156600356, 110662.64167898701271 ], [ 1637792.698642481584102, 110583.109145946393255 ], [ 1637536.313641919055954, 110460.703531652616221 ], [ 1637411.186518720816821, 110498.489567217926378 ], [ 1636687.659367739921436, 111153.131275487627136 ], [ 1635606.433788659283891, 111599.665608393333969 ], [ 1635246.369214709382504, 111747.546555642737076 ], [ 1635437.488645017379895, 112067.197939737830893 ] ] ] ] } },
{ "type": "Feature", "properties": { "GEOID": "15003003411", "NAME": "Census Tract 34.11; Honolulu County; Hawaii", "variable": "median_income", "median_income": 103246.0, "income_moe": 14049.0, "tract_area_m2": 626092.23065410915, "solar_area_m2": 11117.673545681057, "solar_polygon_count": 14, "solar_fraction": 0.017757245660221466, "solar_percent": 1.7757245660221466, "residential_solar_m2": 11117.673545681057, "residential_polygon_count": 14, "residential_solar_percent": 1.7757245660221466 }, "geometry": { "type": "MultiPolygon", "coordinates": [ [ [ [ 1692301.95393592887558, 51480.745380354448571 ], [ 1692545.072322379332036, 51407.240192300254421 ], [ 1693200.648510622559115, 51792.931277390554897 ], [ 1693046.75605664937757, 51130.929474745797052 ], [ 1693099.368645943002775, 50937.002928174333647 ], [ 1692552.164483808912337, 50764.28579674653156 ], [ 1692091.424619957106188, 50940.745407639551559 ], [ 1692301.95393592887558, 51480.745380354448571 ] ] ] ] } },
{ "type": "Feature", "properties": { "GEOID": "15003008001", "NAME": "Census Tract 80.01; Honolulu County; Hawaii", "variable": "median_income", "median_income": 46739.0, "income_moe": 26574.0, "tract_area_m2": 20372379.110616077, "solar_area_m2": 113526.83108628888, "solar_polygon_count": 91, "solar_fraction": 0.0055725858266170731, "solar_percent": 0.55725858266170736, "residential_solar_m2": 79443.806016075978, "residential_polygon_count": 87, "residential_solar_percent": 0.38995841175308626 }, "geometry": { "type": "MultiPolygon", "coordinates": [ [ [ [ 1645992.772620019037277, 84121.357974281330826 ], [ 1649112.515385871753097, 83068.327747405754053 ], [ 1650540.095264499075711, 82534.590650924219517 ], [ 1652244.650531837018207, 81917.039872142820968 ], [ 1656656.090834204806015, 79768.078211807835032 ], [ 1656303.487992563750595, 79073.787840305289137 ], [ 1656242.558595508337021, 78022.503873034846038 ], [ 1655199.356511735590175, 75743.49516545663937 ], [ 1654561.954638909781352, 76197.393695458144066 ], [ 1653648.121011696057394, 77326.525201381853549 ], [ 1653384.5951903834939, 78080.218729653774062 ], [ 1653265.215548644308001, 79322.528935669091879 ], [ 1652731.096600913209841, 80658.826371039423975 ], [ 1651941.025633062468842, 81081.481644790852442 ], [ 1650557.025147768901661, 81164.750317563724821 ], [ 1649890.931701350724325, 80929.600637744893902 ], [ 1649912.355148581555113, 80985.909314570293645 ], [ 1649731.727674046065658, 80838.395085024312721 ], [ 1648173.896650664042681, 80774.576273819373455 ], [ 1648144.291373860556632, 80820.342395581319579 ], [ 1648935.285361481131986, 80845.527359468629584 ], [ 1649147.546872518258169, 81041.720525845361408 ], [ 1649013.087217858526856, 81511.753661178358016 ], [ 1647867.829653459368274, 82310.747898210131098 ], [ 1647804.842112775892019, 82670.000744417804526 ], [ 1647795.586617582477629, 83177.106900706552551 ], [ 1646256.138026998145506, 83609.919442880811403 ], [ 1645564.46341615752317, 84183.795295166550204 ], [ 1645992.772620019037277, 84121.357974281330826 ] ] ] ] } },
{ "type": "Feature", "properties": { "GEOID": "15003010904", "NAME": "Census Tract 109.04; Honolulu County; Hawaii", "variable": "median_income", "median_income": 138250.0, "income_moe": 24221.0, "tract_area_m2": 10468205.702951515, "solar_area_m2": 156795.34436760808, "solar_polygon_count": 579, "solar_fraction": 0.014978244487820827, "solar_percent": 1.4978244487820827, "residential_solar_m2": 156795.34436760808, "residential_polygon_count": 579, "residential_solar_percent": 1.4978244487820827 }, "geometry": { "type": "MultiPolygon", "coordinates": [ [ [ [ 1723991.002194204134867, 88152.886193077079952 ], [ 1725645.709710836410522, 90424.434374966702308 ], [ 1726225.332268652739003, 91908.198362542389077 ], [ 1726865.906553670763969, 89550.572288036331884 ], [ 1727021.697304121451452, 89133.43698397053231 ], [ 1726326.67485288111493, 88751.252493676598533 ], [ 1726541.826227696845308, 88437.74103981074586 ], [ 1726802.800992775941268, 87977.183609101120965 ], [ 1727361.647378045134246, 86967.496857572186855 ], [ 1727714.098677876638249, 86327.278478397536674 ], [ 1727161.111578259151429, 86025.233718696108554 ], [ 1725913.010990243405104, 85364.265259258521837 ], [ 1725323.061052962206304, 86473.450654009939171 ], [ 1725024.522746295202523, 87028.403452178579755 ], [ 1724693.954616085393354, 87621.08657153310196 ], [ 1724207.942577383713797, 87992.664646921883104 ], [ 1723991.002194204134867, 88152.886193077079952 ] ] ] ] } },
{ "type": "Feature", "properties": { "GEOID": "15003010505", "NAME": "Census Tract 105.05; Honolulu County; Hawaii", "variable": "median_income", "median_income": 178235.0, "income_moe": 52105.0, "tract_area_m2": 28004609.276206978, "solar_area_m2": 199518.92504441296, "solar_polygon_count": 538, "solar_fraction": 0.0071245030800671239, "solar_percent": 0.71245030800671239, "residential_solar_m2": 191401.69552291982, "residential_polygon_count": 537, "residential_solar_percent": 0.68346497405174222 }, "geometry": { "type": "MultiPolygon", "coordinates": [ [ [ [ 1711543.737182467011735, 97403.096455642211367 ], [ 1711928.231144536053762, 97531.115539279315271 ], [ 1712239.225065319798887, 97937.296827094076434 ], [ 1712786.956780179170892, 97820.703896773033193 ], [ 1712949.134721119422466, 96860.097087248999742 ], [ 1712510.023060919018462, 96122.80720932764234 ], [ 1711693.524145077681169, 96281.90807123738341 ], [ 1711660.840207248926163, 96815.495555622750544 ], [ 1711543.737182467011735, 97403.096455642211367 ] ] ], [ [ [ 1702645.899362820433453, 97282.991996475655469 ], [ 1704461.098260008264333, 98394.904148902001907 ], [ 1704867.911782482173294, 98635.873351239119074 ], [ 1705197.587410899344832, 99100.157670768530807 ], [ 1705988.149431762285531, 99258.919803061391576 ], [ 1706678.246281373081729, 97567.561326749375439 ], [ 1706649.46652522822842, 97351.546016566382605 ], [ 1706533.98652722267434, 96484.79399626464874 ], [ 1706433.936654976569116, 95733.879139181153732 ], [ 1707899.479676498332992, 94690.247807342559099 ], [ 1709551.365335389738902, 93993.085462282208027 ], [ 1710009.574285125359893, 95258.193334927753313 ], [ 1710116.308551889611408, 95261.051327083579963 ], [ 1710940.032145245233551, 95283.115128314762842 ], [ 1710940.844524803804234, 94994.235751626489218 ], [ 1710545.535252952715382, 95056.922031797119416 ], [ 1710451.136070118984208, 94160.995902317794389 ], [ 1709223.502766791498289, 93182.226329456520034 ], [ 1708566.669902340974659, 93203.178984575919458 ], [ 1706999.435578468255699, 92834.670082051714417 ], [ 1705800.671711115865037, 92092.499244683611323 ], [ 1704655.427521504694596, 91226.185151169192977 ], [ 1703863.525992519455031, 90967.32301266748982 ], [ 1703579.660366046242416, 91406.168079949653475 ], [ 1703564.321026655845344, 91433.757716291351244 ], [ 1703689.698199037695304, 91836.762005046766717 ], [ 1704876.300511835375801, 93383.12940290789993 ], [ 1704330.732248882763088, 94794.104299308048212 ], [ 1703572.142073622206226, 95171.355275103385793 ], [ 1702631.058104127179831, 96010.834860989038134 ], [ 1702645.899362820433453, 97282.991996475655469 ] ] ] ] } },
{ "type": "Feature", "properties": { "GEOID": "15003000302", "NAME": "Census Tract 3.02; Honolulu County; Hawaii", "variable": "median_income", "median_income": 176964.0, "income_moe": 33177.0, "tract_area_m2": 18978185.393259849, "solar_area_m2": 147775.09600542329, "solar_polygon_count": 440, "solar_fraction": 0.0077865766901985259, "solar_percent": 0.77865766901985256, "residential_solar_m2": 147775.09600542329, "residential_polygon_count": 440, "residential_solar_percent": 0.77865766901985256 }, "geometry": { "type": "MultiPolygon", "coordinates": [ [ [ [ 1721419.271008902462199, 47235.449636474870204 ], [ 1721817.721087877871469, 47812.903283639680012 ], [ 1723089.456888061948121, 47214.746362785735982 ], [ 1723038.199728386010975, 48003.660635333646496 ], [ 1722736.011152512393892, 48598.210799028638576 ], [ 1723187.050157919758931, 49936.41545862233761 ], [ 1723123.960506170755252, 50672.639844745208393 ], [ 1723673.424404328223318, 51303.013603040533781 ], [ 1723947.973533924901858, 51185.744906812884437 ], [ 1723665.015912356553599, 50579.029434570707963 ], [ 1723355.247431487776339, 49254.11556731723249 ], [ 1723423.023782378295437, 48351.890696139285865 ], [ 1723768.376655094325542, 46492.1888734889435 ], [ 1723355.087082060985267, 44949.162758942533401 ], [ 1723591.198852211236954, 43951.299804994887381 ], [ 1724238.817080361302942, 43027.819412698605447 ], [ 1725255.392666721949354, 40675.152567833858484 ], [ 1725696.815849494654685, 40782.285050671976933 ], [ 1727470.99016846739687, 41218.856853297904308 ], [ 1729310.71547893085517, 41528.819557139489916 ], [ 1729660.211982532171533, 41627.477945253354846 ], [ 1729550.923932794481516, 41129.714969888867927 ], [ 1727710.811613956931978, 41138.239690003079886 ], [ 1723992.551256826613098, 39817.343818005727371 ], [ 1723546.358011354226619, 38604.104963533260161 ], [ 1722575.650586169445887, 39038.519507519129547 ], [ 1722297.821832998888567, 39705.759255315337214 ], [ 1722234.696258787298575, 40019.515929724009766 ], [ 1722103.324589674826711, 40881.321671539240924 ], [ 1723007.370001322589815, 41484.617915449758584 ], [ 1721658.835876758443192, 46400.321987516894296 ], [ 1721692.164796046679839, 46872.605595086090034 ], [ 1721419.271008902462199, 47235.449636474870204 ] ] ] ] } },
{ "type": "Feature", "properties": { "GEOID": "15003011300", "NAME": "Census Tract 113; Honolulu County; Hawaii", "variable": "median_income", "median_income": 116581.0, "income_moe": 27596.0, "tract_area_m2": 163228779.51946774, "solar_area_m2": 436299.93931211752, "solar_polygon_count": 570, "solar_fraction": 0.0026729351318839061, "solar_percent": 0.26729351318839062, "residential_solar_m2": 252382.56018780006, "residential_polygon_count": 558, "residential_solar_percent": 0.15461891029927063 }, "geometry": { "type": "MultiPolygon", "coordinates": [ [ [ [ 1722424.013448654441163, 60066.85507826776302 ], [ 1723379.200470940675586, 61718.606493970910378 ], [ 1723846.3620804999955, 63109.884622024415876 ], [ 1724743.207296617794782, 63494.88952109382808 ], [ 1725217.098194629885256, 64472.439922195204417 ], [ 1725432.117237550206482, 64727.425076213090506 ], [ 1725682.862713860115036, 65199.333501985245675 ], [ 1726939.166673257946968, 68028.956746076015406 ], [ 1726959.31284058955498, 68618.195885747496504 ], [ 1728396.00095158116892, 69470.927874917164445 ], [ 1729726.3952783041168, 69351.438784310608753 ], [ 1730008.763354577124119, 70005.414812521106796 ], [ 1730697.603180101606995, 70148.606711258384166 ], [ 1732385.727996191708371, 68386.400701797494548 ], [ 1732733.384043565485626, 69250.104393968416844 ], [ 1734314.405538351507857, 70206.411758863527211 ], [ 1735083.565011411439627, 69372.99459912943712 ], [ 1734863.095797291491181, 68578.881964634390897 ], [ 1734776.319387029623613, 66841.256846838019555 ], [ 1735217.841991949593648, 66375.610995278635528 ], [ 1736398.21232170634903, 66658.876482276144088 ], [ 1737465.293315561488271, 65978.233979200187605 ], [ 1738771.300154522992671, 65670.755443207468488 ], [ 1738607.581598099321127, 65314.097019339293183 ], [ 1739702.163472658256069, 62861.930558263607963 ], [ 1739671.280165505595505, 62631.203393615694949 ], [ 1739557.803783603711054, 61789.683886104125122 ], [ 1739876.997547952458262, 61263.912086449949129 ], [ 1739918.072546263691038, 60587.962259971733147 ], [ 1738662.179445532616228, 60407.648574357219331 ], [ 1738357.994130671722814, 59428.834616187035863 ], [ 1737530.769274918595329, 57827.173537950591708 ], [ 1737506.645597928203642, 56487.794301009809715 ], [ 1737549.509250988485292, 56312.781164880012511 ], [ 1737536.772195192519575, 54699.889456546443398 ], [ 1737440.088731945026666, 54707.706202352834225 ], [ 1736793.293669967213646, 54743.229455818494898 ], [ 1736077.646894057979807, 55213.821370075078448 ], [ 1735260.604733308544382, 55285.385530610648857 ], [ 1734749.141108282841742, 55792.682242076502007 ], [ 1733725.419959655497223, 57280.251398317042913 ], [ 1733521.388851112453267, 57170.919222268428712 ], [ 1733113.324159082956612, 56952.257239107057103 ], [ 1731547.93459566985257, 56767.945234343613265 ], [ 1730662.605184621410444, 56984.403129473896115 ], [ 1729913.975036586401984, 56874.534393727095448 ], [ 1728715.984129561344162, 57219.460090603482968 ], [ 1728329.87611775030382, 57299.105787658278132 ], [ 1727955.555204548640177, 57456.510721854501753 ], [ 1726264.573248286964372, 57907.486252368726127 ], [ 1725781.511933855013922, 58388.758420108839346 ], [ 1724596.033773945644498, 58607.381740847078618 ], [ 1723534.919326964532956, 59624.664769932598574 ], [ 1722745.959317985922098, 59861.381294875922322 ], [ 1722424.013448654441163, 60066.85507826776302 ] ] ] ] } },
{ "type": "Feature", "properties": { "GEOID": "15003003603", "NAME": "Census Tract 36.03; Honolulu County; Hawaii", "variable": "median_income", "median_income": 51250.0, "income_moe": 11502.0, "tract_area_m2": 1739941.5707588252, "solar_area_m2": 15212.846010726968, "solar_polygon_count": 4, "solar_fraction": 0.0087433085492016407, "solar_percent": 0.87433085492016405, "residential_solar_m2": 7253.9728366866975, "residential_polygon_count": 3, "residential_solar_percent": 0.41690899042794222 }, "geometry": { "type": "MultiPolygon", "coordinates": [ [ [ [ 1694481.559057579608634, 47075.162399810447823 ], [ 1694803.783963074209169, 47907.704155138068018 ], [ 1695557.094800765858963, 47624.043959254362562 ], [ 1695937.494736154796556, 47485.309346923779231 ], [ 1695938.363559688907117, 46974.210911419169861 ], [ 1695959.470075682504103, 46316.015380628195999 ], [ 1695659.957935115555301, 46247.414632109903323 ], [ 1695217.873609821312129, 46442.755953206171398 ], [ 1694385.117955470923334, 46835.317386033057119 ], [ 1694481.559057579608634, 47075.162399810447823 ] ] ] ] } },
{ "type": "Feature", "properties": { "GEOID": "15003007702", "NAME": "Census Tract 77.02; Honolulu County; Hawaii", "variable": "median_income", "median_income": 142159.0, "income_moe": 14097.0, "tract_area_m2": 67040303.583349772, "solar_area_m2": 282671.77805835364, "solar_polygon_count": 865, "solar_fraction": 0.0042164453761298062, "solar_percent": 0.4216445376129806, "residential_solar_m2": 274494.73528421629, "residential_polygon_count": 864, "residential_solar_percent": 0.4094473333387324 }, "geometry": { "type": "MultiPolygon", "coordinates": [ [ [ [ 1661699.94474059343338, 78720.035027677586186 ], [ 1662010.517471238970757, 78856.744262267180602 ], [ 1662390.849724098108709, 78957.521475126006408 ], [ 1662556.205075745470822, 78944.512435094147804 ], [ 1662755.091288979165256, 79294.411882834931021 ], [ 1663009.18278924212791, 79426.744304695705068 ], [ 1663062.575216030236334, 79480.1657159186434 ], [ 1663549.223696048837155, 79966.775638413048 ], [ 1663875.095928861293942, 80875.061187825092929 ], [ 1665033.263046476291493, 81443.716828838762012 ], [ 1666517.417759542586282, 81820.029424572174321 ], [ 1666901.536429679719731, 81772.268398652333417 ], [ 1667384.576199365314096, 82557.873131564294454 ], [ 1667893.622880164301023, 83020.559634244971676 ], [ 1668323.671730463393033, 82952.853298521746183 ], [ 1668597.571888482198119, 83525.128194679113221 ], [ 1669537.823854596586898, 83623.34878901366028 ], [ 1670145.898588918149471, 83977.496954452464706 ], [ 1671100.125772816129029, 84009.639919643974281 ], [ 1671636.98549044621177, 84535.222130843932973 ], [ 1671877.972026848001406, 84889.903453616949264 ], [ 1672362.049819642445073, 84907.990401181217749 ], [ 1672542.140450606122613, 85256.099760176657583 ], [ 1674254.121840914711356, 86072.671765550476266 ], [ 1675371.138459829380736, 86284.807534713152563 ], [ 1676284.901887557236478, 86731.858083334736875 ], [ 1676793.104591752402484, 86764.168580022043898 ], [ 1677234.737592292018235, 87136.811269979749341 ], [ 1677368.085553274489939, 87629.118825262601604 ], [ 1678935.819263343466446, 88262.660220371748437 ], [ 1679392.077021170640364, 88135.124228296335787 ], [ 1679973.974250079831108, 88311.732695332975709 ], [ 1680716.845489131985232, 87932.68274574939278 ], [ 1681230.681125135859475, 88143.036656219395809 ], [ 1681338.181732122786343, 88577.213323036790825 ], [ 1681862.292616601800546, 88685.868772778310813 ], [ 1682028.034232125617564, 89018.016406137438025 ], [ 1682858.081614411203191, 88955.099489785192418 ], [ 1682817.650110187241808, 89323.048782847123221 ], [ 1683206.001172735355794, 89039.290049318631645 ], [ 1683907.909041775390506, 89270.163507690784172 ], [ 1684285.793236869620159, 89726.726194941962603 ], [ 1684555.971654526656494, 89614.70182251179358 ], [ 1684955.177378993481398, 90191.525799255672609 ], [ 1685354.987716039642692, 90443.962849558884045 ], [ 1685322.621156335575506, 90909.997342907852726 ], [ 1685846.537969535216689, 91210.492990560553153 ], [ 1686080.163118326338008, 91674.937962943105958 ], [ 1686656.054269476328045, 91647.462848592709634 ], [ 1686925.936789523111656, 91869.648945957873366 ], [ 1687278.79010088252835, 91342.141524503967958 ], [ 1688405.246869413182139, 91091.040396503405645 ], [ 1689745.051775089465082, 91508.557407927888562 ], [ 1690808.487714332295582, 91004.983270251861541 ], [ 1690253.479149078018963, 90879.500838068459416 ], [ 1689392.35285498178564, 90359.605863618082367 ], [ 1688271.306139791151509, 90244.88882650990854 ], [ 1687203.500009916489944, 90311.871693792578299 ], [ 1686029.911667252425104, 89579.25171280388895 ], [ 1685656.096733123995364, 89555.321764087595511 ], [ 1685023.318621223326772, 88838.442221502569737 ], [ 1684131.351741642924026, 88076.676766984397545 ], [ 1682532.889042006572708, 87656.917766306811245 ], [ 1680299.097117330180481, 86593.03415057255188 ], [ 1679564.561402790946886, 85788.962696442060405 ], [ 1678968.770076477201656, 85498.285804130282486 ], [ 1678590.364467456704006, 85665.839434918743791 ], [ 1677950.661377868615091, 85405.293031199078541 ], [ 1677432.908494657604024, 84900.365839878184488 ], [ 1677407.299151572398841, 84546.534496841748478 ], [ 1676949.503466359805316, 84398.010087331043906 ], [ 1676835.85144541808404, 83939.863854661802179 ], [ 1675274.863406806252897, 82641.627973287046188 ], [ 1674438.65592037467286, 82622.926121426033205 ], [ 1673847.103127526352182, 82525.926144254262908 ], [ 1673218.187059016432613, 82329.013858412086847 ], [ 1672642.955426788888872, 81673.346722706337459 ], [ 1671398.823809019988403, 81063.06452141245245 ], [ 1670734.859698344720528, 80230.823813571667415 ], [ 1669990.694459503516555, 79810.481215069725295 ], [ 1669419.16725624166429, 79729.161664230108727 ], [ 1668553.021628647577018, 79618.268502707986045 ], [ 1667872.528956815367565, 79049.780126195459161 ], [ 1667818.642333810450509, 78641.451248500379734 ], [ 1666213.530713279964402, 78463.383156981799402 ], [ 1665909.037386557087302, 79151.60963746291236 ], [ 1667103.717167702736333, 80215.447074712152244 ], [ 1665276.488279481418431, 79303.516568147868384 ], [ 1663811.468703665304929, 78559.267825659568189 ], [ 1663021.736878665396944, 77898.16337200300768 ], [ 1662702.254046448972076, 77907.837205205272767 ], [ 1662173.493268242105842, 78003.156055949337315 ], [ 1661884.178868418559432, 78294.371312676230446 ], [ 1661699.94474059343338, 78720.035027677586186 ] ] ] ] } },
{ "type": "Feature", "properties": { "GEOID": "15003008301", "NAME": "Census Tract 83.01; Honolulu County; Hawaii", "variable": "median_income", "median_income": 109561.0, "income_moe": 10939.0, "tract_area_m2": 178551576.52165669, "solar_area_m2": 1097213.2365017403, "solar_polygon_count": 300, "solar_fraction": 0.0061450772817380206, "solar_percent": 0.61450772817380206, "residential_solar_m2": 124461.75116050235, "residential_polygon_count": 293, "residential_solar_percent": 0.069706330005664369 }, "geometry": { "type": "MultiPolygon", "coordinates": [ [ [ [ 1633134.697363443439826, 68136.453707863533054 ], [ 1633297.536007904913276, 69472.849868814402726 ], [ 1633324.42864011740312, 69548.403521528758574 ], [ 1637914.563577895285562, 69950.84297627324122 ], [ 1639479.502336326753721, 68571.147090330778155 ], [ 1641929.600116204237565, 68752.78814006637549 ], [ 1643256.473373531131074, 67263.857056889872183 ], [ 1646557.466219620546326, 66574.311534488151665 ], [ 1648769.520475514000282, 63922.846589646294888 ], [ 1650369.682869830867276, 62252.14633563454845 ], [ 1650233.822771032806486, 60762.775996345044405 ], [ 1650605.08817010675557, 59221.555293892080954 ], [ 1650731.434162796474993, 58696.343597804589081 ], [ 1650547.321076566586271, 58731.150572131133231 ], [ 1650466.693494820268825, 56720.52174814495811 ], [ 1647798.557367297122255, 54220.172672563152446 ], [ 1646705.247787373606116, 54208.772506109969981 ], [ 1643736.536199575290084, 53507.550681066139077 ], [ 1643510.761300999205559, 54024.323381457732467 ], [ 1639301.546584905358031, 53029.293177811996429 ], [ 1638865.224901377456263, 55078.783172672679939 ], [ 1639522.166558951605111, 55833.973638093259069 ], [ 1642159.959027748554945, 58847.916315667171148 ], [ 1640847.205160313285887, 59985.603271050524199 ], [ 1640616.450152666307986, 59987.418188006275159 ], [ 1638718.686176720540971, 60260.61226934507431 ], [ 1638311.298681652871892, 60395.757493173594412 ], [ 1637012.580091321375221, 60933.441346932464512 ], [ 1636077.376981644658372, 61586.277918389023398 ], [ 1635315.086363508133218, 62248.558852483547525 ], [ 1634905.033974380465224, 62715.018916015644209 ], [ 1634498.736206529662013, 63216.717525765066966 ], [ 1633496.376819310244173, 65085.059292308724253 ], [ 1633261.674894407624379, 65945.278916398194269 ], [ 1633147.093194427900016, 66699.412758695980301 ], [ 1633134.697363443439826, 68136.453707863533054 ] ] ] ] } },
{ "type": "Feature", "properties": { "GEOID": "15003008408", "NAME": "Census Tract 84.08; Honolulu County; Hawaii", "variable": "median_income", "median_income": 149041.0, "income_moe": 8553.0, "tract_area_m2": 42709649.773481622, "solar_area_m2": 533086.99763468793, "solar_polygon_count": 1641, "solar_fraction": 0.01248165228378157, "solar_percent": 1.248165228378157, "residential_solar_m2": 533086.99763468793, "residential_polygon_count": 1641, "residential_solar_percent": 1.248165228378157 }, "geometry": { "type": "MultiPolygon", "coordinates": [ [ [ [ 1625129.143257042160258, 53408.153710991136904 ], [ 1628812.872736953664571, 55193.351065359594941 ], [ 1628862.920998576330021, 55252.913954096569796 ], [ 1628842.876236880896613, 55426.553797526328708 ], [ 1630444.12540024286136, 56084.448933574502007 ], [ 1631794.118810936110094, 56584.416119651374174 ], [ 1634186.009579168166965, 57645.151001504527812 ], [ 1634609.345071600517258, 56960.00565606278542 ], [ 1634756.695336104603484, 56693.361203230342653 ], [ 1634055.825879242504016, 56248.816459942980146 ], [ 1633416.008652726421133, 54246.275864686977002 ], [ 1633256.331525306683034, 53965.501561485390994 ], [ 1632520.998337356839329, 53272.879373254996608 ], [ 1633639.045931412838399, 52235.273416413103405 ], [ 1632779.410506421467289, 51279.668201134707488 ], [ 1633028.552628199569881, 51046.787708685871621 ], [ 1633053.601263783872128, 50990.290323520974198 ], [ 1631161.796233608387411, 50630.425159517173597 ], [ 1631058.51737063145265, 50610.781185110652586 ], [ 1631034.088307550409809, 50606.134729357509059 ], [ 1629351.01815460738726, 50286.040197844908107 ], [ 1625325.21433375403285, 49802.440667709975969 ], [ 1625318.940917627885938, 49799.449321384774521 ], [ 1625129.143257042160258, 53408.153710991136904 ] ] ] ] } },
{ "type": "Feature", "properties": { "GEOID": "15003011500", "NAME": "Census Tract 115; Honolulu County; Hawaii", "variable": "median_income", "median_income": 121959.0, "income_moe": 12966.0, "tract_area_m2": 47081069.86939615, "solar_area_m2": 523062.42659429356, "solar_polygon_count": 1034, "solar_fraction": 0.011109824565271762, "solar_percent": 1.1109824565271762, "residential_solar_m2": 428940.06800160208, "residential_polygon_count": 1026, "residential_solar_percent": 0.91106695151892381 }, "geometry": { "type": "MultiPolygon", "coordinates": [ [ [ [ 1609777.595955542288721, 58735.678565173649986 ], [ 1609943.781499036587775, 60095.61093483329023 ], [ 1610856.015855413628742, 60287.988617906492436 ], [ 1611837.369185884483159, 61185.786533023667289 ], [ 1613518.654068903299049, 63236.582513091045257 ], [ 1613983.087379061151296, 63699.138847709662514 ], [ 1615017.722876650514081, 62373.845978784243925 ], [ 1615221.153103368356824, 62186.310214168152015 ], [ 1615670.458427121397108, 61591.815285220582155 ], [ 1615580.527397432597354, 60680.086455213626323 ], [ 1616194.787056242115796, 60550.486552169139031 ], [ 1616544.688550505554304, 60614.625726795871742 ], [ 1617638.580098825972527, 61484.872177152123186 ], [ 1618140.990406844997779, 61659.02347670236486 ], [ 1618517.752496627159417, 61683.206299616598699 ], [ 1619235.771613287739456, 61455.520014102228743 ], [ 1619833.130189386662096, 60741.854341435435344 ], [ 1620152.530167880933732, 60262.599324297836574 ], [ 1621218.743900017347187, 60969.10103990155767 ], [ 1621541.802897993242368, 61184.396528216719162 ], [ 1621897.529213065514341, 61392.417573423488648 ], [ 1623049.251173377037048, 61450.152796970614872 ], [ 1623108.101862762356177, 61364.405571562645491 ], [ 1623229.574211969505996, 61276.095510870967701 ], [ 1623856.424764384515584, 60002.689639910269761 ], [ 1622142.908775760559365, 59383.896858939173399 ], [ 1622089.469764129491523, 59372.290946762288513 ], [ 1617201.26117589045316, 57588.787510622387344 ], [ 1615750.390187131008133, 57050.365286462452787 ], [ 1614674.069773674942553, 56874.329359710791323 ], [ 1614072.328529400518164, 56929.473028877961042 ], [ 1610943.127304941648617, 57780.754489259525144 ], [ 1610230.181740858359262, 57977.671994600095786 ], [ 1609522.01120873587206, 58182.951126757398015 ], [ 1609777.595955542288721, 58735.678565173649986 ] ] ] ] } },
{ "type": "Feature", "properties": { "GEOID": "15003008411", "NAME": "Census Tract 84.11; Honolulu County; Hawaii", "variable": "median_income", "median_income": 120573.0, "income_moe": 20638.0, "tract_area_m2": 13969421.890945537, "solar_area_m2": 60818.136305921558, "solar_polygon_count": 179, "solar_fraction": 0.0043536616461803349, "solar_percent": 0.43536616461803351, "residential_solar_m2": 60818.136305921558, "residential_polygon_count": 179, "residential_solar_percent": 0.43536616461803351 }, "geometry": { "type": "MultiPolygon", "coordinates": [ [ [ [ 1625212.136240826454014, 60393.513452880775731 ], [ 1627044.62735502095893, 60707.603713124706701 ], [ 1628019.530604786006734, 61414.263442313589621 ], [ 1628940.745449520647526, 61044.991266500175698 ], [ 1629436.81161642447114, 61976.636317434364173 ], [ 1629903.703634367324412, 61740.790202864482126 ], [ 1630015.656603291863576, 61651.044380331077264 ], [ 1631211.395870103035122, 62457.978284257187624 ], [ 1632041.838959679706022, 62685.60298900242924 ], [ 1632198.299887317465618, 62094.562819188293361 ], [ 1632359.863103978103027, 61462.111395473984885 ], [ 1632574.499306210083887, 60665.098360729687556 ], [ 1630806.294917630031705, 59962.488180071057286 ], [ 1627570.995838864473626, 58699.76590011506778 ], [ 1626737.130280578043312, 58714.865606466024474 ], [ 1626517.648079913342372, 58894.733115974238899 ], [ 1626148.291183256078511, 59898.50300371706544 ], [ 1624019.45690016518347, 60022.618540455310722 ], [ 1625212.136240826454014, 60393.513452880775731 ] ] ] ] } },
{ "type": "Feature", "properties": { "GEOID": "15003003702", "NAME": "Census Tract 37.02; Honolulu County; Hawaii", "variable": "median_income", "median_income": 97283.0, "income_moe": 17906.0, "tract_area_m2": 2919429.5960773365, "solar_area_m2": 18465.989547540601, "solar_polygon_count": 7, "solar_fraction": 0.0063252046126929216, "solar_percent": 0.63252046126929218, "residential_solar_m2": 10460.630441070158, "residential_polygon_count": 6, "residential_solar_percent": 0.35831076231896408 }, "geometry": { "type": "MultiPolygon", "coordinates": [ [ [ [ 1689154.336735903285444, 46893.885357493498304 ], [ 1690021.816386700375006, 47564.157411790190963 ], [ 1690601.201431339839473, 47222.510056990184239 ], [ 1691064.739588424796239, 46634.109842999496323 ], [ 1691260.691046552266926, 46779.596738141408423 ], [ 1691642.389272507047281, 46344.780695655084855 ], [ 1692524.792194235604256, 45997.268575077512651 ], [ 1692351.591790014645085, 45560.469134114522603 ], [ 1691314.549455177271739, 45987.026775348895171 ], [ 1691193.480801434256136, 45852.871358927965048 ], [ 1690422.809542706934735, 46133.307155283066095 ], [ 1690136.684228397905827, 45937.610750421481498 ], [ 1689989.182614495744929, 46037.73258642910514 ], [ 1688911.522184255067259, 46613.596511876487057 ], [ 1689154.336735903285444, 46893.885357493498304 ] ] ] ] } },
{ "type": "Feature", "properties": { "GEOID": "15003010510", "NAME": "Census Tract 105.10; Honolulu County; Hawaii", "variable": "median_income", "median_income": 118792.0, "income_moe": 28869.0, "tract_area_m2": 9218169.0168736465, "solar_area_m2": 98738.031601796509, "solar_polygon_count": 283, "solar_fraction": 0.010711241182609996, "solar_percent": 1.0711241182609996, "residential_solar_m2": 91602.927812973809, "residential_polygon_count": 282, "residential_solar_percent": 0.9937215041869677 }, "geometry": { "type": "MultiPolygon", "coordinates": [ [ [ [ 1708225.551008420996368, 90227.639222852667444 ], [ 1709027.129345399327576, 90360.527119934617076 ], [ 1710718.998401697026566, 91185.514258236580645 ], [ 1710711.147678476525471, 91206.209783366299234 ], [ 1710873.771481258561835, 91182.085748145822436 ], [ 1711431.715656127547845, 91364.81892197408888 ], [ 1711842.274499459657818, 91366.093324793750071 ], [ 1712408.363049745326862, 91563.585935173061443 ], [ 1712396.350266905734316, 91386.817084955531755 ], [ 1712409.108729967847466, 91336.52761288775946 ], [ 1712802.277537237619981, 89786.838691502678557 ], [ 1713833.681582556338981, 89263.335362409838126 ], [ 1713963.224631828023121, 89253.465596800437197 ], [ 1713455.675118698971346, 88828.357014953595353 ], [ 1712232.537264460232109, 88755.135354313169955 ], [ 1711576.239414405543357, 89098.264357238062075 ], [ 1711054.237581614637747, 88984.960350395907881 ], [ 1710556.113839651923627, 88819.383324465583428 ], [ 1709896.188079928513616, 89084.063837218855042 ], [ 1709473.779368720715865, 89026.120615440624533 ], [ 1708670.650442529236898, 89026.904098081824486 ], [ 1708225.551008420996368, 90227.639222852667444 ] ] ] ] } },
{ "type": "Feature", "properties": { "GEOID": "15003010203", "NAME": "Census Tract 102.03; Honolulu County; Hawaii", "variable": "median_income", "median_income": 86953.0, "income_moe": 14217.0, "tract_area_m2": 230283896.05871931, "solar_area_m2": 20382.288735841841, "solar_polygon_count": 30, "solar_fraction": 8.8509396812726452e-05, "solar_percent": 0.0088509396812726446, "residential_solar_m2": 9873.4997267407434, "residential_polygon_count": 29, "residential_solar_percent": 0.0042875337336759026 }, "geometry": { "type": "MultiPolygon", "coordinates": [ [ [ [ 1665766.690613087033853, 143673.625801935530035 ], [ 1666682.857805498410016, 143609.774202299799072 ], [ 1667416.769089834531769, 144444.199832030542893 ], [ 1667356.787962650647387, 145456.226175650255755 ], [ 1667764.666303557809442, 145230.484213867923245 ], [ 1667524.455368701601401, 145836.287228803499602 ], [ 1667680.396155318710953, 146548.730665792681975 ], [ 1667966.720548124052584, 146130.760379794373875 ], [ 1668576.701720140641555, 146684.697711770393653 ], [ 1668040.432298689382151, 146828.631637176120421 ], [ 1669270.584495505318046, 147887.480195777839981 ], [ 1669122.365613617934287, 148647.351385058573214 ], [ 1669880.275714623043314, 149511.977049998677103 ], [ 1670188.17983776004985, 150600.130705153394956 ], [ 1670934.104386703809723, 151548.679933011735557 ], [ 1671386.239242111099884, 151700.787842819525395 ], [ 1671728.251206312095746, 152491.093074906559195 ], [ 1672254.28852700907737, 152898.991747555759503 ], [ 1672930.172729175770655, 153819.556515925098211 ], [ 1673007.625178033486009, 154387.38967145915376 ], [ 1673074.109856428112835, 154557.802672553778393 ], [ 1673045.771344889886677, 155885.887903958529932 ], [ 1673291.733177043264732, 156442.201586836832576 ], [ 1674319.643857163377106, 157152.673989282455295 ], [ 1675030.389746252447367, 156575.903412856598152 ], [ 1675604.61564440629445, 156711.869384517107392 ], [ 1676046.281827801140025, 155421.389698712038808 ], [ 1678035.959881325019524, 153744.47531803973834 ], [ 1678900.688392610754818, 150380.523630386742298 ], [ 1680274.66658998420462, 149097.031200685363729 ], [ 1682090.955314091173932, 148446.730409359093755 ], [ 1682825.192205018131062, 147640.49946135407663 ], [ 1682872.001407851465046, 144223.502317931997823 ], [ 1682176.833206182345748, 144248.171160059137037 ], [ 1682063.864214944886044, 144441.70280230458593 ], [ 1681473.696303818142042, 144777.626068435463822 ], [ 1680678.335353834787384, 144165.276303319114959 ], [ 1678445.281818903051317, 142969.209575747488998 ], [ 1678322.65090624592267, 142433.668669476668583 ], [ 1677744.833590817637742, 141640.977091908775037 ], [ 1676233.194983631139621, 137752.636688985017827 ], [ 1675830.711012692190707, 137393.82419348746771 ], [ 1675739.133919958723709, 136608.385238599090371 ], [ 1675109.987887782976031, 135673.290642779000336 ], [ 1674863.003597039263695, 135000.364208276645513 ], [ 1673037.19910868559964, 132284.901175137114478 ], [ 1672561.577070196159184, 131924.253204628534149 ], [ 1671475.553197710774839, 131481.151210021722363 ], [ 1670554.581077874172479, 131247.041651653940789 ], [ 1670017.377113436814398, 130948.86312691407511 ], [ 1668645.123880489030853, 129856.871940979835927 ], [ 1667625.200933797750622, 130946.12976847444952 ], [ 1667707.460389462998137, 132258.280206335824914 ], [ 1667386.04895387776196, 132689.309906966169365 ], [ 1667157.098698419053108, 133777.895646359655075 ], [ 1667145.912817169213668, 135741.69511550036259 ], [ 1667881.785225557629019, 136924.132768041454256 ], [ 1667891.566620921250433, 137723.682586420589359 ], [ 1668148.005080903880298, 138658.495448325469624 ], [ 1668242.854335047770292, 139891.465048694080906 ], [ 1667871.451162303797901, 140472.49482294160407 ], [ 1666887.318620162317529, 141102.621699732699199 ], [ 1666354.436103166081011, 141858.312204794870922 ], [ 1666348.261931799352169, 142669.842891243024496 ], [ 1665766.690613087033853, 143673.625801935530035 ] ] ] ] } },
{ "type": "Feature", "properties": { "GEOID": "15003940003", "NAME": "Census Tract 9400.03; Honolulu County; Hawaii", "variable": "median_income", "median_income": 125938.0, "income_moe": 15987.0, "tract_area_m2": 14238528.255965985, "solar_area_m2": 80922.392218323424, "solar_polygon_count": 268, "solar_fraction": 0.005683339651653724, "solar_percent": 0.56833396516537238, "residential_solar_m2": 80922.392218323424, "residential_polygon_count": 268, "residential_solar_percent": 0.56833396516537238 }, "geometry": { "type": "MultiPolygon", "coordinates": [ [ [ [ 1739909.624253111891448, 64588.163163425422681 ], [ 1740634.886793367331848, 64751.165751698354143 ], [ 1741344.002743384568021, 65968.648532844686997 ], [ 1741396.616331317462027, 65879.344268522821949 ], [ 1742711.82269265409559, 63647.076727044499421 ], [ 1743413.258852859493345, 62456.634937159113178 ], [ 1744374.444735098164529, 60900.192246376143885 ], [ 1744630.390225660521537, 60485.759229630115442 ], [ 1745647.870485195657238, 59608.782735012304329 ], [ 1746482.324267355259508, 58889.594328735693125 ], [ 1747498.015157613903284, 58468.516029917147534 ], [ 1747392.439736490603536, 58209.926688406339963 ], [ 1745590.311199761927128, 58160.590905712284439 ], [ 1745094.665437636896968, 57850.850252818563604 ], [ 1744447.14288276899606, 58102.055601780230063 ], [ 1744484.774934737943113, 58353.867594401483075 ], [ 1744615.958912734175101, 58629.836508386957576 ], [ 1744722.064587967237458, 58849.451725358456315 ], [ 1744830.211522144498304, 59069.071156239901029 ], [ 1743526.794249824713916, 59874.075017225295596 ], [ 1743625.484743366017938, 60056.984618917362241 ], [ 1743684.20929650706239, 60138.10465777340869 ], [ 1743430.493408697191626, 60395.530978109345597 ], [ 1743200.598904392449185, 60478.276171778590651 ], [ 1742988.170564316911623, 60504.750490245896799 ], [ 1742085.667628834489733, 61348.336630162433721 ], [ 1741365.936735950410366, 62201.363267775872373 ], [ 1741246.272169053088874, 62491.745881952585478 ], [ 1741390.650193978333846, 62632.236058244227024 ], [ 1741496.371349875349551, 62697.458900505087513 ], [ 1740988.839196268003434, 63291.160443224514893 ], [ 1739246.659630939131603, 64781.643360380810918 ], [ 1739909.624253111891448, 64588.163163425422681 ] ] ] ] } },
{ "type": "Feature", "properties": { "GEOID": "15003000901", "NAME": "Census Tract 9.01; Honolulu County; Hawaii", "variable": "median_income", "median_income": 116597.0, "income_moe": 21532.0, "tract_area_m2": 9266622.906816937, "solar_area_m2": 52596.863727930839, "solar_polygon_count": 152, "solar_fraction": 0.0056759473496259642, "solar_percent": 0.56759473496259638, "residential_solar_m2": 52596.863727930839, "residential_polygon_count": 152, "residential_solar_percent": 0.56759473496259638 }, "geometry": { "type": "MultiPolygon", "coordinates": [ [ [ [ 1712331.912582508521155, 40807.423317458386009 ], [ 1712498.593300419393927, 41680.911547424984747 ], [ 1712664.385462087579072, 41691.668551922331972 ], [ 1712701.559561787638813, 41897.684154313268664 ], [ 1712776.23609092249535, 42318.070796587388031 ], [ 1712846.709498488344252, 42319.618751513204188 ], [ 1713015.660781965823844, 43518.588929885721882 ], [ 1713507.668172399513423, 44982.085470476056798 ], [ 1713613.126836371142417, 46539.142532661178848 ], [ 1713717.98431385285221, 46785.936163746962848 ], [ 1713794.33445457671769, 46966.941780953129637 ], [ 1713826.890587982488796, 47805.743918656502501 ], [ 1714870.537467072717845, 48124.303221582093101 ], [ 1714735.324743997072801, 45956.568403706012759 ], [ 1714409.36519326060079, 43848.146447571962199 ], [ 1714038.578897373052314, 42382.265188453187875 ], [ 1714197.585891058435664, 41381.715248601532949 ], [ 1714292.43539363052696, 40741.063565198484866 ], [ 1714434.023376676952466, 40528.754142207144469 ], [ 1713773.402875221800059, 40604.495371207311109 ], [ 1712648.659260612679645, 40726.478916174157348 ], [ 1712566.596539744408801, 40733.270549586777634 ], [ 1712486.917135656345636, 40740.065503473771969 ], [ 1712331.912582508521155, 40807.423317458386009 ] ] ] ] } },
{ "type": "Feature", "properties": { "GEOID": "15003002005", "NAME": "Census Tract 20.05; Honolulu County; Hawaii", "variable": "median_income", "median_income": 75048.0, "income_moe": 4508.0, "tract_area_m2": 1281796.7481481854, "solar_area_m2": 2863.0558667776168, "solar_polygon_count": 9, "solar_fraction": 0.0022336270324557149, "solar_percent": 0.2233627032455715, "residential_solar_m2": 2863.0558667776168, "residential_polygon_count": 9, "residential_solar_percent": 0.2233627032455715 }, "geometry": { "type": "MultiPolygon", "coordinates": [ [ [ [ 1696667.859980025095865, 44418.02134708010999 ], [ 1696886.740793843287975, 44443.315517827773874 ], [ 1697358.493200117023662, 44222.954762102795939 ], [ 1697867.285249724751338, 43752.718708864456858 ], [ 1698396.89700710400939, 43242.551956648792839 ], [ 1697828.645546968560666, 42636.033682477216644 ], [ 1697516.908852211898193, 42840.576928973961913 ], [ 1697343.587842795532197, 43188.753870963402733 ], [ 1697287.992276900913566, 43284.594130697521905 ], [ 1697002.487703062128276, 43801.5668360302152 ], [ 1696776.670502138556913, 44219.798492815702048 ], [ 1696667.859980025095865, 44418.02134708010999 ] ] ] ] } },
{ "type": "Feature", "properties": { "GEOID": "15003000110", "NAME": "Census Tract 1.10; Honolulu County; Hawaii", "variable": "median_income", "median_income": 144449.0, "income_moe": 27436.0, "tract_area_m2": 72050356.022700414, "solar_area_m2": 238761.93994611446, "solar_polygon_count": 751, "solar_fraction": 0.0033138204045916075, "solar_percent": 0.33138204045916075, "residential_solar_m2": 228758.99897782409, "residential_polygon_count": 750, "residential_solar_percent": 0.31749877669688481 }, "geometry": { "type": "MultiPolygon", "coordinates": [ [ [ [ 1748632.154240128351375, 55962.745236496186408 ], [ 1749924.732422491768375, 55883.271863873567781 ], [ 1751238.392252509016544, 54992.713430384399544 ], [ 1751943.022526905406266, 54812.54366825131001 ], [ 1753426.277803038712591, 53104.329311920009786 ], [ 1754216.764492047950625, 52743.103117259262945 ], [ 1755113.71681633638218, 51946.567032666447631 ], [ 1756008.55339705129154, 51512.574725083548401 ], [ 1756626.09998040436767, 51804.879695281393651 ], [ 1757072.946657030144706, 51696.871026955908746 ], [ 1757060.527880390407518, 51772.402167895066668 ], [ 1757865.462050050962716, 51985.211889115184022 ], [ 1759046.265697071328759, 51704.102540909334493 ], [ 1759615.12567400187254, 52444.004403012528201 ], [ 1759800.905259980354458, 52416.784437130576407 ], [ 1759877.338214483112097, 52405.58586394196027 ], [ 1759924.96264876332134, 50279.528016100994137 ], [ 1759213.814714751672, 48134.714374360344664 ], [ 1757980.103850511368364, 47822.1384527967748 ], [ 1756851.1510405393783, 46133.790637848513143 ], [ 1753272.365968388738111, 44059.208052269692416 ], [ 1753056.911603843327612, 43659.780869358182827 ], [ 1752860.142850402975455, 43539.246871553914389 ], [ 1752610.074562373571098, 43621.910410488439084 ], [ 1750696.46710663032718, 44568.596715517953271 ], [ 1750387.949618591926992, 46764.227058518554259 ], [ 1749560.323387264972553, 46441.41799296431418 ], [ 1749862.749534691218287, 47386.506540355498146 ], [ 1749958.542927036061883, 47488.777622761073872 ], [ 1749872.839789266930893, 48615.79566503452952 ], [ 1750304.35176021209918, 49851.758406196342548 ], [ 1750097.212698807241395, 50932.394599449529778 ], [ 1749707.60745642031543, 51687.542727823587484 ], [ 1750000.702577013522387, 52017.97999747893482 ], [ 1749851.903260255465284, 53374.450928661659418 ], [ 1750098.906424082117155, 54433.857455064302485 ], [ 1749820.385204190621153, 55643.307363975676708 ], [ 1748839.149139955174178, 55772.088567394879647 ], [ 1748632.154240128351375, 55962.745236496186408 ] ] ] ] } },
{ "type": "Feature", "properties": { "GEOID": "15003010602", "NAME": "Census Tract 106.02; Honolulu County; Hawaii", "variable": "median_income", "median_income": 144861.0, "income_moe": 29806.0, "tract_area_m2": 21974532.910685729, "solar_area_m2": 251030.56204846411, "solar_polygon_count": 717, "solar_fraction": 0.011423704115521542, "solar_percent": 1.1423704115521542, "residential_solar_m2": 251030.56204846411, "residential_polygon_count": 717, "residential_solar_percent": 1.1423704115521542 }, "geometry": { "type": "MultiPolygon", "coordinates": [ [ [ [ 1707040.305858442559838, 82158.506107285036705 ], [ 1707144.272330363513902, 82268.34019455856469 ], [ 1707043.226109297946095, 83090.633730853151064 ], [ 1707690.335511388024315, 84135.452937937123352 ], [ 1707455.441886761924252, 85075.274039090523729 ], [ 1707786.549122791038826, 86072.475885508349165 ], [ 1708572.272505892906338, 85883.851024944553501 ], [ 1709052.592813789844513, 85899.359766468289308 ], [ 1710483.350354415830225, 86721.095823922238196 ], [ 1710961.37022783071734, 86926.967194373966777 ], [ 1711704.325069978600368, 86922.141631519480143 ], [ 1711424.534496843116358, 86789.905370515654795 ], [ 1711099.324518411420286, 85761.084200309385778 ], [ 1711587.963860873598605, 85405.738087764300872 ], [ 1711537.143962766509503, 84227.254635450255591 ], [ 1710868.899693104671314, 83272.085379054449731 ], [ 1709924.934635754907504, 82939.192843099444872 ], [ 1709493.45547053986229, 82491.460591903494787 ], [ 1709415.229339549317956, 82475.012841436997405 ], [ 1710712.327625263249502, 80228.852835500554647 ], [ 1711611.774658946087584, 79279.029874119383749 ], [ 1710629.733865095302463, 79909.075946802986437 ], [ 1708759.2087633672636, 79629.121671498302021 ], [ 1707426.941793863428757, 80131.638882097817259 ], [ 1707170.874627206474543, 81125.92248418352392 ], [ 1706894.508730398723856, 82036.269355787662789 ], [ 1707040.305858442559838, 82158.506107285036705 ] ] ] ] } },
{ "type": "Feature", "properties": { "GEOID": "15003002302", "NAME": "Census Tract 23.02; Honolulu County; Hawaii", "variable": "median_income", "median_income": 68669.0, "income_moe": 15814.0, "tract_area_m2": 1619863.2464506668, "solar_area_m2": 9651.0609629802984, "solar_polygon_count": 24, "solar_fraction": 0.0059579479836504969, "solar_percent": 0.59579479836504967, "residential_solar_m2": 9651.0609629802984, "residential_polygon_count": 24, "residential_solar_percent": 0.59579479836504967 }, "geometry": { "type": "MultiPolygon", "coordinates": [ [ [ [ 1699354.466526896459982, 43981.000229921730352 ], [ 1699837.311408576788381, 44518.059013036116085 ], [ 1699973.296556154266, 44692.571791088965256 ], [ 1700398.998977812938392, 45781.719707776181167 ], [ 1701053.928857994964346, 45545.612931710944395 ], [ 1701398.030637397663668, 45318.968236074142624 ], [ 1700769.77220507664606, 44840.942043908806227 ], [ 1700923.213840178446844, 44626.431140293097997 ], [ 1700617.039651077473536, 44423.754361231345683 ], [ 1700441.562767846276984, 43945.515012260832009 ], [ 1699641.871559324907139, 43921.742531445372151 ], [ 1699354.466526896459982, 43981.000229921730352 ] ] ] ] } },
{ "type": "Feature", "properties": { "GEOID": "15003009803", "NAME": "Census Tract 98.03; Honolulu County; Hawaii", "variable": "median_income", "median_income": 87688.0, "income_moe": 43609.0, "tract_area_m2": 9104514.5532097481, "solar_area_m2": 68086.806900583688, "solar_polygon_count": 206, "solar_fraction": 0.0074783566441310205, "solar_percent": 0.74783566441310201, "residential_solar_m2": 68086.806900583688, "residential_polygon_count": 206, "residential_solar_percent": 0.74783566441310201 }, "geometry": { "type": "MultiPolygon", "coordinates": [ [ [ [ 1565827.657562021398917, 112498.124335589105613 ], [ 1566099.41016229079105, 112555.866276496424689 ], [ 1566507.59480894706212, 112431.424854420794873 ], [ 1566689.634595854673535, 112035.578304958951776 ], [ 1566943.653974313521758, 111561.894651342372526 ], [ 1567232.661496775457636, 111307.212033474774216 ], [ 1567144.067769625922665, 111170.746895371281425 ], [ 1567041.935249664122239, 111079.708493632890168 ], [ 1567137.950774764176458, 110926.279061366527458 ], [ 1567551.209769811481237, 110523.579185859998688 ], [ 1567863.637317906133831, 110231.81526334802038 ], [ 1568022.844240191392601, 109535.586236781120533 ], [ 1568174.092300175689161, 109235.688696079625515 ], [ 1568693.520238339435309, 108622.161626690562116 ], [ 1569726.28259745053947, 107388.592782765466836 ], [ 1569514.909494697116315, 106980.20320964018174 ], [ 1569438.850445614662021, 106809.207787883919082 ], [ 1567495.999770825263113, 106707.939552331590676 ], [ 1567855.554226080654189, 107793.967696176754544 ], [ 1566251.37522732373327, 109368.380875087226741 ], [ 1565495.821527027990669, 112403.7878108699515 ], [ 1565827.657562021398917, 112498.124335589105613 ] ] ] ] } },
{ "type": "Feature", "properties": { "GEOID": "15003008414", "NAME": "Census Tract 84.14; Honolulu County; Hawaii", "variable": "median_income", "median_income": 154400.0, "income_moe": 16207.0, "tract_area_m2": 18378022.815488931, "solar_area_m2": 81271.765594290831, "solar_polygon_count": 303, "solar_fraction": 0.0044222257426840975, "solar_percent": 0.44222257426840977, "residential_solar_m2": 81271.765594290831, "residential_polygon_count": 303, "residential_solar_percent": 0.44222257426840977 }, "geometry": { "type": "MultiPolygon", "coordinates": [ [ [ [ 1633427.84849027171731, 58905.737702638733026 ], [ 1634518.410501685226336, 59536.94320947000233 ], [ 1634691.027121611870825, 60093.430718260358844 ], [ 1635394.546640418702736, 60354.540363849955611 ], [ 1636009.266228277701885, 61057.747615530366602 ], [ 1636077.376981644658372, 61586.277918389023398 ], [ 1637012.580091321375221, 60933.441346932464512 ], [ 1638311.298681652871892, 60395.757493173594412 ], [ 1638718.686176720540971, 60260.61226934507431 ], [ 1640616.450152666307986, 59987.418188006275159 ], [ 1639122.627921215258539, 58288.128327052923851 ], [ 1638426.558712921570987, 57254.69071186180372 ], [ 1637538.214115536538884, 57353.536233903985703 ], [ 1635926.566716670058668, 57030.350544808527047 ], [ 1634609.345071600517258, 56960.00565606278542 ], [ 1634186.009579168166965, 57645.151001504527812 ], [ 1633443.841702527366579, 58879.581288188681356 ], [ 1633427.84849027171731, 58905.737702638733026 ] ] ] ] } },
{ "type": "Feature", "properties": { "GEOID": "15003008416", "NAME": "Census Tract 84.16; Honolulu County; Hawaii", "variable": "median_income", "median_income": 142868.0, "income_moe": 32774.0, "tract_area_m2": 2768409.5612339508, "solar_area_m2": 33387.903326237203, "solar_polygon_count": 131, "solar_fraction": 0.012060319323328504, "solar_percent": 1.2060319323328506, "residential_solar_m2": 33387.903326237203, "residential_polygon_count": 131, "residential_solar_percent": 1.2060319323328506 }, "geometry": { "type": "MultiPolygon", "coordinates": [ [ [ [ 1628460.397616521222517, 61996.097776521688502 ], [ 1629690.683444094844162, 63590.164089255107683 ], [ 1630113.80660964618437, 64113.895096401742194 ], [ 1630187.983009624993429, 64043.409363586339168 ], [ 1630420.029931935016066, 63765.112055575424165 ], [ 1630780.309706995496526, 63087.211893751817115 ], [ 1629610.813928961288184, 62431.033003546290274 ], [ 1629436.81161642447114, 61976.636317434364173 ], [ 1628940.745449520647526, 61044.991266500175698 ], [ 1628019.530604786006734, 61414.263442313589621 ], [ 1628460.397616521222517, 61996.097776521688502 ] ] ] ] } },
{ "type": "Feature", "properties": { "GEOID": "15003003802", "NAME": "Census Tract 38.02; Honolulu County; Hawaii", "variable": "median_income", "median_income": 124417.0, "income_moe": 27903.0, "tract_area_m2": 3149471.4844931313, "solar_area_m2": 91962.462980178068, "solar_polygon_count": 35, "solar_fraction": 0.029199331834870796, "solar_percent": 2.9199331834870796, "residential_solar_m2": 48388.920099271891, "residential_polygon_count": 31, "residential_solar_percent": 1.5364139773140222 }, "geometry": { "type": "MultiPolygon", "coordinates": [ [ [ [ 1689075.051716729532927, 49484.544210332904186 ], [ 1689612.369961972581223, 49698.627622177067678 ], [ 1689878.175486098509282, 49760.62515226767573 ], [ 1690314.056026723235846, 49596.837395806491259 ], [ 1691417.387476948322728, 49185.580115607081098 ], [ 1690574.191780275665224, 48075.406290828381316 ], [ 1690403.491087983828038, 47869.281819893461943 ], [ 1690021.816386700375006, 47564.157411790190963 ], [ 1689243.036457486217842, 48559.487365949993546 ], [ 1688655.453251467552036, 49337.047447647310037 ], [ 1689075.051716729532927, 49484.544210332904186 ] ] ] ] } },
{ "type": "Feature", "properties": { "GEOID": "15003006000", "NAME": "Census Tract 60; Honolulu County; Hawaii", "variable": "median_income", "median_income": 94621.0, "income_moe": 35361.0, "tract_area_m2": 7751838.8296719007, "solar_area_m2": 186524.80327665349, "solar_polygon_count": 140, "solar_fraction": 0.024062007399159022, "solar_percent": 2.406200739915902, "residential_solar_m2": 146423.21223168337, "residential_polygon_count": 136, "residential_solar_percent": 1.8888835984465482 }, "geometry": { "type": "MultiPolygon", "coordinates": [ [ [ [ 1678618.365819472586736, 61212.123453212858294 ], [ 1679810.308726429240778, 62037.939864109663176 ], [ 1680011.486219325102866, 61983.963021730931359 ], [ 1681360.457130348077044, 60799.3100837811362 ], [ 1681444.918970982544124, 60724.907266451082251 ], [ 1681888.518843389581889, 60112.799717443944246 ], [ 1682058.411274619400501, 60036.284499862762459 ], [ 1682799.622918527107686, 59687.413548336968233 ], [ 1681760.363720883848146, 58587.027783754063421 ], [ 1681431.517188456607983, 58223.519886153706466 ], [ 1680869.881051404634491, 58733.466953358562023 ], [ 1680265.00687370612286, 59275.717502871491888 ], [ 1679173.60447092843242, 60070.446733324002707 ], [ 1678052.814524771645665, 60594.915489210834494 ], [ 1678618.365819472586736, 61212.123453212858294 ] ] ] ] } },
{ "type": "Feature", "properties": { "GEOID": "15003011104", "NAME": "Census Tract 111.04; Honolulu County; Hawaii", "variable": "median_income", "median_income": 178722.0, "income_moe": 23431.0, "tract_area_m2": 21056893.072066426, "solar_area_m2": 299008.27584642498, "solar_polygon_count": 904, "solar_fraction": 0.014200018721806696, "solar_percent": 1.4200018721806695, "residential_solar_m2": 299008.27584642498, "residential_polygon_count": 904, "residential_solar_percent": 1.4200018721806695 }, "geometry": { "type": "MultiPolygon", "coordinates": [ [ [ [ 1728553.585719634778798, 78127.674899213452591 ], [ 1728743.567266579717398, 78460.735137335170293 ], [ 1729394.234666180796921, 79193.421152961615007 ], [ 1729692.984148697229102, 79379.90875336145109 ], [ 1730169.390752656618133, 79530.006685699219815 ], [ 1730545.636705098906532, 79556.431219230202259 ], [ 1730900.290068851783872, 80279.193222626316128 ], [ 1730702.808292711852118, 80571.284450092629413 ], [ 1732244.69326067250222, 80764.623284144487116 ], [ 1732560.768302070209756, 80955.152890469500562 ], [ 1732994.969533985247836, 80317.653135313899838 ], [ 1733099.665436308830976, 79193.541187375638401 ], [ 1732922.518638690002263, 78538.637929588236148 ], [ 1732544.649455094709992, 78265.903015898729791 ], [ 1732634.386495634913445, 77920.596548242727295 ], [ 1732783.278721142094582, 77208.862176097391057 ], [ 1732768.668987362645566, 76605.823982877744129 ], [ 1732675.709010885097086, 76253.663867714945809 ], [ 1732153.451490828301758, 75447.053429337538546 ], [ 1731019.29071842180565, 74701.889455580560025 ], [ 1730836.824825203511864, 74552.643978108739248 ], [ 1730198.384978309972212, 74013.216955770345521 ], [ 1729857.53110842872411, 73756.910855642767274 ], [ 1729072.610937733436003, 75153.792990097383154 ], [ 1728502.602902086917311, 77889.291943747695768 ], [ 1728553.585719634778798, 78127.674899213452591 ] ] ] ] } },
{ "type": "Feature", "properties": { "GEOID": "15003005900", "NAME": "Census Tract 59; Honolulu County; Hawaii", "variable": "median_income", "median_income": 65947.0, "income_moe": 12629.0, "tract_area_m2": 28242093.90953669, "solar_area_m2": 291857.15648698108, "solar_polygon_count": 104, "solar_fraction": 0.010334118901446886, "solar_percent": 1.0334118901446885, "residential_solar_m2": 162839.6719766389, "residential_polygon_count": 94, "residential_solar_percent": 0.57658498161728644 }, "geometry": { "type": "MultiPolygon", "coordinates": [ [ [ [ 1677450.452728856122121, 59542.871590649760037 ], [ 1677881.892241468420252, 60207.928706289210822 ], [ 1677892.086614793632179, 60230.820923643412243 ], [ 1678052.814524771645665, 60594.915489210834494 ], [ 1679173.60447092843242, 60070.446733324002707 ], [ 1680265.00687370612286, 59275.717502871491888 ], [ 1680869.881051404634491, 58733.466953358562023 ], [ 1681431.517188456607983, 58223.519886153706466 ], [ 1680764.620385301066563, 57497.229932961039594 ], [ 1680885.858529960270971, 56954.9813129151662 ], [ 1681473.533262323820964, 56246.717246941363555 ], [ 1681705.169540349859744, 56007.873220436245902 ], [ 1682100.533443242078647, 55761.892086216743337 ], [ 1682155.704292240086943, 55723.066698746260954 ], [ 1681645.439854699419811, 55336.168742781519541 ], [ 1681163.822425198508427, 53970.688898715787218 ], [ 1678539.65414324728772, 53682.878676158288727 ], [ 1677602.474353139987215, 53326.594707405245572 ], [ 1675677.751202830113471, 57713.413135338509164 ], [ 1677450.452728856122121, 59542.871590649760037 ] ] ] ] } },
{ "type": "Feature", "properties": { "GEOID": "15003010701", "NAME": "Census Tract 107.01; Honolulu County; Hawaii", "variable": "median_income", "median_income": 159688.0, "income_moe": 68161.0, "tract_area_m2": 32379313.446042445, "solar_area_m2": 156656.81007917467, "solar_polygon_count": 514, "solar_fraction": 0.0048381757797376036, "solar_percent": 0.48381757797376035, "residential_solar_m2": 149604.80118967316, "residential_polygon_count": 513, "residential_solar_percent": 0.46203821288236296 }, "geometry": { "type": "MultiPolygon", "coordinates": [ [ [ [ 1711501.612015902064741, 87664.012396199454088 ], [ 1712831.725247820606455, 87637.465346047756611 ], [ 1714989.244227618677542, 88756.008592555983341 ], [ 1715121.934794530272484, 89165.198672475118656 ], [ 1715224.620566899422556, 89157.377617409190862 ], [ 1715917.74595510144718, 89104.590991225995822 ], [ 1718190.46381274308078, 89548.24787333367567 ], [ 1718667.868640941102058, 89641.455254532062099 ], [ 1718894.457439409336075, 89851.503062402494834 ], [ 1719829.617513244971633, 90718.424414700464695 ], [ 1720648.264424178516492, 92598.074328442875412 ], [ 1720166.64681675308384, 93719.831061784803751 ], [ 1720794.627927628345788, 95013.62260376541235 ], [ 1721586.239042442059144, 95148.138484321971191 ], [ 1721603.214674073969945, 95230.160981348628411 ], [ 1721853.377671687630937, 94833.960709345599753 ], [ 1722030.840291560860351, 94889.084499807242537 ], [ 1721506.047155858483166, 92859.103137166122906 ], [ 1721084.691689223283902, 89431.091743291239254 ], [ 1720831.929133835015818, 88542.173324072413379 ], [ 1720060.08045478630811, 87178.42406876059249 ], [ 1718122.898925683926791, 84286.194622382841771 ], [ 1716530.229210913414136, 84915.611629252598505 ], [ 1715884.448023336008191, 85948.53470430309244 ], [ 1714917.636428335681558, 86929.43383942458604 ], [ 1714525.462177878012881, 87137.762997056823224 ], [ 1713936.81745760794729, 86991.645124997041421 ], [ 1712767.031129884300753, 86929.382978410721989 ], [ 1712210.197043371619657, 86901.750212967875996 ], [ 1711704.325069978600368, 86922.141631519480143 ], [ 1711501.612015902064741, 87664.012396199454088 ] ] ] ] } },
{ "type": "Feature", "properties": { "GEOID": "15003010503", "NAME": "Census Tract 105.03; Honolulu County; Hawaii", "variable": "median_income", "median_income": 119327.0, "income_moe": 29469.0, "tract_area_m2": 14625133.083416278, "solar_area_m2": 127494.70156780205, "solar_polygon_count": 138, "solar_fraction": 0.0087175071051059892, "solar_percent": 0.87175071051059894, "residential_solar_m2": 65592.079008722503, "residential_polygon_count": 133, "residential_solar_percent": 0.44848876680034205 }, "geometry": { "type": "MultiPolygon", "coordinates": [ [ [ [ 1702085.673614451196045, 86446.285267153391032 ], [ 1702667.902442708145827, 86875.243993537806091 ], [ 1702992.918247875757515, 88492.130374478903832 ], [ 1702883.463875674176961, 89005.651862411919865 ], [ 1704656.887144425883889, 89165.411256827850593 ], [ 1705053.87602825392969, 89431.070390296081314 ], [ 1705093.635250413557515, 89463.811966331792064 ], [ 1705322.558049277635291, 89188.738551946851658 ], [ 1705950.964427064172924, 89086.703608812793391 ], [ 1706126.309570893412456, 89785.105428054754157 ], [ 1707211.363415512256324, 90915.828911888660514 ], [ 1707943.987955919234082, 90965.790979788507684 ], [ 1708225.551008420996368, 90227.639222852667444 ], [ 1708670.650442529236898, 89026.904098081824486 ], [ 1708127.791399125708267, 88724.706731407204643 ], [ 1707631.653420972637832, 88864.298290897189872 ], [ 1706871.895389194134623, 88453.589612711584778 ], [ 1706640.323016623733565, 88661.813249561877456 ], [ 1706223.059611396165565, 88011.78813063094276 ], [ 1706223.194529062602669, 87074.214041408064077 ], [ 1705999.710034559713677, 87064.857611250045011 ], [ 1705723.574681937461719, 86714.699854816819425 ], [ 1705038.575188975781202, 86615.059889364245464 ], [ 1704971.917467191349715, 86037.759367743245093 ], [ 1703990.828080390347168, 85753.239956244098721 ], [ 1703868.372739690123126, 86316.510214469875791 ], [ 1703026.127546736737713, 85699.064508606912568 ], [ 1702601.095421327045187, 86112.320730146384449 ], [ 1702085.673614451196045, 86446.285267153391032 ] ] ] ] } },
{ "type": "Feature", "properties": { "GEOID": "15003940004", "NAME": "Census Tract 9400.04; Honolulu County; Hawaii", "variable": "median_income", "median_income": 133958.0, "income_moe": 28360.0, "tract_area_m2": 69344126.665449366, "solar_area_m2": 81047.406450475741, "solar_polygon_count": 218, "solar_fraction": 0.0011687710314889225, "solar_percent": 0.11687710314889224, "residential_solar_m2": 81047.406450475741, "residential_polygon_count": 218, "residential_solar_percent": 0.11687710314889224 }, "geometry": { "type": "MultiPolygon", "coordinates": [ [ [ [ 1756197.115107766585425, 58935.847693361174606 ], [ 1756516.921262132236734, 59625.645548092936224 ], [ 1757302.17631781892851, 60069.077558583623613 ], [ 1758219.703020475106314, 58859.609566131686734 ], [ 1758153.16846338682808, 58004.346618600429792 ], [ 1757331.592549282824621, 57973.124866481055506 ], [ 1756279.337135499343276, 58372.970778099741437 ], [ 1756197.115107766585425, 58935.847693361174606 ] ] ], [ [ [ 1737530.769274918595329, 57827.173537950591708 ], [ 1738357.994130671722814, 59428.834616187035863 ], [ 1738662.179445532616228, 60407.648574357219331 ], [ 1739918.072546263691038, 60587.962259971733147 ], [ 1739876.997547952458262, 61263.912086449949129 ], [ 1739557.803783603711054, 61789.683886104125122 ], [ 1739671.280165505595505, 62631.203393615694949 ], [ 1739702.163472658256069, 62861.930558263607963 ], [ 1738607.581598099321127, 65314.097019339293183 ], [ 1738681.524244926869869, 65263.012955207239429 ], [ 1739246.659630939131603, 64781.643360380810918 ], [ 1740988.839196268003434, 63291.160443224514893 ], [ 1741496.371349875349551, 62697.458900505087513 ], [ 1741390.650193978333846, 62632.236058244227024 ], [ 1741246.272169053088874, 62491.745881952585478 ], [ 1741365.936735950410366, 62201.363267775872373 ], [ 1742085.667628834489733, 61348.336630162433721 ], [ 1742988.170564316911623, 60504.750490245896799 ], [ 1743200.598904392449185, 60478.276171778590651 ], [ 1743430.493408697191626, 60395.530978109345597 ], [ 1743684.20929650706239, 60138.10465777340869 ], [ 1743625.484743366017938, 60056.984618917362241 ], [ 1743526.794249824713916, 59874.075017225295596 ], [ 1744830.211522144498304, 59069.071156239901029 ], [ 1744722.064587967237458, 58849.451725358456315 ], [ 1744615.958912734175101, 58629.836508386957576 ], [ 1744484.774934737943113, 58353.867594401483075 ], [ 1744447.14288276899606, 58102.055601780230063 ], [ 1745094.665437636896968, 57850.850252818563604 ], [ 1745590.311199761927128, 58160.590905712284439 ], [ 1747392.439736490603536, 58209.926688406339963 ], [ 1747498.015157613903284, 58468.516029917147534 ], [ 1748429.719142307993025, 58082.279144467465812 ], [ 1750071.735024908324704, 57401.636059388234571 ], [ 1752675.535043728537858, 55362.001613991233171 ], [ 1754060.637833632295951, 54277.12350067205989 ], [ 1754146.597030863165855, 54209.79880166186922 ], [ 1754352.812984078656882, 54282.793253165400529 ], [ 1754993.18748913728632, 54509.473563483516045 ], [ 1755668.589251928031445, 53827.539965095253137 ], [ 1756122.671817258466035, 53369.080410603834025 ], [ 1756373.216161399846897, 52260.224292561477341 ], [ 1758448.084118054481223, 52522.814127397999982 ], [ 1758785.656875558430329, 52565.544292973107076 ], [ 1759518.90989625453949, 52458.10196427370829 ], [ 1759615.12567400187254, 52444.004403012528201 ], [ 1759046.265697071328759, 51704.102540909334493 ], [ 1757865.462050050962716, 51985.211889115184022 ], [ 1757060.527880390407518, 51772.402167895066668 ], [ 1757072.946657030144706, 51696.871026955908746 ], [ 1756626.09998040436767, 51804.879695281393651 ], [ 1756008.55339705129154, 51512.574725083548401 ], [ 1755113.71681633638218, 51946.567032666447631 ], [ 1754216.764492047950625, 52743.103117259262945 ], [ 1753426.277803038712591, 53104.329311920009786 ], [ 1751943.022526905406266, 54812.54366825131001 ], [ 1751238.392252509016544, 54992.713430384399544 ], [ 1749924.732422491768375, 55883.271863873567781 ], [ 1748632.154240128351375, 55962.745236496186408 ], [ 1748297.480005376972258, 55834.566875146963866 ], [ 1747691.042119777062908, 55775.955568379358738 ], [ 1747507.737259635468945, 56207.505111795391713 ], [ 1746898.82142202113755, 56370.122917027329095 ], [ 1746100.891430275281891, 56243.220130549954774 ], [ 1745352.570286962203681, 55810.561798136579455 ], [ 1744221.553349144989625, 55954.754603479988873 ], [ 1743938.438359156949446, 55737.341602648943081 ], [ 1743564.231497880071402, 55451.098901616715011 ], [ 1741351.223604064900428, 54830.075335390632972 ], [ 1740977.337176133878529, 54543.851657610233815 ], [ 1740365.266607370693237, 54573.948123609865434 ], [ 1740094.610450827283785, 54966.853906273594475 ], [ 1739209.281942055094987, 55146.845591491051891 ], [ 1738869.700819322606549, 54710.310769505405915 ], [ 1737536.772195192519575, 54699.889456546443398 ], [ 1737549.509250988485292, 56312.781164880012511 ], [ 1737506.645597928203642, 56487.794301009809715 ], [ 1737530.769274918595329, 57827.173537950591708 ] ] ] ] } },
{ "type": "Feature", "properties": { "GEOID": "15003009905", "NAME": "Census Tract 99.05; Honolulu County; Hawaii", "variable": "median_income", "median_income": 91576.0, "income_moe": 13296.0, "tract_area_m2": 34824071.336914465, "solar_area_m2": 39073.006706650252, "solar_polygon_count": 49, "solar_fraction": 0.0011220114480190546, "solar_percent": 0.11220114480190546, "residential_solar_m2": 39073.006706650252, "residential_polygon_count": 49, "residential_solar_percent": 0.11220114480190546 }, "geometry": { "type": "MultiPolygon", "coordinates": [ [ [ [ 1594847.62818427127786, 151025.498520423629088 ], [ 1594877.296259928261861, 151398.489146426698426 ], [ 1595586.963973064906895, 151030.316082163975807 ], [ 1598685.954539627768099, 151438.636098431190476 ], [ 1599253.620745687512681, 152283.021140162105439 ], [ 1599745.255518873455003, 150890.005636529356707 ], [ 1599707.157477708999068, 150390.90697285567876 ], [ 1599684.492793007753789, 150079.241929038689705 ], [ 1599627.971846557920799, 148602.245125889283372 ], [ 1600261.304156970931217, 147678.701999090611935 ], [ 1600062.30473444913514, 146493.516652952035656 ], [ 1600533.858850646298379, 145482.554091880563647 ], [ 1600568.482082701753825, 144982.311216595815495 ], [ 1599517.002670260611922, 144823.275798697432037 ], [ 1599736.088425944792107, 144707.225348231237149 ], [ 1599367.897405924974009, 143158.908350109413732 ], [ 1599590.927316795103252, 142860.858367049717344 ], [ 1599034.654433632036671, 142438.812241752108093 ], [ 1598697.978903657058254, 142981.431539754936239 ], [ 1598552.286653861170635, 142234.672744302253705 ], [ 1596970.245052407262847, 141202.09300064315903 ], [ 1597477.634327311068773, 143747.807028380717384 ], [ 1597110.948911513667554, 144130.260960783314658 ], [ 1596591.764672368764877, 144186.267581859283382 ], [ 1596872.648232073290274, 145669.976633080746979 ], [ 1596349.810143753886223, 145808.450110483448952 ], [ 1594909.725714956177399, 146189.28086632853956 ], [ 1595350.857296625617892, 146276.814015210897196 ], [ 1595598.045869606779888, 146862.915604167472338 ], [ 1595368.043575373943895, 148903.940231369371759 ], [ 1595797.024989982601255, 149922.539053079060977 ], [ 1595282.203594298101962, 150643.696239723096369 ], [ 1594842.547069812659174, 150648.795464409457054 ], [ 1594847.62818427127786, 151025.498520423629088 ] ] ] ] } },
{ "type": "Feature", "properties": { "GEOID": "15003004702", "NAME": "Census Tract 47.02; Honolulu County; Hawaii", "variable": "median_income", "median_income": 147188.0, "income_moe": 45910.0, "tract_area_m2": 8218211.1437358316, "solar_area_m2": 82079.500399580138, "solar_polygon_count": 243, "solar_fraction": 0.0099875141881872447, "solar_percent": 0.99875141881872442, "residential_solar_m2": 82079.500399580138, "residential_polygon_count": 243, "residential_solar_percent": 0.99875141881872442 }, "geometry": { "type": "MultiPolygon", "coordinates": [ [ [ [ 1688598.870509300613776, 60030.866487270941434 ], [ 1689114.405823966255412, 60131.227699410468631 ], [ 1689506.239623934030533, 60399.667949137256073 ], [ 1690046.537540052318946, 59848.379735169168271 ], [ 1690572.122354326304048, 60119.8578142977276 ], [ 1691099.13191340258345, 60678.677962981018936 ], [ 1691520.302440847968683, 60147.99754947713518 ], [ 1691922.066332099260762, 59632.921834246895742 ], [ 1692045.08796437853016, 59471.754529447389359 ], [ 1692755.663262048969045, 58505.819556721864501 ], [ 1692402.421786558348686, 58103.714975901340949 ], [ 1691415.026140533620492, 56684.25344743495225 ], [ 1690534.914103153161705, 57689.278500206404715 ], [ 1690195.881799284834415, 58089.633695055992575 ], [ 1689876.652892862446606, 58427.529332320205867 ], [ 1689578.835416593588889, 58803.588359927947749 ], [ 1689011.159742043120787, 58762.749460305501998 ], [ 1688883.722378010628745, 58922.466621542138455 ], [ 1689047.156341408845037, 59227.386181133071659 ], [ 1688062.326004160800949, 59824.420880893623689 ], [ 1688598.870509300613776, 60030.866487270941434 ] ] ] ] } },
{ "type": "Feature", "properties": { "GEOID": "15003008009", "NAME": "Census Tract 80.09; Honolulu County; Hawaii", "variable": "median_income", "median_income": 61994.0, "income_moe": 9196.0, "tract_area_m2": 10594236.978057289, "solar_area_m2": 171450.19817944054, "solar_polygon_count": 138, "solar_fraction": 0.016183345580672494, "solar_percent": 1.6183345580672495, "residential_solar_m2": 121407.1399525399, "residential_polygon_count": 136, "residential_solar_percent": 1.1459734212477739 }, "geometry": { "type": "MultiPolygon", "coordinates": [ [ [ [ 1645727.651313066249713, 85236.168754512938904 ], [ 1646450.426735156914219, 86298.048073392666993 ], [ 1646957.983055983437225, 86226.182769038452534 ], [ 1647630.828538357745856, 86448.946497133452795 ], [ 1647817.296404160792008, 86087.167168499712716 ], [ 1647749.279126353096217, 85949.846322117067757 ], [ 1647343.417132886359468, 86145.95137982648157 ], [ 1646277.049762948881835, 85254.752350189373828 ], [ 1645849.836927145021036, 84657.874777705583256 ], [ 1645872.317236261209473, 84385.797086213598959 ], [ 1647117.798732604598626, 84063.002768996870145 ], [ 1647346.366050201933831, 84392.50659568120318 ], [ 1648172.368108202470466, 84273.83487733862421 ], [ 1648224.279365734662861, 85219.038962334685493 ], [ 1648504.19775439472869, 85581.248612795301597 ], [ 1649792.527146152453497, 85279.2287417241605 ], [ 1650268.29801094927825, 86087.563030984645593 ], [ 1651107.581004422158003, 85801.477239462707075 ], [ 1651737.322314687538892, 85501.919287984419498 ], [ 1651168.814687793841586, 84107.255401958886068 ], [ 1650852.25155024882406, 83304.393344613083173 ], [ 1650540.095264499075711, 82534.590650924219517 ], [ 1649112.515385871753097, 83068.327747405754053 ], [ 1645992.772620019037277, 84121.357974281330826 ], [ 1645564.46341615752317, 84183.795295166550204 ], [ 1645727.651313066249713, 85236.168754512938904 ] ] ] ] } },
{ "type": "Feature", "properties": { "GEOID": "15003006810", "NAME": "Census Tract 68.10; Honolulu County; Hawaii", "variable": "median_income", "median_income": 79851.0, "income_moe": 8751.0, "tract_area_m2": 10752818.915728906, "solar_area_m2": 204207.47010589766, "solar_polygon_count": 353, "solar_fraction": 0.018991063804412161, "solar_percent": 1.899106380441216, "residential_solar_m2": 204207.47010589766, "residential_polygon_count": 353, "residential_solar_percent": 1.899106380441216 }, "geometry": { "type": "MultiPolygon", "coordinates": [ [ [ [ 1666708.72737449943088, 69823.926200823741965 ], [ 1666910.681542932288721, 70177.110842173293349 ], [ 1667278.536314204102382, 70835.877874205005355 ], [ 1667284.252295330166817, 70972.828392187497229 ], [ 1667970.206317002652213, 71720.758863123162882 ], [ 1669691.783965192036703, 72088.198761618870776 ], [ 1669697.600555769400671, 72029.717636769943056 ], [ 1669141.800500267650932, 71653.445914302108577 ], [ 1668796.500932262511924, 70865.721719252571347 ], [ 1669636.219462844077498, 71648.991235487672384 ], [ 1669916.248393556335941, 71677.478865342025529 ], [ 1670616.453285379335284, 71209.995008049954777 ], [ 1670647.72222987585701, 70672.029843701253412 ], [ 1670034.555430621374398, 70642.626529422093881 ], [ 1669732.619634296745062, 70218.540121339479811 ], [ 1669940.964943461120129, 70050.466942815299262 ], [ 1670988.85941978963092, 69765.535669272459927 ], [ 1670984.186559140216559, 69009.959928378666518 ], [ 1670864.918632096378133, 68704.393486065018806 ], [ 1669989.592978748725727, 68261.09360340150306 ], [ 1668677.355191248003393, 68379.16966211158433 ], [ 1667722.992990890285, 68729.579831312556053 ], [ 1667400.695704272715375, 68811.512306864286074 ], [ 1667014.020037576090544, 69708.198279982374515 ], [ 1666415.474045655457303, 69675.937698899186216 ], [ 1666708.72737449943088, 69823.926200823741965 ] ] ] ] } },
{ "type": "Feature", "properties": { "GEOID": "15003008935", "NAME": "Census Tract 89.35; Honolulu County; Hawaii", "variable": "median_income", "median_income": 88794.0, "income_moe": 30764.0, "tract_area_m2": 7209499.0702273706, "solar_area_m2": 64904.187893246497, "solar_polygon_count": 201, "solar_fraction": 0.0090025932815883652, "solar_percent": 0.90025932815883647, "residential_solar_m2": 64904.187893246497, "residential_polygon_count": 201, "residential_solar_percent": 0.90025932815883647 }, "geometry": { "type": "MultiPolygon", "coordinates": [ [ [ [ 1628423.073664150899276, 83752.253710007615155 ], [ 1628718.024876314448193, 83759.816721422888804 ], [ 1629619.504549083067104, 83569.643211952221463 ], [ 1630284.593990377616137, 83595.304233141039731 ], [ 1630983.089244794100523, 84001.661586185437045 ], [ 1631324.209861575858667, 83449.814170920450124 ], [ 1632200.59195467014797, 83667.263493902835762 ], [ 1630386.824449522653595, 82696.585830341791734 ], [ 1630114.826935114804655, 81784.134942188829882 ], [ 1629947.645449004368857, 81072.909591800824273 ], [ 1628718.999817022122443, 80442.913037009013351 ], [ 1627516.720523443538696, 83453.50384936008777 ], [ 1628423.073664150899276, 83752.253710007615155 ] ] ] ] } },
{ "type": "Feature", "properties": { "GEOID": "15003008417", "NAME": "Census Tract 84.17; Honolulu County; Hawaii", "variable": "median_income", "median_income": 90283.0, "income_moe": 10300.0, "tract_area_m2": 4376140.7414727407, "solar_area_m2": 45794.951136513206, "solar_polygon_count": 143, "solar_fraction": 0.0104646888301635, "solar_percent": 1.04646888301635, "residential_solar_m2": 45794.951136513206, "residential_polygon_count": 143, "residential_solar_percent": 1.04646888301635 }, "geometry": { "type": "MultiPolygon", "coordinates": [ [ [ [ 1629610.813928961288184, 62431.033003546290274 ], [ 1630780.309706995496526, 63087.211893751817115 ], [ 1630420.029931935016066, 63765.112055575424165 ], [ 1630187.983009624993429, 64043.409363586339168 ], [ 1630113.80660964618437, 64113.895096401742194 ], [ 1631304.162602262804285, 65615.376978563450393 ], [ 1631844.575993563747033, 63486.611727389979933 ], [ 1632041.838959679706022, 62685.60298900242924 ], [ 1631211.395870103035122, 62457.978284257187624 ], [ 1630015.656603291863576, 61651.044380331077264 ], [ 1629903.703634367324412, 61740.790202864482126 ], [ 1629436.81161642447114, 61976.636317434364173 ], [ 1629610.813928961288184, 62431.033003546290274 ] ] ] ] } },
{ "type": "Feature", "properties": { "GEOID": "15003004402", "NAME": "Census Tract 44.02; Honolulu County; Hawaii", "variable": "median_income", "median_income": 165500.0, "income_moe": 30412.0, "tract_area_m2": 34985844.373628616, "solar_area_m2": 85614.49428871549, "solar_polygon_count": 280, "solar_fraction": 0.0024471181365355119, "solar_percent": 0.24471181365355119, "residential_solar_m2": 85614.49428871549, "residential_polygon_count": 280, "residential_solar_percent": 0.24471181365355119 }, "geometry": { "type": "MultiPolygon", "coordinates": [ [ [ [ 1692082.959810338215902, 55135.971235108270776 ], [ 1693503.864132828079164, 54970.987570201308699 ], [ 1694689.754657598445192, 55300.557258966844529 ], [ 1694775.726600731024519, 55442.313988892754423 ], [ 1695916.105456583434716, 56317.111720362932829 ], [ 1695955.654495180817321, 57239.459172973649402 ], [ 1694758.528741728281602, 56626.873282274289522 ], [ 1694162.891966959228739, 56617.19168078587245 ], [ 1694614.035682877060026, 56801.45308172760997 ], [ 1695409.666191289899871, 57280.307671251735883 ], [ 1696895.68848937866278, 59554.382036895876809 ], [ 1697201.927073316648602, 59627.356781532609602 ], [ 1698800.029860061127692, 61045.773305562630412 ], [ 1700398.617321886587888, 61955.679987953633827 ], [ 1701044.145166854606941, 62937.19965814002353 ], [ 1702268.450572897912934, 63701.075203747423075 ], [ 1705058.586080671288073, 64140.277441632897535 ], [ 1706282.851621275302023, 64868.283249695778068 ], [ 1707303.848926303908229, 64833.222591231409751 ], [ 1705672.050295614404604, 63414.50671671427699 ], [ 1705707.012437233002856, 62651.709349413788004 ], [ 1704924.643936163047329, 62323.830508852399362 ], [ 1703671.923907383810729, 61129.038460836061859 ], [ 1702578.281509207328781, 60650.439655217851396 ], [ 1701759.708562731277198, 60094.803834913334867 ], [ 1700163.216708200983703, 59412.621454611056834 ], [ 1698021.108602448599413, 57449.057187508755305 ], [ 1697022.854000685038045, 56126.832556369445228 ], [ 1697061.036595386918634, 55746.907327007756976 ], [ 1697830.64045503269881, 56050.317662869972992 ], [ 1697509.947339378995821, 55148.737807560479268 ], [ 1697321.31350980210118, 54888.083052887537633 ], [ 1696785.048336517764255, 54721.872324237388966 ], [ 1697056.566531415330246, 55144.987885887727316 ], [ 1696921.846251255832613, 55078.733278284322296 ], [ 1695907.10369726200588, 54489.926492608516128 ], [ 1695815.902723303996027, 54139.290666537242942 ], [ 1695725.364461691817269, 53805.002223383206001 ], [ 1695361.631692881230265, 53334.576014463607862 ], [ 1695024.707791403867304, 52938.647005998987879 ], [ 1694941.589337438112125, 53335.237302884313976 ], [ 1694710.092564126942307, 53702.61698891002743 ], [ 1694237.715876237722114, 54299.696191724135133 ], [ 1694162.429914668668061, 54360.647630868661508 ], [ 1692682.423667541705072, 54728.252851961238775 ], [ 1692492.147139745997265, 54731.70036508305202 ], [ 1691817.706539398990571, 54883.253917350702977 ], [ 1692082.959810338215902, 55135.971235108270776 ] ] ] ] } },
{ "type": "Feature", "properties": { "GEOID": "15003004401", "NAME": "Census Tract 44.01; Honolulu County; Hawaii", "variable": "median_income", "median_income": 110417.0, "income_moe": 23522.0, "tract_area_m2": 5277198.1429911964, "solar_area_m2": 75422.261637944146, "solar_polygon_count": 252, "solar_fraction": 0.014292103421986285, "solar_percent": 1.4292103421986284, "residential_solar_m2": 75422.261637944146, "residential_polygon_count": 252, "residential_solar_percent": 1.4292103421986284 }, "geometry": { "type": "MultiPolygon", "coordinates": [ [ [ [ 1692021.15943969739601, 56042.9606611649142 ], [ 1692799.801021810388193, 56526.4821351667415 ], [ 1693614.082566696451977, 56752.138884156287531 ], [ 1694162.891966959228739, 56617.19168078587245 ], [ 1694758.528741728281602, 56626.873282274289522 ], [ 1695955.654495180817321, 57239.459172973649402 ], [ 1695916.105456583434716, 56317.111720362932829 ], [ 1694775.726600731024519, 55442.313988892754423 ], [ 1694689.754657598445192, 55300.557258966844529 ], [ 1693503.864132828079164, 54970.987570201308699 ], [ 1692082.959810338215902, 55135.971235108270776 ], [ 1692044.193934548413381, 55450.87637663098576 ], [ 1691671.640243430389091, 55640.864958213736827 ], [ 1692021.15943969739601, 56042.9606611649142 ] ] ] ] } },
{ "type": "Feature", "properties": { "GEOID": "15003010601", "NAME": "Census Tract 106.01; Honolulu County; Hawaii", "variable": "median_income", "median_income": 105719.0, "income_moe": 11042.0, "tract_area_m2": 12943875.932517653, "solar_area_m2": 144094.71669074261, "solar_polygon_count": 320, "solar_fraction": 0.011132269610893544, "solar_percent": 1.1132269610893544, "residential_solar_m2": 123269.60344548125, "residential_polygon_count": 318, "residential_solar_percent": 0.95233919181659399 }, "geometry": { "type": "MultiPolygon", "coordinates": [ [ [ [ 1708003.90916278748773, 88504.777269327503745 ], [ 1708127.791399125708267, 88724.706731407204643 ], [ 1708670.650442529236898, 89026.904098081824486 ], [ 1709473.779368720715865, 89026.120615440624533 ], [ 1709896.188079928513616, 89084.063837218855042 ], [ 1710556.113839651923627, 88819.383324465583428 ], [ 1711054.237581614637747, 88984.960350395907881 ], [ 1711576.239414405543357, 89098.264357238062075 ], [ 1712232.537264460232109, 88755.135354313169955 ], [ 1713455.675118698971346, 88828.357014953595353 ], [ 1713963.224631828023121, 89253.465596800437197 ], [ 1715121.934794530272484, 89165.198672475118656 ], [ 1714989.244227618677542, 88756.008592555983341 ], [ 1712831.725247820606455, 87637.465346047756611 ], [ 1711501.612015902064741, 87664.012396199454088 ], [ 1711704.325069978600368, 86922.141631519480143 ], [ 1710961.37022783071734, 86926.967194373966777 ], [ 1710483.350354415830225, 86721.095823922238196 ], [ 1709052.592813789844513, 85899.359766468289308 ], [ 1708572.272505892906338, 85883.851024944553501 ], [ 1707786.549122791038826, 86072.475885508349165 ], [ 1708003.90916278748773, 88504.777269327503745 ] ] ] ] } },
{ "type": "Feature", "properties": { "GEOID": "15003003102", "NAME": "Census Tract 31.02; Honolulu County; Hawaii", "variable": "median_income", "median_income": 139219.0, "income_moe": 60075.0, "tract_area_m2": 41821999.80076059, "solar_area_m2": 142993.88081967508, "solar_polygon_count": 481, "solar_fraction": 0.0034191067261464272, "solar_percent": 0.3419106726146427, "residential_solar_m2": 142993.88081967508, "residential_polygon_count": 481, "residential_solar_percent": 0.3419106726146427 }, "geometry": { "type": "MultiPolygon", "coordinates": [ [ [ [ 1704048.871860832674429, 54658.798229020350846 ], [ 1706087.028049598680809, 58039.175261161530216 ], [ 1706424.749968131538481, 60182.804472156502015 ], [ 1706354.759399374015629, 61744.35982245055493 ], [ 1706149.888780422508717, 62288.993699179591204 ], [ 1705707.012437233002856, 62651.709349413788004 ], [ 1705672.050295614404604, 63414.50671671427699 ], [ 1707303.848926303908229, 64833.222591231409751 ], [ 1708860.604909817920998, 65522.109048506012186 ], [ 1710440.827461688779294, 66972.823685680603376 ], [ 1711402.144716604379937, 67262.516117116625537 ], [ 1712195.342212918447331, 67806.644251927544246 ], [ 1712158.779169162735343, 66649.255118522938574 ], [ 1712442.060375883243978, 65275.430649021145655 ], [ 1711528.247512517962605, 64299.226039638058865 ], [ 1710355.648977534612641, 62619.796149137262546 ], [ 1709374.279703929554671, 61710.381161832847283 ], [ 1708846.31058636191301, 61525.89631893128535 ], [ 1708969.574416806222871, 60413.760642427092534 ], [ 1709139.699400321347639, 60185.853075183782494 ], [ 1708625.258484404534101, 58718.727982056312612 ], [ 1708337.913414978655055, 57978.772494413227832 ], [ 1706955.309125141706318, 56102.998796980558836 ], [ 1706676.237545846262947, 55248.274481798354827 ], [ 1706926.387851581210271, 54996.484206189859833 ], [ 1706693.555368838366121, 53904.248011482755828 ], [ 1705500.12727887625806, 52525.683782786909433 ], [ 1704424.707425202941522, 54043.526392577936349 ], [ 1704399.191477091051638, 54032.59827840107755 ], [ 1704048.871860832674429, 54658.798229020350846 ] ] ] ] } },
{ "type": "Feature", "properties": { "GEOID": "15003003404", "NAME": "Census Tract 34.04; Honolulu County; Hawaii", "variable": "median_income", "median_income": 69569.0, "income_moe": 17131.0, "tract_area_m2": 2808528.4643953117, "solar_area_m2": 28719.324700724836, "solar_polygon_count": 62, "solar_fraction": 0.010225755253973625, "solar_percent": 1.0225755253973625, "residential_solar_m2": 28719.324700724836, "residential_polygon_count": 62, "residential_solar_percent": 1.0225755253973625 }, "geometry": { "type": "MultiPolygon", "coordinates": [ [ [ [ 1694461.179262629011646, 51087.654648483854544 ], [ 1695082.249027619836852, 51921.590888782004185 ], [ 1695107.307506347540766, 52050.208759796274535 ], [ 1695114.406996565405279, 52098.165683047402126 ], [ 1695535.436963598011062, 52139.64429452024342 ], [ 1696137.741154437419027, 51676.752584087378636 ], [ 1696605.284152657026425, 51511.958900012556114 ], [ 1697190.008877943037078, 51271.372755221891566 ], [ 1696134.89927073661238, 50151.441353542555589 ], [ 1695620.236109318910167, 50445.872713790507987 ], [ 1695329.705414846073836, 50604.317171761911595 ], [ 1695049.051923434017226, 50759.140698666480603 ], [ 1694461.179262629011646, 51087.654648483854544 ] ] ] ] } },
{ "type": "Feature", "properties": { "GEOID": "15003010508", "NAME": "Census Tract 105.08; Honolulu County; Hawaii", "variable": "median_income", "median_income": 160395.0, "income_moe": 72617.0, "tract_area_m2": 10337809.971248204, "solar_area_m2": 62097.661887195565, "solar_polygon_count": 188, "solar_fraction": 0.0060068488451522385, "solar_percent": 0.60068488451522384, "residential_solar_m2": 62097.661887195565, "residential_polygon_count": 188, "residential_solar_percent": 0.60068488451522384 }, "geometry": { "type": "MultiPolygon", "coordinates": [ [ [ [ 1706999.435578468255699, 92834.670082051714417 ], [ 1708566.669902340974659, 93203.178984575919458 ], [ 1709223.502766791498289, 93182.226329456520034 ], [ 1710451.136070118984208, 94160.995902317794389 ], [ 1710545.535252952715382, 95056.922031797119416 ], [ 1710940.844524803804234, 94994.235751626489218 ], [ 1710940.032145245233551, 95283.115128314762842 ], [ 1711064.943743966287002, 95286.462053382929298 ], [ 1712149.29485746845603, 93996.5153176960157 ], [ 1712502.409498151391745, 92947.529672860444407 ], [ 1712408.363049745326862, 91563.585935173061443 ], [ 1711842.274499459657818, 91366.093324793750071 ], [ 1711431.715656127547845, 91364.81892197408888 ], [ 1710873.771481258561835, 91182.085748145822436 ], [ 1710711.147678476525471, 91206.209783366299234 ], [ 1710585.453340890351683, 91600.90889170767332 ], [ 1710282.353206865023822, 92142.133167914202204 ], [ 1709436.159188081510365, 92339.009167845099 ], [ 1709205.7343317004852, 92717.592710210796213 ], [ 1707769.261114640859887, 91416.739877235071617 ], [ 1706999.435578468255699, 92834.670082051714417 ] ] ] ] } },
{ "type": "Feature", "properties": { "GEOID": "15003000301", "NAME": "Census Tract 3.01; Honolulu County; Hawaii", "variable": "median_income", "median_income": 175673.0, "income_moe": 56023.0, "tract_area_m2": 92504088.254465684, "solar_area_m2": 187746.58211456929, "solar_polygon_count": 651, "solar_fraction": 0.0020296030765484109, "solar_percent": 0.20296030765484108, "residential_solar_m2": 187746.58211456929, "residential_polygon_count": 651, "residential_solar_percent": 0.20296030765484108 }, "geometry": { "type": "MultiPolygon", "coordinates": [ [ [ [ 1721107.971029821317643, 50503.926382109537371 ], [ 1721481.543518646154553, 51085.700079729045683 ], [ 1721581.852334306575358, 52284.599396590361721 ], [ 1722158.260248254751787, 53774.828343014974962 ], [ 1722258.881210374645889, 54755.413040572209866 ], [ 1722462.166180693777278, 55373.261060287579312 ], [ 1723140.962352504953742, 56645.704906132916221 ], [ 1723242.40029134019278, 57081.770622945296054 ], [ 1724596.033773945644498, 58607.381740847078618 ], [ 1725781.511933855013922, 58388.758420108839346 ], [ 1726264.573248286964372, 57907.486252368726127 ], [ 1727955.555204548640177, 57456.510721854501753 ], [ 1728329.87611775030382, 57299.105787658278132 ], [ 1728715.984129561344162, 57219.460090603482968 ], [ 1728469.211887640180066, 56600.789115614898037 ], [ 1728539.159477130044252, 55460.637238559109392 ], [ 1728400.232133461628109, 54870.115176610495837 ], [ 1728464.665791640523821, 53563.946038444017177 ], [ 1728252.183819026919082, 52779.687873088500055 ], [ 1728441.437575707444921, 51953.587117787406896 ], [ 1728343.207570503698662, 51033.295070619111357 ], [ 1728032.795755739556625, 50174.773780356161296 ], [ 1728424.170214259298518, 49405.308688844721473 ], [ 1728185.04338644631207, 48874.561838761568652 ], [ 1728213.289974599611014, 47630.452743097288476 ], [ 1728516.463069095276296, 47098.777851166465553 ], [ 1728214.147612255997956, 46481.109398903012334 ], [ 1728652.650377118727192, 44603.064185647679551 ], [ 1728106.652782121906057, 42675.821221536425583 ], [ 1728030.876688838703558, 42377.100930274929851 ], [ 1728086.946411853656173, 42233.706132474231708 ], [ 1728025.1966746696271, 41893.234315428759146 ], [ 1727401.241230131359771, 41400.00873690356093 ], [ 1727470.99016846739687, 41218.856853297904308 ], [ 1725696.815849494654685, 40782.285050671976933 ], [ 1725255.392666721949354, 40675.152567833858484 ], [ 1724238.817080361302942, 43027.819412698605447 ], [ 1723591.198852211236954, 43951.299804994887381 ], [ 1723355.087082060985267, 44949.162758942533401 ], [ 1723768.376655094325542, 46492.1888734889435 ], [ 1723423.023782378295437, 48351.890696139285865 ], [ 1723355.247431487776339, 49254.11556731723249 ], [ 1723665.015912356553599, 50579.029434570707963 ], [ 1723947.973533924901858, 51185.744906812884437 ], [ 1723673.424404328223318, 51303.013603040533781 ], [ 1723123.960506170755252, 50672.639844745208393 ], [ 1723187.050157919758931, 49936.41545862233761 ], [ 1722736.011152512393892, 48598.210799028638576 ], [ 1723038.199728386010975, 48003.660635333646496 ], [ 1723089.456888061948121, 47214.746362785735982 ], [ 1721817.721087877871469, 47812.903283639680012 ], [ 1721524.388990609906614, 47961.394571029049985 ], [ 1721313.694606590550393, 49523.443021621511434 ], [ 1721107.971029821317643, 50503.926382109537371 ] ] ] ] } },
{ "type": "Feature", "properties": { "GEOID": "15003010310", "NAME": "Census Tract 103.10; Honolulu County; Hawaii", "variable": "median_income", "median_income": 135938.0, "income_moe": 10676.0, "tract_area_m2": 35021605.313982323, "solar_area_m2": 74694.207552583539, "solar_polygon_count": 210, "solar_fraction": 0.0021328036474319466, "solar_percent": 0.21328036474319464, "residential_solar_m2": 74694.207552583539, "residential_polygon_count": 210, "residential_solar_percent": 0.21328036474319464 }, "geometry": { "type": "MultiPolygon", "coordinates": [ [ [ [ 1698088.06209263461642, 99177.358949865156319 ], [ 1698352.492116458714008, 99330.941810761636589 ], [ 1699677.463742649415508, 99681.855422645356157 ], [ 1700749.404205685481429, 101521.160064528885414 ], [ 1703687.998317430494353, 101869.303117120522074 ], [ 1704044.503283850848675, 102105.164692172504147 ], [ 1704615.798430737107992, 100975.699363919906318 ], [ 1704628.58396866125986, 100967.359749969516997 ], [ 1705531.364281387068331, 100378.518218842684291 ], [ 1705988.149431762285531, 99258.919803061391576 ], [ 1705197.587410899344832, 99100.157670768530807 ], [ 1704867.911782482173294, 98635.873351239119074 ], [ 1704461.098260008264333, 98394.904148902001907 ], [ 1702645.899362820433453, 97282.991996475655469 ], [ 1702631.058104127179831, 96010.834860989038134 ], [ 1703572.142073622206226, 95171.355275103385793 ], [ 1704330.732248882763088, 94794.104299308048212 ], [ 1704876.300511835375801, 93383.12940290789993 ], [ 1703689.698199037695304, 91836.762005046766717 ], [ 1703564.321026655845344, 91433.757716291351244 ], [ 1700464.065699754981324, 96697.093535554668051 ], [ 1700188.853837831877172, 97053.143234615636175 ], [ 1699529.868048457894474, 97529.370149472699268 ], [ 1698924.094088755548, 97874.889630225865403 ], [ 1698411.39497583406046, 98332.401480655011255 ], [ 1698386.876293889712542, 98361.072427568564308 ], [ 1698002.943009313195944, 98949.865572298323968 ], [ 1698088.06209263461642, 99177.358949865156319 ] ] ] ] } },
{ "type": "Feature", "properties": { "GEOID": "15003010103", "NAME": "Census Tract 101.03; Honolulu County; Hawaii", "variable": "median_income", "median_income": 74083.0, "income_moe": 11220.0, "tract_area_m2": 556479775.76385462, "solar_area_m2": 182167.93325419858, "solar_polygon_count": 80, "solar_fraction": 0.00032735768879317291, "solar_percent": 0.032735768879317291, "residential_solar_m2": 59149.158270179185, "residential_polygon_count": 70, "residential_solar_percent": 0.010629165846860796 }, "geometry": { "type": "MultiPolygon", "coordinates": [ [ [ [ 1632416.980125689180568, 190928.64445461134892 ], [ 1632930.89055238594301, 191269.222302000096533 ], [ 1635775.439778637839481, 193136.468476139212726 ], [ 1637275.708526508882642, 193861.809117263444932 ], [ 1639144.262773901224136, 193996.140915720112389 ], [ 1640354.540633591124788, 194317.256933734926861 ], [ 1641376.370404946152121, 195698.421549260237953 ], [ 1643017.398956258548424, 195841.605861761898268 ], [ 1644023.616707005072385, 195806.720287472184282 ], [ 1644188.936541823204607, 195800.990493783989223 ], [ 1646020.898882762528956, 197637.852504135196796 ], [ 1646958.824910988798365, 197770.918110682599945 ], [ 1647941.672478312626481, 197085.920104707445716 ], [ 1648745.779015256790444, 197686.89189665124286 ], [ 1651489.029301916714758, 197527.195405335194664 ], [ 1652857.774419063003734, 196016.293389409431256 ], [ 1653313.258027490694076, 195010.868919922941132 ], [ 1654717.14008470880799, 194559.686079752398655 ], [ 1657664.158059861976653, 191236.19636381289456 ], [ 1657704.019730983534828, 191191.246524724032497 ], [ 1658351.882068608887494, 189951.621105472237105 ], [ 1660368.354402806377038, 187020.029068650328554 ], [ 1661498.997825351310894, 185335.623197749169776 ], [ 1663130.269740636926144, 184320.235500331589719 ], [ 1662546.999920237343758, 183733.787356059096055 ], [ 1661981.983881865162402, 184131.942396640224615 ], [ 1660435.821083673276007, 183711.392300122912275 ], [ 1660379.503364895936102, 183583.499992686789483 ], [ 1660637.418754795799032, 182197.724757049843902 ], [ 1657023.812705043004826, 178821.690429996553576 ], [ 1656258.041697750333697, 177701.133201659889892 ], [ 1655525.966616712743416, 177388.870355719816871 ], [ 1654863.917389501351863, 176794.377001385233598 ], [ 1654692.060882028192282, 175610.074183032091241 ], [ 1654076.20117020001635, 174883.737166721693939 ], [ 1653506.504252158105373, 172821.317903228715295 ], [ 1653744.617021322948858, 172681.155955792026361 ], [ 1653568.706476852763444, 171254.920892409572843 ], [ 1653835.118991741910577, 170710.812380944233155 ], [ 1653507.216836054576561, 169948.593779635993997 ], [ 1652849.037113138940185, 169736.286179532064125 ], [ 1653405.15835332730785, 169240.196153463068185 ], [ 1652923.348023399710655, 168603.997853977489285 ], [ 1653027.608437801478431, 167235.956504277302884 ], [ 1652649.641542065422982, 166907.473683663003612 ], [ 1652558.824497817317024, 165982.210360891855089 ], [ 1652266.774422411108389, 165690.077001431171084 ], [ 1652388.820215586340055, 165232.024340847623535 ], [ 1652224.911013555712998, 164545.775465632992564 ], [ 1651628.773083304055035, 164555.453782301512547 ], [ 1652433.157436769222841, 162949.263129075989127 ], [ 1652171.527439491823316, 161735.165898364444729 ], [ 1651717.84684465941973, 162602.911770405131392 ], [ 1650946.953294860897586, 163278.066005340806441 ], [ 1650664.582967444323003, 163745.535291460313601 ], [ 1649900.256672126241028, 163957.17731696672854 ], [ 1649819.009946097387001, 164309.168719706765842 ], [ 1648323.492690161336213, 165950.165435151779093 ], [ 1648188.521583050256595, 166781.301358274795348 ], [ 1647869.556806878885254, 166924.0195127306215 ], [ 1647561.394920243183151, 167569.503381992544746 ], [ 1646563.842512986157089, 167343.78865048874286 ], [ 1645681.370384464040399, 167685.891354349179892 ], [ 1645316.544491998152807, 168040.042173395020654 ], [ 1643776.182267700321972, 168387.932109081681119 ], [ 1643628.402240099385381, 168891.411962823098293 ], [ 1642540.142605516826734, 169370.870426938403398 ], [ 1641885.249926442047581, 171253.302457253768807 ], [ 1642220.774734780890867, 172274.459449729969492 ], [ 1641802.999903118237853, 173471.052330765349325 ], [ 1641457.596781927160919, 173901.517339235026157 ], [ 1641081.623353281989694, 175168.591500928800087 ], [ 1641208.622937243897468, 176141.426438331749523 ], [ 1640968.516873124521226, 176726.649167920957552 ], [ 1640471.002066456479952, 177358.00734202816966 ], [ 1639643.749914126237854, 177617.386882824852364 ], [ 1638830.441080836113542, 178271.652238620648859 ], [ 1637863.706825943430886, 179901.314779357227962 ], [ 1637190.345886077964678, 180318.384613580594305 ], [ 1636764.265024978201836, 181591.670950864849146 ], [ 1635799.625642635393888, 182453.421486645529512 ], [ 1635391.536687485408038, 183145.850348547741305 ], [ 1635483.266231986694038, 183665.680328945745714 ], [ 1635244.998516100691631, 184686.127460440329742 ], [ 1635058.711743459105492, 185920.173343433940317 ], [ 1634644.501494378317147, 186190.489858911168994 ], [ 1634226.30069276294671, 187138.308514916687272 ], [ 1634086.176498235436156, 187994.552577237365767 ], [ 1633769.771442001219839, 188268.497208794462495 ], [ 1633278.302546123508364, 189480.794103102030931 ], [ 1633199.947120426455513, 190014.812089835235383 ], [ 1632882.608149726875126, 190762.830214237648761 ], [ 1632416.980125689180568, 190928.64445461134892 ] ] ] ] } },
{ "type": "Feature", "properties": { "GEOID": "15003940005", "NAME": "Census Tract 9400.05; Honolulu County; Hawaii", "variable": "median_income", "median_income": 157644.0, "income_moe": 31701.0, "tract_area_m2": 165294368.39931437, "solar_area_m2": 114613.64748400265, "solar_polygon_count": 253, "solar_fraction": 0.00069339112151190537, "solar_percent": 0.069339112151190541, "residential_solar_m2": 99203.170893385584, "residential_polygon_count": 251, "residential_solar_percent": 0.060016062164763427 }, "geometry": { "type": "MultiPolygon", "coordinates": [ [ [ [ 1592221.883115289034322, 83095.167782449178048 ], [ 1591838.828506723744795, 84604.491266578639625 ], [ 1592063.037676661042497, 88011.657021406921558 ], [ 1593530.258737943368033, 90027.890241987348418 ], [ 1593909.996371590998024, 91340.014298631853308 ], [ 1595596.340707505587488, 89588.024827247019857 ], [ 1595559.974364587571472, 85575.133544026990421 ], [ 1596212.744673736859113, 85932.399173391779186 ], [ 1596991.653149307239801, 86634.30263527308125 ], [ 1597397.356310520321131, 87318.353904079282074 ], [ 1597640.278699121903628, 88640.057998764983495 ], [ 1599101.249372924678028, 89468.590999257648946 ], [ 1600897.634526122128591, 89928.933136579915299 ], [ 1603036.202953568892553, 89931.751833209535107 ], [ 1604260.957010729471222, 89709.320298728329362 ], [ 1606009.016061736969277, 89687.822459047223674 ], [ 1606865.438614262267947, 88452.560923329670914 ], [ 1607143.612981394631788, 85045.74923268132261 ], [ 1606515.847031917655841, 84857.612924805027433 ], [ 1606379.540015548001975, 84494.441389738742146 ], [ 1605584.901476976694539, 83003.415723787067691 ], [ 1604949.4108179602772, 82497.815331564954249 ], [ 1605188.658082836307585, 80560.40280993898341 ], [ 1604913.797834605444223, 80100.33710762100236 ], [ 1603418.307345931651071, 78790.354283690903685 ], [ 1602117.265567952301353, 78300.509402517840499 ], [ 1600633.458012633025646, 78219.496621342274011 ], [ 1600235.94551788805984, 78057.054439019586425 ], [ 1599734.580667030531913, 77343.995582261588424 ], [ 1598395.892424435354769, 76662.469754314966849 ], [ 1597519.785744762513787, 75408.837124412384583 ], [ 1596927.074699723394588, 74994.839006440888625 ], [ 1596068.257858261698857, 73739.036864194145892 ], [ 1594795.522087433142588, 73149.450579291165923 ], [ 1594369.835525718517601, 73130.562584809260443 ], [ 1594287.158448377856985, 73533.486173251309083 ], [ 1594231.48759949253872, 73686.465549181506503 ], [ 1592893.304395285667852, 76054.26052269244974 ], [ 1593992.694180204067379, 76902.954767183662625 ], [ 1594093.183450133074075, 77825.179220847800025 ], [ 1594969.684412595583126, 78293.029713377341977 ], [ 1595404.245543291093782, 78799.043619943142403 ], [ 1594548.111310420790687, 79451.819387024195748 ], [ 1594450.789843023987487, 79431.560527674242621 ], [ 1593762.68721795338206, 80017.002164097095374 ], [ 1593813.497440370731056, 80541.865905330982059 ], [ 1592974.244837382575497, 80612.713067506658263 ], [ 1592527.726173437666148, 81199.773427500927937 ], [ 1592552.918499975930899, 81218.277036015162594 ], [ 1591747.163161574397236, 82194.716875563914073 ], [ 1592221.883115289034322, 83095.167782449178048 ] ] ] ] } },
{ "type": "Feature", "properties": { "GEOID": "15003001906", "NAME": "Census Tract 19.06; Honolulu County; Hawaii", "variable": "median_income", "median_income": 76479.0, "income_moe": 18381.0, "tract_area_m2": 1012253.44815286, "solar_area_m2": 4245.3348176965092, "solar_polygon_count": 2, "solar_fraction": 0.0041939445357714626, "solar_percent": 0.41939445357714628, "residential_solar_m2": 4245.3348176965092, "residential_polygon_count": 2, "residential_solar_percent": 0.41939445357714628 }, "geometry": { "type": "MultiPolygon", "coordinates": [ [ [ [ 1695787.321992846438661, 44225.671596969652455 ], [ 1696667.859980025095865, 44418.02134708010999 ], [ 1696776.670502138556913, 44219.798492815702048 ], [ 1697002.487703062128276, 43801.5668360302152 ], [ 1697287.992276900913566, 43284.594130697521905 ], [ 1696366.641844637226313, 43035.887507090832514 ], [ 1696397.729482015362009, 43260.774246309578302 ], [ 1696607.562384928110987, 43478.219308707411983 ], [ 1696341.158745090709999, 43641.042541697308479 ], [ 1695977.016268852399662, 43833.916039044830541 ], [ 1695787.321992846438661, 44225.671596969652455 ] ] ] ] } },
{ "type": "Feature", "properties": { "GEOID": "15003008939", "NAME": "Census Tract 89.39; Honolulu County; Hawaii", "variable": "median_income", "median_income": 84438.0, "income_moe": 15417.0, "tract_area_m2": 14083109.567047292, "solar_area_m2": 17232.330969291092, "solar_polygon_count": 21, "solar_fraction": 0.0012236169069942183, "solar_percent": 0.12236169069942184, "residential_solar_m2": 14538.91317841391, "residential_polygon_count": 20, "residential_solar_percent": 0.1032365267712831 }, "geometry": { "type": "MultiPolygon", "coordinates": [ [ [ [ 1632207.234108472708613, 113539.168739907734562 ], [ 1632788.539672270417213, 112814.73960862660897 ], [ 1634309.325175864156336, 112119.261775944294641 ], [ 1634883.246194348903373, 111892.524178338440834 ], [ 1635246.369214709382504, 111747.546555642737076 ], [ 1635606.433788659283891, 111599.665608393333969 ], [ 1635265.273565836483613, 110336.27644741248514 ], [ 1634622.262574319262058, 110135.096122198214289 ], [ 1634498.736609748098999, 109270.912599326053169 ], [ 1633802.199444957543164, 108063.153286910630413 ], [ 1633961.607176703168079, 107475.378341013929457 ], [ 1632992.79334318684414, 107276.074644280481152 ], [ 1632737.131140902871266, 107636.828483085715561 ], [ 1632435.822475414257497, 107434.173479673088877 ], [ 1632344.424738880479708, 107923.862321684078779 ], [ 1632293.523225858807564, 108610.069156123281573 ], [ 1631482.293746600160375, 113249.766425060675829 ], [ 1632207.234108472708613, 113539.168739907734562 ] ] ] ] } },
{ "type": "Feature", "properties": { "GEOID": "15003007001", "NAME": "Census Tract 70.01; Honolulu County; Hawaii", "variable": "median_income", "median_income": 73542.0, "income_moe": 13394.0, "tract_area_m2": 14718699.627805589, "solar_area_m2": 320156.73393723054, "solar_polygon_count": 220, "solar_fraction": 0.021751699676811918, "solar_percent": 2.175169967681192, "residential_solar_m2": 161222.97180281917, "residential_polygon_count": 219, "residential_solar_percent": 1.0953615188820585 }, "geometry": { "type": "MultiPolygon", "coordinates": [ [ [ [ 1661251.765319596510381, 64991.311676578879997 ], [ 1662425.058454368961975, 66094.988161054541706 ], [ 1662409.689255456905812, 66229.749707116032369 ], [ 1662674.427831403911114, 66278.898590484022861 ], [ 1663006.208102492848411, 65516.927109476680926 ], [ 1663303.51485259225592, 67403.803628583409591 ], [ 1663630.96110857790336, 67224.132931435859064 ], [ 1664153.05030349153094, 67839.354013498537824 ], [ 1665217.806897706352174, 68644.81187114281056 ], [ 1665439.125519739929587, 69097.168661391522619 ], [ 1665488.206743088550866, 68927.187771699202131 ], [ 1665592.846944217570126, 68563.254299025458749 ], [ 1665871.398884624708444, 67442.014784523620619 ], [ 1665886.829674739623442, 67195.371364367252681 ], [ 1665919.902539539383724, 67061.708940718861413 ], [ 1666465.16955213714391, 66149.83599351621524 ], [ 1665946.038828580174595, 65774.342852556990692 ], [ 1665769.420639565913007, 65768.446871665131766 ], [ 1665367.332276455592364, 65428.61399644172343 ], [ 1664249.777164491126314, 63064.764831924738246 ], [ 1664186.528661595657468, 62946.678748920130602 ], [ 1663393.023731579538435, 63413.479009284892527 ], [ 1662631.272670120000839, 63663.077471676617279 ], [ 1660626.741956369020045, 64632.539058322079654 ], [ 1661251.765319596510381, 64991.311676578879997 ] ] ] ] } },
{ "type": "Feature", "properties": { "GEOID": "15003004302", "NAME": "Census Tract 43.02; Honolulu County; Hawaii", "variable": "median_income", "median_income": 67311.0, "income_moe": 11615.0, "tract_area_m2": 4187431.7397649866, "solar_area_m2": 44173.759474928564, "solar_polygon_count": 84, "solar_fraction": 0.010549129447399124, "solar_percent": 1.0549129447399124, "residential_solar_m2": 44173.759474928564, "residential_polygon_count": 84, "residential_solar_percent": 1.0549129447399124 }, "geometry": { "type": "MultiPolygon", "coordinates": [ [ [ [ 1689489.890555008081719, 54462.240711108031974 ], [ 1690329.736579291056842, 55429.274635048059281 ], [ 1690687.768341775517911, 55840.087592086631048 ], [ 1691322.613966770702973, 55789.830576338565152 ], [ 1691521.112031910801306, 55727.176132886270352 ], [ 1691671.640243430389091, 55640.864958213736827 ], [ 1692044.193934548413381, 55450.87637663098576 ], [ 1692082.959810338215902, 55135.971235108270776 ], [ 1691817.706539398990571, 54883.253917350702977 ], [ 1692492.147139745997265, 54731.70036508305202 ], [ 1692274.153226637048647, 54534.604788142692996 ], [ 1691567.044647523202002, 54318.152287968761811 ], [ 1691080.460997708374634, 53782.615608134372451 ], [ 1690844.288415314862505, 53360.65386001047591 ], [ 1690809.09468582784757, 52777.959594913612818 ], [ 1690514.615682090399787, 53183.803052904266224 ], [ 1690017.068959715776145, 53806.686623790454178 ], [ 1689489.890555008081719, 54462.240711108031974 ] ] ] ] } },
{ "type": "Feature", "properties": { "GEOID": "15003008948", "NAME": "Census Tract 89.48; Honolulu County; Hawaii", "variable": "median_income", "median_income": 110417.0, "income_moe": 24232.0, "tract_area_m2": 6687477.0916639138, "solar_area_m2": 72831.63793375052, "solar_polygon_count": 186, "solar_fraction": 0.010890749521151519, "solar_percent": 1.0890749521151519, "residential_solar_m2": 72831.63793375052, "residential_polygon_count": 186, "residential_solar_percent": 1.0890749521151519 }, "geometry": { "type": "MultiPolygon", "coordinates": [ [ [ [ 1639239.400066718459129, 90554.741952839191072 ], [ 1640259.177988637704402, 91144.297575277014403 ], [ 1640216.320956044830382, 91588.19955153769115 ], [ 1640849.329943007789552, 91826.135244344492094 ], [ 1641142.544551769969985, 91059.299807854768005 ], [ 1641306.50127988611348, 90763.246692293250817 ], [ 1641372.155163845978677, 90496.616185069127823 ], [ 1641986.170152707956731, 89147.489484336067108 ], [ 1642224.975779472151771, 88778.06347982614534 ], [ 1642560.074085222091526, 87849.588194020878291 ], [ 1641386.153437616769224, 87631.962418996045017 ], [ 1641062.991442260332406, 87611.251823020735173 ], [ 1640668.390260379062966, 88230.240212834411068 ], [ 1640462.588954912265763, 88563.347318144675228 ], [ 1639786.694443865213543, 89669.108937246885034 ], [ 1639239.400066718459129, 90554.741952839191072 ] ] ] ] } },
{ "type": "Feature", "properties": { "GEOID": "15003008936", "NAME": "Census Tract 89.36; Honolulu County; Hawaii", "variable": "median_income", "median_income": 112228.0, "income_moe": 18677.0, "tract_area_m2": 8649445.7462856416, "solar_area_m2": 151243.52707671348, "solar_polygon_count": 447, "solar_fraction": 0.017485921238555944, "solar_percent": 1.7485921238555944, "residential_solar_m2": 151243.52707671348, "residential_polygon_count": 447, "residential_solar_percent": 1.7485921238555944 }, "geometry": { "type": "MultiPolygon", "coordinates": [ [ [ [ 1628718.999817022122443, 80442.913037009013351 ], [ 1629947.645449004368857, 81072.909591800824273 ], [ 1630114.826935114804655, 81784.134942188829882 ], [ 1630386.824449522653595, 82696.585830341791734 ], [ 1632200.59195467014797, 83667.263493902835762 ], [ 1632480.505435931961983, 83210.243195974820992 ], [ 1631817.392220098525286, 82803.860667833840125 ], [ 1632079.221317469840869, 81995.571413182129618 ], [ 1632137.32879460696131, 81557.474020874986309 ], [ 1632081.142784658819437, 81227.645126376097323 ], [ 1632079.72221618401818, 80844.772198642778676 ], [ 1632528.094285883475095, 80641.280099443378276 ], [ 1631712.858864769572392, 80153.188979198253946 ], [ 1629532.132456038612872, 78845.136479677064926 ], [ 1629082.83442688267678, 79512.896323212597053 ], [ 1628718.999817022122443, 80442.913037009013351 ] ] ] ] } },
{ "type": "Feature", "properties": { "GEOID": "15003010903", "NAME": "Census Tract 109.03; Honolulu County; Hawaii", "variable": "median_income", "median_income": 130943.0, "income_moe": 15114.0, "tract_area_m2": 8824255.3914191276, "solar_area_m2": 124240.72504644966, "solar_polygon_count": 405, "solar_fraction": 0.014079457080000617, "solar_percent": 1.4079457080000617, "residential_solar_m2": 124240.72504644966, "residential_polygon_count": 405, "residential_solar_percent": 1.4079457080000617 }, "geometry": { "type": "MultiPolygon", "coordinates": [ [ [ [ 1723427.85878172959201, 87380.803902377854683 ], [ 1723991.002194204134867, 88152.886193077079952 ], [ 1724207.942577383713797, 87992.664646921883104 ], [ 1724693.954616085393354, 87621.08657153310196 ], [ 1725024.522746295202523, 87028.403452178579755 ], [ 1725323.061052962206304, 86473.450654009939171 ], [ 1725913.010990243405104, 85364.265259258521837 ], [ 1726259.686448676045984, 84714.946929182333406 ], [ 1726514.241490003187209, 84236.578348459792323 ], [ 1726717.948363192146644, 83859.115433223501896 ], [ 1727301.665841467445716, 83270.488684732903494 ], [ 1727714.99084988120012, 82866.852776003259351 ], [ 1727419.84913287893869, 82561.958635941453394 ], [ 1727030.089730201289058, 82279.434936615085462 ], [ 1726546.865775907645002, 81936.462129230567371 ], [ 1726438.908808661391959, 81793.526722685623099 ], [ 1726313.970074562123045, 82055.600107688747812 ], [ 1725914.770483168307692, 82776.759332709159935 ], [ 1725004.05692853522487, 84055.80470392643474 ], [ 1723949.445357057265937, 86013.93868673396355 ], [ 1723427.85878172959201, 87380.803902377854683 ] ] ] ] } },
{ "type": "Feature", "properties": { "GEOID": "15003010507", "NAME": "Census Tract 105.07; Honolulu County; Hawaii", "variable": "median_income", "median_income": 116641.0, "income_moe": 12425.0, "tract_area_m2": 13713581.547627909, "solar_area_m2": 208877.89598136229, "solar_polygon_count": 309, "solar_fraction": 0.015231461982117479, "solar_percent": 1.523146198211748, "residential_solar_m2": 176642.64396571691, "residential_polygon_count": 306, "residential_solar_percent": 1.2880854162877053 }, "geometry": { "type": "MultiPolygon", "coordinates": [ [ [ [ 1700750.214857289101928, 87873.097034429985797 ], [ 1701095.708538092905656, 88577.486118239496136 ], [ 1702233.829743417911232, 88937.329337269606185 ], [ 1702700.013857239158824, 89384.317767154017929 ], [ 1703338.447345457971096, 90580.918984100339003 ], [ 1703829.540662297047675, 90942.217660120732035 ], [ 1703863.525992519455031, 90967.32301266748982 ], [ 1704655.427521504694596, 91226.185151169192977 ], [ 1705800.671711115865037, 92092.499244683611323 ], [ 1706999.435578468255699, 92834.670082051714417 ], [ 1707769.261114640859887, 91416.739877235071617 ], [ 1707943.987955919234082, 90965.790979788507684 ], [ 1707211.363415512256324, 90915.828911888660514 ], [ 1706126.309570893412456, 89785.105428054754157 ], [ 1705950.964427064172924, 89086.703608812793391 ], [ 1705322.558049277635291, 89188.738551946851658 ], [ 1705093.635250413557515, 89463.811966331792064 ], [ 1705053.87602825392969, 89431.070390296081314 ], [ 1704656.887144425883889, 89165.411256827850593 ], [ 1702883.463875674176961, 89005.651862411919865 ], [ 1702992.918247875757515, 88492.130374478903832 ], [ 1702667.902442708145827, 86875.243993537806091 ], [ 1702085.673614451196045, 86446.285267153391032 ], [ 1701607.452936035813764, 86679.674435096123489 ], [ 1701402.296805998543277, 87002.377635205280967 ], [ 1701392.075342387426645, 87016.533092261204729 ], [ 1700796.206907005282119, 87812.121378514828393 ], [ 1700750.214857289101928, 87873.097034429985797 ] ] ] ] } },
{ "type": "Feature", "properties": { "GEOID": "15003008933", "NAME": "Census Tract 89.33; Honolulu County; Hawaii", "variable": "median_income", "median_income": 145543.0, "income_moe": 46752.0, "tract_area_m2": 43619715.792978004, "solar_area_m2": 2394616.3792841509, "solar_polygon_count": 1052, "solar_fraction": 0.054897569499286869, "solar_percent": 5.4897569499286867, "residential_solar_m2": 1450109.708415621, "residential_polygon_count": 984, "residential_solar_percent": 3.3244363977471463 }, "geometry": { "type": "MultiPolygon", "coordinates": [ [ [ [ 1630151.910487996879965, 95942.479705858422676 ], [ 1630639.864851374179125, 97171.656890788523015 ], [ 1630785.434488948900253, 99068.570495025196578 ], [ 1630411.808552387636155, 99823.492477143139695 ], [ 1630365.311080314218998, 100328.795249028669787 ], [ 1630936.846728702541441, 101366.886558614976821 ], [ 1630563.329589646775275, 102634.367649131309008 ], [ 1630996.581169349141419, 102610.677404166723136 ], [ 1631317.771470850100741, 101551.356089277804131 ], [ 1631194.200926545774564, 100853.555504284071503 ], [ 1631772.582997146295384, 100205.403462405578466 ], [ 1631724.538816396612674, 99644.901846908236621 ], [ 1631628.565053360769525, 99237.340473010350252 ], [ 1631520.018271963577718, 98902.433298952906625 ], [ 1631664.723275343887508, 97823.165887019669753 ], [ 1632608.085562228923663, 97199.303313600350521 ], [ 1633093.381771714892238, 96904.268021095456788 ], [ 1633549.462301544845104, 96832.282030866903369 ], [ 1634454.864784318488091, 97046.132757610699628 ], [ 1634713.030049445107579, 97244.080762605997734 ], [ 1634784.468627518042922, 97391.556396764528472 ], [ 1634762.405905799474567, 97809.670087622580468 ], [ 1635520.862549407174811, 98032.272972989740083 ], [ 1635713.696351791964844, 97970.501541719931993 ], [ 1635917.634549323003739, 96492.019142650140566 ], [ 1635868.916367410914972, 95532.292945019318722 ], [ 1636099.474070432130247, 94989.201686472821166 ], [ 1636380.390245813410729, 94643.357241618039552 ], [ 1636592.961328452918679, 94535.45370359030494 ], [ 1636435.122243729420006, 94264.110908519127406 ], [ 1637089.469918496673927, 93308.332315127248876 ], [ 1636519.384694063803181, 93039.922747957651154 ], [ 1636295.508863555034623, 92183.739021110653994 ], [ 1635979.467579175950959, 91587.657121835218277 ], [ 1636331.817368816118687, 91051.459505377380992 ], [ 1636230.005316067719832, 89680.893660621644813 ], [ 1635931.989480265649036, 89232.657200441710302 ], [ 1636052.369389358675107, 88780.754043651832035 ], [ 1635462.44998440425843, 87962.38500402601494 ], [ 1635886.906460048165172, 87089.438316499101347 ], [ 1634738.217359377304092, 87835.680051065966836 ], [ 1634406.342211045790464, 88993.056748850460281 ], [ 1633648.469599458854645, 89061.076732501140214 ], [ 1632548.184319392545149, 89996.254338282407844 ], [ 1632725.186538790119812, 90837.53492683985678 ], [ 1631997.68882353277877, 93525.758264248739579 ], [ 1631947.075806006090716, 93946.783192257644259 ], [ 1631542.287254930706695, 93747.419915151884197 ], [ 1631317.552422288106754, 94288.71339961871854 ], [ 1630276.203707473352551, 94943.493703873595223 ], [ 1630151.910487996879965, 95942.479705858422676 ] ] ] ] } },
{ "type": "Feature", "properties": { "GEOID": "15003006203", "NAME": "Census Tract 62.03; Honolulu County; Hawaii", "variable": "median_income", "median_income": 90369.0, "income_moe": 12902.0, "tract_area_m2": 5354726.1473265933, "solar_area_m2": 74991.825057338763, "solar_polygon_count": 133, "solar_fraction": 0.014004791840714258, "solar_percent": 1.4004791840714257, "residential_solar_m2": 74991.825057338763, "residential_polygon_count": 133, "residential_solar_percent": 1.4004791840714257 }, "geometry": { "type": "MultiPolygon", "coordinates": [ [ [ [ 1679966.440888781333342, 62148.121343438404438 ], [ 1679989.570422221906483, 62165.937948695391242 ], [ 1681072.79364914749749, 63140.27440508948348 ], [ 1680428.42228681081906, 63772.217880105461518 ], [ 1681339.067668075906113, 64296.357583263110428 ], [ 1681554.671740822028369, 64060.043031399683969 ], [ 1682420.569581933319569, 63907.420856318742153 ], [ 1682971.492817480815575, 63553.317720889535849 ], [ 1681733.845819288399071, 62963.511178239219589 ], [ 1681909.267664093524218, 62766.398781946685631 ], [ 1682098.807677639648318, 62359.336065988027258 ], [ 1682653.514556721318513, 62403.724355095000647 ], [ 1682720.249767221976072, 61934.450455683509063 ], [ 1682350.516029583057389, 61665.350601742517028 ], [ 1682037.259514573961496, 61415.912981181078067 ], [ 1681691.060977720655501, 61070.552354296240082 ], [ 1681360.457130348077044, 60799.3100837811362 ], [ 1680011.486219325102866, 61983.963021730931359 ], [ 1679810.308726429240778, 62037.939864109663176 ], [ 1679966.440888781333342, 62148.121343438404438 ] ] ] ] } },
{ "type": "Feature", "properties": { "GEOID": "15003009804", "NAME": "Census Tract 98.04; Honolulu County; Hawaii", "variable": "median_income", "median_income": 79375.0, "income_moe": 30846.0, "tract_area_m2": 19891354.170063697, "solar_area_m2": 283462.10662581754, "solar_polygon_count": 299, "solar_fraction": 0.014250518300680875, "solar_percent": 1.4250518300680874, "residential_solar_m2": 112048.92521054769, "residential_polygon_count": 292, "residential_solar_percent": 0.563304661173749 }, "geometry": { "type": "MultiPolygon", "coordinates": [ [ [ [ 1566507.59480894706212, 112431.424854420794873 ], [ 1567807.439104283694178, 112157.187663724529557 ], [ 1568758.121353205060586, 112405.824183931821608 ], [ 1569177.198798986617476, 111523.258057674975134 ], [ 1570098.601479711011052, 110967.692965742695378 ], [ 1571390.145392209058627, 111331.081643283658195 ], [ 1571611.408248032676056, 110997.319603836920578 ], [ 1572417.777643996058032, 110333.691565714994795 ], [ 1572410.761736945947632, 110165.146530183847062 ], [ 1572517.897997759049758, 109653.17235768509272 ], [ 1571653.644488577963784, 108421.730956928935484 ], [ 1572539.950731979683042, 107747.467924154523644 ], [ 1572663.036760227521881, 107204.960126773861703 ], [ 1571300.031531066633761, 106086.410035492779571 ], [ 1570480.523028087802231, 106226.23680001309549 ], [ 1569438.850445614662021, 106809.207787883919082 ], [ 1569514.909494697116315, 106980.20320964018174 ], [ 1569726.28259745053947, 107388.592782765466836 ], [ 1568693.520238339435309, 108622.161626690562116 ], [ 1568174.092300175689161, 109235.688696079625515 ], [ 1568022.844240191392601, 109535.586236781120533 ], [ 1567863.637317906133831, 110231.81526334802038 ], [ 1567551.209769811481237, 110523.579185859998688 ], [ 1567137.950774764176458, 110926.279061366527458 ], [ 1567041.935249664122239, 111079.708493632890168 ], [ 1567144.067769625922665, 111170.746895371281425 ], [ 1567232.661496775457636, 111307.212033474774216 ], [ 1566943.653974313521758, 111561.894651342372526 ], [ 1566689.634595854673535, 112035.578304958951776 ], [ 1566507.59480894706212, 112431.424854420794873 ] ] ] ] } },
{ "type": "Feature", "properties": { "GEOID": "15003981801", "NAME": "Census Tract 9818.01; Honolulu County; Hawaii", "variable": "median_income", "median_income": 82143.0, "income_moe": 9081.0, "tract_area_m2": 9641712.2961722352, "solar_area_m2": 195773.36062140079, "solar_polygon_count": 464, "solar_fraction": 0.0203048332710698, "solar_percent": 2.03048332710698, "residential_solar_m2": 182092.16627245632, "residential_polygon_count": 463, "residential_solar_percent": 1.8885874280312951 }, "geometry": { "type": "MultiPolygon", "coordinates": [ [ [ [ 1726664.229838620405644, 102566.307674206036609 ], [ 1727708.166663390351459, 102631.578720480625634 ], [ 1728188.698372889077291, 103457.33960755453154 ], [ 1728005.002206113887951, 103905.304589271865552 ], [ 1728733.936314262682572, 104217.824998070922447 ], [ 1729483.696617114590481, 103865.980859239556594 ], [ 1729599.953122123377398, 101862.776354540706961 ], [ 1729186.914881890872493, 101764.368847617224674 ], [ 1728815.646325356094167, 101086.628713472164236 ], [ 1727696.069432074669749, 101089.142669742199359 ], [ 1727564.659111577784643, 99924.305847143768915 ], [ 1724577.055395973147824, 100911.93950421109912 ], [ 1726664.229838620405644, 102566.307674206036609 ] ] ] ] } },
{ "type": "Feature", "properties": { "GEOID": "15003002101", "NAME": "Census Tract 21.01; Honolulu County; Hawaii", "variable": "median_income", "median_income": 56016.0, "income_moe": 15558.0, "tract_area_m2": 8351287.6556483135, "solar_area_m2": 17364.300662004418, "solar_polygon_count": 15, "solar_fraction": 0.0020792363259407357, "solar_percent": 0.20792363259407357, "residential_solar_m2": 9840.9954860305588, "residential_polygon_count": 14, "residential_solar_percent": 0.11783806152784949 }, "geometry": { "type": "MultiPolygon", "coordinates": [ [ [ [ 1699682.813739851349965, 42298.403782350294932 ], [ 1700222.384889868786559, 42351.310154407809023 ], [ 1700946.101491297129542, 42441.84424749873142 ], [ 1701523.954075360903516, 42959.409294089666218 ], [ 1701557.018816224997863, 42923.847964950597088 ], [ 1702322.15415624063462, 42220.736772547890723 ], [ 1702767.595551890321076, 42705.833223406254547 ], [ 1703239.62761944369413, 42280.285415891732555 ], [ 1703463.557293906109408, 42069.860038361774059 ], [ 1703690.89292549341917, 41859.802856904498185 ], [ 1703758.776535894954577, 40881.638643636892084 ], [ 1703771.110819105291739, 40527.116934091805888 ], [ 1703437.883684977190569, 39865.239208011189476 ], [ 1703394.733479101909325, 39788.178746401652461 ], [ 1702974.100103068631142, 39034.661789820987906 ], [ 1702926.879672418814152, 38943.066837288330134 ], [ 1702824.021354666445404, 38971.281170207395917 ], [ 1702395.945025170687586, 39345.300965959606401 ], [ 1702510.225139746209607, 39450.050016104818496 ], [ 1701010.163227698532864, 40882.828984299587319 ], [ 1699484.684697404503822, 42281.112699257166241 ], [ 1699682.813739851349965, 42298.403782350294932 ] ] ] ] } },
{ "type": "Feature", "properties": { "GEOID": "15003003104", "NAME": "Census Tract 31.04; Honolulu County; Hawaii", "variable": "median_income", "median_income": 204375.0, "income_moe": 56457.0, "tract_area_m2": 9473880.2264950536, "solar_area_m2": 85901.538314816702, "solar_polygon_count": 289, "solar_fraction": 0.0090671969943826002, "solar_percent": 0.90671969943826003, "residential_solar_m2": 85901.538314816702, "residential_polygon_count": 289, "residential_solar_percent": 0.90671969943826003 }, "geometry": { "type": "MultiPolygon", "coordinates": [ [ [ [ 1706604.550430867122486, 53209.229310195696598 ], [ 1707252.656877746572718, 54301.98055594649486 ], [ 1707875.397431072546169, 54703.068348845481523 ], [ 1708800.791705822572112, 56387.933527703840809 ], [ 1710027.15847378061153, 55858.06679959930625 ], [ 1710330.208510699449107, 55246.736945786578872 ], [ 1710420.441916116280481, 54438.972269526377204 ], [ 1710116.177097492618486, 54409.152346489427146 ], [ 1709543.557410266250372, 53688.800739255682856 ], [ 1709454.025302892550826, 52638.148561441761558 ], [ 1708896.609866197453812, 51985.026469306452782 ], [ 1708038.701050098286942, 51795.408799957054725 ], [ 1707101.656293122563511, 52827.699461822492594 ], [ 1706604.550430867122486, 53209.229310195696598 ] ] ] ] } },
{ "type": "Feature", "properties": { "GEOID": "15003008011", "NAME": "Census Tract 80.11; Honolulu County; Hawaii", "variable": "median_income", "median_income": 132167.0, "income_moe": 35893.0, "tract_area_m2": 16763496.423381636, "solar_area_m2": 182679.51598340776, "solar_polygon_count": 439, "solar_fraction": 0.01089745906042652, "solar_percent": 1.089745906042652, "residential_solar_m2": 166612.04807878681, "residential_polygon_count": 437, "residential_solar_percent": 0.99389795464386066 }, "geometry": { "type": "MultiPolygon", "coordinates": [ [ [ [ 1646450.426735156914219, 86298.048073392666993 ], [ 1647689.575896666850895, 87208.890075113449711 ], [ 1647407.492786890827119, 87814.403519885396236 ], [ 1647941.068550228141248, 88881.728408181486884 ], [ 1649371.688806573394686, 89506.026852368813707 ], [ 1650476.355139143764973, 90406.741003619201365 ], [ 1650728.843620828352869, 91676.377531118516345 ], [ 1651281.163685431005433, 92047.374116039747605 ], [ 1651835.645561808720231, 91817.183941397612216 ], [ 1651953.855494929011911, 90984.984089125035098 ], [ 1650853.671844419790432, 89962.548466245862073 ], [ 1651940.122287896927446, 89998.734525950349052 ], [ 1652499.943014773074538, 90333.056025961966952 ], [ 1652940.174600128317252, 90022.934834973944817 ], [ 1653158.111248411936685, 90454.900646885522292 ], [ 1653846.159240062814206, 90778.006090036753449 ], [ 1654856.736694649560377, 90817.501847672392614 ], [ 1654993.77768906019628, 90962.842499985781615 ], [ 1655299.071704104542732, 90318.142962064957828 ], [ 1654616.344467291841283, 90463.260347494971938 ], [ 1654426.553303388878703, 90409.447945733685629 ], [ 1653425.658637195825577, 89686.673705606066505 ], [ 1653006.145961769158021, 88660.36850765926647 ], [ 1652823.244856621837243, 88198.624546646955423 ], [ 1652672.877597437007353, 88256.711123162720469 ], [ 1651790.752341594779864, 88597.252080441336147 ], [ 1651440.398317367769778, 88521.62089034426026 ], [ 1650763.645909677958116, 87611.88713273666508 ], [ 1650425.891151431715116, 87425.108118434160133 ], [ 1649810.57349243434146, 87119.496341069418122 ], [ 1649471.541143796639517, 86404.546140326172463 ], [ 1649110.928550365846604, 86547.246575574448798 ], [ 1647817.296404160792008, 86087.167168499712716 ], [ 1647630.828538357745856, 86448.946497133452795 ], [ 1646957.983055983437225, 86226.182769038452534 ], [ 1646450.426735156914219, 86298.048073392666993 ] ] ] ] } },
{ "type": "Feature", "properties": { "GEOID": "15003003703", "NAME": "Census Tract 37.03; Honolulu County; Hawaii", "variable": "median_income", "median_income": 103023.0, "income_moe": 32769.0, "tract_area_m2": 20075321.01653982, "solar_area_m2": 342232.87460467173, "solar_polygon_count": 81, "solar_fraction": 0.017047442196451559, "solar_percent": 1.7047442196451559, "residential_solar_m2": 141074.34772389141, "residential_polygon_count": 72, "residential_solar_percent": 0.70272523964952749 }, "geometry": { "type": "MultiPolygon", "coordinates": [ [ [ [ 1689757.432334226788953, 45572.553824629903829 ], [ 1689989.182614495744929, 46037.73258642910514 ], [ 1690136.684228397905827, 45937.610750421481498 ], [ 1690422.809542706934735, 46133.307155283066095 ], [ 1691193.480801434256136, 45852.871358927965048 ], [ 1691314.549455177271739, 45987.026775348895171 ], [ 1692351.591790014645085, 45560.469134114522603 ], [ 1692524.792194235604256, 45997.268575077512651 ], [ 1691642.389272507047281, 46344.780695655084855 ], [ 1691260.691046552266926, 46779.596738141408423 ], [ 1691064.739588424796239, 46634.109842999496323 ], [ 1690601.201431339839473, 47222.510056990184239 ], [ 1690021.816386700375006, 47564.157411790190963 ], [ 1690403.491087983828038, 47869.281819893461943 ], [ 1690574.191780275665224, 48075.406290828381316 ], [ 1691417.387476948322728, 49185.580115607081098 ], [ 1692911.687342388322577, 48620.70627907000744 ], [ 1692593.836262506898493, 47815.787469433773367 ], [ 1692220.338814327726141, 46809.937407732053543 ], [ 1692765.956814095145091, 46556.914853906695498 ], [ 1692942.720339519903064, 46476.444947744741512 ], [ 1693441.0128711219877, 46235.370364867478202 ], [ 1694037.056511180242524, 45952.986878125360818 ], [ 1694938.615533555625007, 45537.241584257695649 ], [ 1694796.952365684788674, 45240.682393552553549 ], [ 1694909.833016448188573, 44713.351455065378104 ], [ 1694206.985436449991539, 44542.276872713824559 ], [ 1694547.542401467915624, 44432.189625909093593 ], [ 1694822.362285973038524, 44017.630854659139004 ], [ 1693781.269653778523207, 43673.31153806115617 ], [ 1693577.776885696919635, 43575.031203545760945 ], [ 1693053.476570261409506, 41791.550191144175187 ], [ 1692846.850238551385701, 41805.629379690748465 ], [ 1689796.530465279007331, 43637.379714719201729 ], [ 1689757.432334226788953, 45572.553824629903829 ] ] ] ] } },
{ "type": "Feature", "properties": { "GEOID": "15003000903", "NAME": "Census Tract 9.03; Honolulu County; Hawaii", "variable": "median_income", "median_income": 133906.0, "income_moe": 28958.0, "tract_area_m2": 6530347.4290731726, "solar_area_m2": 87710.71132490848, "solar_polygon_count": 323, "solar_fraction": 0.013431247307673021, "solar_percent": 1.3431247307673022, "residential_solar_m2": 87710.71132490848, "residential_polygon_count": 323, "residential_solar_percent": 1.3431247307673022 }, "geometry": { "type": "MultiPolygon", "coordinates": [ [ [ [ 1708686.131358740385622, 42699.94905666847626 ], [ 1708969.922922990052029, 43351.989722948012059 ], [ 1709152.928689932683483, 43476.093472667897004 ], [ 1709714.808879234828055, 43638.100433489955321 ], [ 1710120.099651653086767, 43520.930020884254191 ], [ 1710481.542946216417477, 43089.489815162189188 ], [ 1711398.256043969187886, 42934.49322286710958 ], [ 1711793.021503271302208, 42802.428003907560196 ], [ 1711778.388843273743987, 42027.948761927145824 ], [ 1712776.23609092249535, 42318.070796587388031 ], [ 1712701.559561787638813, 41897.684154313268664 ], [ 1712664.385462087579072, 41691.668551922331972 ], [ 1712498.593300419393927, 41680.911547424984747 ], [ 1712331.912582508521155, 40807.423317458386009 ], [ 1712486.917135656345636, 40740.065503473771969 ], [ 1711574.296595546649769, 40859.087009339040378 ], [ 1711280.152656025718898, 40841.988703191665991 ], [ 1711222.911114705726504, 40874.242952086569858 ], [ 1710945.214256003964692, 41036.979291743969952 ], [ 1710492.737934997305274, 41292.48214632133022 ], [ 1709097.527846567565575, 42071.315807049933937 ], [ 1708520.386488260002807, 42385.160034661159443 ], [ 1708686.131358740385622, 42699.94905666847626 ] ] ] ] } },
{ "type": "Feature", "properties": { "GEOID": "15003004900", "NAME": "Census Tract 49; Honolulu County; Hawaii", "variable": "median_income", "median_income": 81361.0, "income_moe": 10457.0, "tract_area_m2": 4393893.0576511929, "solar_area_m2": 83957.193262486413, "solar_polygon_count": 180, "solar_fraction": 0.019107700656548685, "solar_percent": 1.9107700656548685, "residential_solar_m2": 83957.193262486413, "residential_polygon_count": 180, "residential_solar_percent": 1.9107700656548685 }, "geometry": { "type": "MultiPolygon", "coordinates": [ [ [ [ 1687070.288194125285372, 58169.282156546367332 ], [ 1687950.471041471930221, 58537.669874780243845 ], [ 1688055.925132096046582, 58601.333203280526504 ], [ 1688401.192355899373069, 58818.867977288820839 ], [ 1688531.045918313320726, 58999.522432585028582 ], [ 1688883.722378010628745, 58922.466621542138455 ], [ 1689011.159742043120787, 58762.749460305501998 ], [ 1689578.835416593588889, 58803.588359927947749 ], [ 1689876.652892862446606, 58427.529332320205867 ], [ 1690195.881799284834415, 58089.633695055992575 ], [ 1689388.844087230274454, 57392.892824672184361 ], [ 1688934.804869014769793, 57009.245545789803145 ], [ 1688077.032196165528148, 56297.948801904014545 ], [ 1687379.164685424184427, 57585.800162015424576 ], [ 1687070.288194125285372, 58169.282156546367332 ] ] ] ] } },
{ "type": "Feature", "properties": { "GEOID": "15003000402", "NAME": "Census Tract 4.02; Honolulu County; Hawaii", "variable": "median_income", "median_income": 239063.0, "income_moe": 75917.0, "tract_area_m2": 32325676.320221644, "solar_area_m2": 330264.22261854378, "solar_polygon_count": 1013, "solar_fraction": 0.010216776884941577, "solar_percent": 1.0216776884941576, "residential_solar_m2": 330264.22261854378, "residential_polygon_count": 1013, "residential_solar_percent": 1.0216776884941576 }, "geometry": { "type": "MultiPolygon", "coordinates": [ [ [ [ 1716957.083564777858555, 41136.380927390280704 ], [ 1718004.653546973830089, 43531.736641853764013 ], [ 1720335.355401697801426, 47910.935433640959673 ], [ 1720634.382644262630492, 48505.668772444005299 ], [ 1721313.694606590550393, 49523.443021621511434 ], [ 1721524.388990609906614, 47961.394571029049985 ], [ 1721817.721087877871469, 47812.903283639680012 ], [ 1721419.271008902462199, 47235.449636474870204 ], [ 1721692.164796046679839, 46872.605595086090034 ], [ 1721658.835876758443192, 46400.321987516894296 ], [ 1723007.370001322589815, 41484.617915449758584 ], [ 1722103.324589674826711, 40881.321671539240924 ], [ 1722234.696258787298575, 40019.515929724009766 ], [ 1720035.652609331766143, 39725.973056531925977 ], [ 1717985.109263196587563, 40089.136617115342233 ], [ 1715884.333517395658419, 40360.404039535249467 ], [ 1716957.083564777858555, 41136.380927390280704 ] ] ] ] } },
{ "type": "Feature", "properties": { "GEOID": "15003007400", "NAME": "Census Tract 74; Honolulu County; Hawaii", "variable": "median_income", "median_income": 107893.0, "income_moe": 28486.0, "tract_area_m2": 134089083.00244787, "solar_area_m2": 490955.21298581373, "solar_polygon_count": 517, "solar_fraction": 0.0036614107725447794, "solar_percent": 0.36614107725447792, "residential_solar_m2": 359524.1324796257, "residential_polygon_count": 507, "residential_solar_percent": 0.2681233433993 }, "geometry": { "type": "MultiPolygon", "coordinates": [ [ [ [ 1649445.640478804707527, 72582.609880549483933 ], [ 1650454.71585137094371, 73411.014054807994398 ], [ 1650937.561338689411059, 73336.639265302073909 ], [ 1651414.224169380730018, 73550.693122285942081 ], [ 1652056.744688695529476, 74614.807222414572607 ], [ 1653384.5951903834939, 78080.218729653774062 ], [ 1653648.121011696057394, 77326.525201381853549 ], [ 1654561.954638909781352, 76197.393695458144066 ], [ 1655199.356511735590175, 75743.49516545663937 ], [ 1656367.330533952452242, 74912.699467450074735 ], [ 1658548.486088228877634, 73493.061129666981287 ], [ 1658925.938480237498879, 73195.320066881773528 ], [ 1659482.026668524602428, 72918.350651683998876 ], [ 1660296.026485674548894, 73600.479301471728832 ], [ 1661371.48279264755547, 74741.152219153605984 ], [ 1662642.121084303129464, 76058.107644667601562 ], [ 1662694.066550412448123, 76326.939350544620538 ], [ 1662813.789473982760683, 76428.701287844756735 ], [ 1663166.090291580418125, 76076.127531840582378 ], [ 1663330.607997642597184, 75656.999345069416449 ], [ 1663333.828502906020731, 75287.568545895206626 ], [ 1663278.450727710966021, 75093.565729297581129 ], [ 1662997.977964931633323, 74538.753571531065973 ], [ 1662624.998691345797852, 73864.756354620025377 ], [ 1662191.142854288453236, 73092.657849914452527 ], [ 1661961.724011796526611, 72449.237786577374209 ], [ 1662198.52462373720482, 71676.324068323025131 ], [ 1663347.209181910613552, 71852.983250854143989 ], [ 1664394.721510936040431, 71503.263179330329876 ], [ 1664475.964284195099026, 71687.107366713535157 ], [ 1664783.913039222126827, 71682.52435957067064 ], [ 1665064.818360430421308, 70551.836027567274868 ], [ 1665439.125519739929587, 69097.168661391522619 ], [ 1665217.806897706352174, 68644.81187114281056 ], [ 1664153.05030349153094, 67839.354013498537824 ], [ 1663630.96110857790336, 67224.132931435859064 ], [ 1663303.51485259225592, 67403.803628583409591 ], [ 1663006.208102492848411, 65516.927109476680926 ], [ 1662674.427831403911114, 66278.898590484022861 ], [ 1662409.689255456905812, 66229.749707116032369 ], [ 1662425.058454368961975, 66094.988161054541706 ], [ 1661251.765319596510381, 64991.311676578879997 ], [ 1660626.741956369020045, 64632.539058322079654 ], [ 1659526.158455695491284, 65579.142258962761844 ], [ 1656709.90354167134501, 65050.038104876075522 ], [ 1654942.743122949264944, 64706.616657538121217 ], [ 1652448.701633568387479, 64084.46859916732501 ], [ 1650743.378907891921699, 63959.879461888107471 ], [ 1650368.687927676364779, 65776.085286129484302 ], [ 1650879.173776791896671, 67410.469319122668821 ], [ 1650674.666991211939603, 69117.731796935215243 ], [ 1649857.820514243328944, 69989.395676203741459 ], [ 1649445.640478804707527, 72582.609880549483933 ] ] ] ] } },
{ "type": "Feature", "properties": { "GEOID": "15003002600", "NAME": "Census Tract 26; Honolulu County; Hawaii", "variable": "median_income", "median_income": 53909.0, "income_moe": 8934.0, "tract_area_m2": 7105919.7644256819, "solar_area_m2": 118298.80734685472, "solar_polygon_count": 144, "solar_fraction": 0.016647923318680466, "solar_percent": 1.6647923318680466, "residential_solar_m2": 100503.78478859839, "residential_polygon_count": 142, "residential_solar_percent": 1.414367008360407 }, "geometry": { "type": "MultiPolygon", "coordinates": [ [ [ [ 1696471.429914138279855, 47998.779754290568235 ], [ 1696957.08321408322081, 48770.842264866980258 ], [ 1697829.883076732745394, 48167.312257640172902 ], [ 1698338.143137425649911, 47844.197983440310054 ], [ 1698609.235950804781169, 47738.783902657509316 ], [ 1700276.031431598821655, 47065.688333061058074 ], [ 1701167.884036006173119, 46530.162275136790413 ], [ 1701274.536419471492991, 46444.918118154295371 ], [ 1702289.701978962635621, 45271.311720420497295 ], [ 1702681.523315369850025, 45001.139612767248764 ], [ 1702196.53467862540856, 44876.346551623173582 ], [ 1701991.189945559948683, 44925.87669825865305 ], [ 1701894.773317454149947, 44987.882834920521418 ], [ 1701398.030637397663668, 45318.968236074142624 ], [ 1701053.928857994964346, 45545.612931710944395 ], [ 1700398.998977812938392, 45781.719707776181167 ], [ 1699820.68961729365401, 46003.025677537283627 ], [ 1699189.596534658921883, 46243.532567139125604 ], [ 1698640.583182311151177, 46456.891654352679325 ], [ 1698246.202107334509492, 46603.946991644501395 ], [ 1697475.824748103739694, 46902.808163003559457 ], [ 1696230.379851568955928, 47372.277478634627187 ], [ 1696471.429914138279855, 47998.779754290568235 ] ] ] ] } },
{ "type": "Feature", "properties": { "GEOID": "15003004000", "NAME": "Census Tract 40; Honolulu County; Hawaii", "variable": "median_income", "median_income": 84185.0, "income_moe": 19693.0, "tract_area_m2": 3203722.6155787073, "solar_area_m2": 12012.493989608742, "solar_polygon_count": 8, "solar_fraction": 0.0037495424638811477, "solar_percent": 0.37495424638811475, "residential_solar_m2": 12012.493989608742, "residential_polygon_count": 8, "residential_solar_percent": 0.37495424638811475 }, "geometry": { "type": "MultiPolygon", "coordinates": [ [ [ [ 1686578.957266047364101, 52064.353940178036282 ], [ 1686644.294852248392999, 52086.205468936408579 ], [ 1687082.558890005806461, 52279.836342835515097 ], [ 1687377.859862250741571, 52466.443689081861521 ], [ 1688025.964327899506316, 52859.693340933386935 ], [ 1688153.401756056351587, 52713.051556135302235 ], [ 1688305.709755425807089, 52542.820694327143428 ], [ 1688501.306925151962787, 52307.969662923511351 ], [ 1688697.608821477973834, 52048.418652059415763 ], [ 1688931.463936618063599, 51670.117960984971432 ], [ 1687847.60510879708454, 50926.293163830960111 ], [ 1687245.4505481463857, 50510.56435773895646 ], [ 1687216.566892265342176, 50452.055170995474327 ], [ 1687087.523852761136368, 50484.635737672615505 ], [ 1687054.428240173729137, 50572.151340560361859 ], [ 1686966.820420174160972, 50714.107861862277787 ], [ 1686597.620037591317669, 51341.85628697413631 ], [ 1686608.799477952998132, 51799.930135137372417 ], [ 1686578.957266047364101, 52064.353940178036282 ] ] ] ] } },
{ "type": "Feature", "properties": { "GEOID": "15003002701", "NAME": "Census Tract 27.01; Honolulu County; Hawaii", "variable": "median_income", "median_income": 85899.0, "income_moe": 10356.0, "tract_area_m2": 16286838.211469024, "solar_area_m2": 320679.99532388418, "solar_polygon_count": 199, "solar_fraction": 0.019689518073438259, "solar_percent": 1.9689518073438259, "residential_solar_m2": 127242.23242433577, "residential_polygon_count": 190, "residential_solar_percent": 0.78125803653365389 }, "geometry": { "type": "MultiPolygon", "coordinates": [ [ [ [ 1701273.79175433749333, 46501.221781824133359 ], [ 1701293.304909165948629, 47306.580095055818674 ], [ 1701317.565160552971065, 48127.927239977587305 ], [ 1701337.221086395671591, 48806.146859005799342 ], [ 1701554.395160083658993, 49116.976905792856996 ], [ 1702787.42326124641113, 51137.005461404565722 ], [ 1702853.421548150945455, 51171.591469624254387 ], [ 1703771.690730333328247, 51003.753665229996841 ], [ 1703908.044328802032396, 50554.204405047399632 ], [ 1704754.104259546846151, 49865.389528597523167 ], [ 1704196.221149821067229, 48960.581115909088112 ], [ 1703770.975015497533605, 47860.140704242287029 ], [ 1703893.167634475510567, 47013.173980116822349 ], [ 1704281.711563623975962, 46918.825031791471702 ], [ 1704617.086569478269666, 46592.295283097628271 ], [ 1704676.604873376199976, 46355.887396891041135 ], [ 1704707.87009651446715, 46117.26623479781847 ], [ 1705046.615128906909376, 45542.640041294536786 ], [ 1705037.085790145210922, 44974.13455119162245 ], [ 1704766.781772416783497, 44682.842910644802032 ], [ 1704658.428618086269125, 44474.568196608692233 ], [ 1704038.129763693315908, 44478.189110800354683 ], [ 1703447.18728927266784, 44995.857174736956949 ], [ 1703249.576831948710606, 45126.760678576763894 ], [ 1702681.523315369850025, 45001.139612767248764 ], [ 1702289.701978962635621, 45271.311720420497295 ], [ 1701274.536419471492991, 46444.918118154295371 ], [ 1701273.79175433749333, 46501.221781824133359 ] ] ] ] } },
{ "type": "Feature", "properties": { "GEOID": "15003001804", "NAME": "Census Tract 18.04; Honolulu County; Hawaii", "variable": "median_income", "median_income": 78444.0, "income_moe": 5641.0, "tract_area_m2": 1558437.6521323593, "solar_area_m2": 12402.668207457013, "solar_polygon_count": 5, "solar_fraction": 0.0079583987145631693, "solar_percent": 0.79583987145631696, "residential_solar_m2": 12402.668207457013, "residential_polygon_count": 5, "residential_solar_percent": 0.79583987145631696 }, "geometry": { "type": "MultiPolygon", "coordinates": [ [ [ [ 1701095.418705652467906, 39252.277432491966465 ], [ 1701735.743682052008808, 39952.631307350813586 ], [ 1702163.161331077571958, 39550.998193875224388 ], [ 1702395.945025170687586, 39345.300965959606401 ], [ 1702824.021354666445404, 38971.281170207395917 ], [ 1702926.879672418814152, 38943.066837288330134 ], [ 1702768.127951803384349, 38724.566810495613026 ], [ 1701723.683298471849412, 38287.097779260897369 ], [ 1701263.213760314742103, 39005.817591804203403 ], [ 1701095.418705652467906, 39252.277432491966465 ] ] ] ] } },
{ "type": "Feature", "properties": { "GEOID": "15003001102", "NAME": "Census Tract 11.02; Honolulu County; Hawaii", "variable": "median_income", "median_income": 79321.0, "income_moe": 49553.0, "tract_area_m2": 5278143.9005532479, "solar_area_m2": 42539.044200180149, "solar_polygon_count": 138, "solar_fraction": 0.0080594703368586183, "solar_percent": 0.80594703368586185, "residential_solar_m2": 42539.044200180149, "residential_polygon_count": 138, "residential_solar_percent": 0.80594703368586185 }, "geometry": { "type": "MultiPolygon", "coordinates": [ [ [ [ 1708839.655562238534912, 48063.244459406392707 ], [ 1711211.664875369751826, 51472.206692689083866 ], [ 1711970.19267046242021, 51900.765109363564989 ], [ 1712052.033390647498891, 50772.237433647918806 ], [ 1712359.483792267274112, 50725.788589548814343 ], [ 1711212.71718949591741, 49900.036053612035175 ], [ 1710785.100040920311585, 49165.333762286347337 ], [ 1710765.898788198363036, 48491.105903829156887 ], [ 1710104.298115118639544, 48090.298688678041799 ], [ 1709577.074615526711568, 46959.892361251339025 ], [ 1709116.04317235480994, 47560.125184124342923 ], [ 1708825.380132778082043, 47778.433938797905284 ], [ 1708839.655562238534912, 48063.244459406392707 ] ] ] ] } },
{ "type": "Feature", "properties": { "GEOID": "15003003606", "NAME": "Census Tract 36.06; Honolulu County; Hawaii", "variable": "median_income", "median_income": 120670.0, "income_moe": 23555.0, "tract_area_m2": 2420453.9016543957, "solar_area_m2": 49631.218633923439, "solar_polygon_count": 39, "solar_fraction": 0.020504922072674132, "solar_percent": 2.0504922072674132, "residential_solar_m2": 32631.200157043044, "residential_polygon_count": 38, "residential_solar_percent": 1.3481438392501262 }, "geometry": { "type": "MultiPolygon", "coordinates": [ [ [ [ 1692593.836262506898493, 47815.787469433773367 ], [ 1692911.687342388322577, 48620.70627907000744 ], [ 1693499.128404065733775, 48401.877982338359288 ], [ 1694635.548296638764441, 47972.919871396785311 ], [ 1694803.783963074209169, 47907.704155138068018 ], [ 1694481.559057579608634, 47075.162399810447823 ], [ 1694159.693457032553852, 47234.30810155011568 ], [ 1694154.255322506185621, 47225.584549659084587 ], [ 1693160.514139018254355, 47601.657609569163469 ], [ 1692765.956814095145091, 46556.914853906695498 ], [ 1692220.338814327726141, 46809.937407732053543 ], [ 1692593.836262506898493, 47815.787469433773367 ] ] ] ] } },
{ "type": "Feature", "properties": { "GEOID": "15003007812", "NAME": "Census Tract 78.12; Honolulu County; Hawaii", "variable": "median_income", "median_income": 106536.0, "income_moe": 9008.0, "tract_area_m2": 8014736.3967962461, "solar_area_m2": 33728.730913019033, "solar_polygon_count": 55, "solar_fraction": 0.0042083393942315452, "solar_percent": 0.4208339394231545, "residential_solar_m2": 24350.994566760692, "residential_polygon_count": 54, "residential_solar_percent": 0.30382776626932589 }, "geometry": { "type": "MultiPolygon", "coordinates": [ [ [ [ 1653781.38994230539538, 83184.444219069380779 ], [ 1654486.725677344249561, 82794.123432419903111 ], [ 1655513.660600909264758, 83268.454840049016639 ], [ 1655736.824780221562833, 83289.950560753670288 ], [ 1656666.336662236135453, 82995.98650945413101 ], [ 1656889.988617170602083, 83644.469856687501306 ], [ 1657014.724640162428841, 84017.937366662154091 ], [ 1657121.155906585743651, 85263.944749661430251 ], [ 1657930.513144973199815, 85097.105372511243331 ], [ 1659217.029778378084302, 84332.158427189904614 ], [ 1659420.555012495955452, 84077.949996975978138 ], [ 1659046.164416150189936, 83611.758470650369418 ], [ 1658053.252484004711732, 83242.714959972407087 ], [ 1657837.671697399811819, 82919.708216937026009 ], [ 1657995.290348749607801, 81564.446046726981876 ], [ 1656391.014863695017993, 82191.288055660916143 ], [ 1655177.821485191816464, 82265.04369176599721 ], [ 1654318.541031102417037, 81966.942136364232283 ], [ 1653357.613937396323308, 82721.186546116819954 ], [ 1653781.38994230539538, 83184.444219069380779 ] ] ] ] } },
{ "type": "Feature", "properties": { "GEOID": "15003000115", "NAME": "Census Tract 1.15; Honolulu County; Hawaii", "variable": "median_income", "median_income": 108808.0, "income_moe": 16118.0, "tract_area_m2": 33377516.837005317, "solar_area_m2": 101554.01280820896, "solar_polygon_count": 291, "solar_fraction": 0.0030425874190741792, "solar_percent": 0.30425874190741792, "residential_solar_m2": 93733.070838229716, "residential_polygon_count": 290, "residential_solar_percent": 0.28082697492435627 }, "geometry": { "type": "MultiPolygon", "coordinates": [ [ [ [ 1734512.023757468210533, 55138.76385778671829 ], [ 1734749.141108282841742, 55792.682242076502007 ], [ 1735260.604733308544382, 55285.385530610648857 ], [ 1736077.646894057979807, 55213.821370075078448 ], [ 1736793.293669967213646, 54743.229455818494898 ], [ 1737440.088731945026666, 54707.706202352834225 ], [ 1737301.37296047876589, 54429.925960460081114 ], [ 1737708.131741184974089, 53680.89642303295841 ], [ 1737871.647251069778576, 52860.955549015794531 ], [ 1738015.737986691296101, 52430.029697746023885 ], [ 1739386.174840469146147, 50405.557773105509114 ], [ 1739708.089898469625041, 49731.581661464813806 ], [ 1739787.604349781293422, 47601.583275840363058 ], [ 1739907.492091164225712, 47203.674527292074345 ], [ 1739714.281770574860275, 46198.908954668047954 ], [ 1739662.486880577169359, 46224.967787655034044 ], [ 1739369.951816708315164, 46278.190204256694415 ], [ 1738996.31891941302456, 46186.325462566877832 ], [ 1738451.10963666671887, 44971.683919645671267 ], [ 1737803.347029506228864, 44348.972265957534546 ], [ 1737512.011658462462947, 44675.739878108193807 ], [ 1737140.961317423963919, 45788.817881284638133 ], [ 1736805.551998764742166, 45830.352828075330763 ], [ 1736342.281700173160061, 45028.5409522281916 ], [ 1735974.361000981880352, 43631.524449298703985 ], [ 1735836.497169794049114, 43620.01847412220377 ], [ 1735890.454707315657288, 45442.575927858320938 ], [ 1735850.729881063569337, 48639.171700758757652 ], [ 1736020.036059363977984, 49147.670520590581873 ], [ 1735814.04185340506956, 50128.100293473064085 ], [ 1735983.148798867594451, 50745.939603669576172 ], [ 1735777.419124698266387, 51581.06717595752707 ], [ 1735333.950088090496138, 52306.797221658824128 ], [ 1735093.876332702348009, 53323.495988632836088 ], [ 1734582.012718059355393, 54049.111696632651729 ], [ 1734512.023757468210533, 55138.76385778671829 ] ] ] ] } },
{ "type": "Feature", "properties": { "GEOID": "15003009902", "NAME": "Census Tract 99.02; Honolulu County; Hawaii", "variable": "median_income", "median_income": 86125.0, "income_moe": 23441.0, "tract_area_m2": 47943332.721698068, "solar_area_m2": 14149.237601976032, "solar_polygon_count": 12, "solar_fraction": 0.00029512419764620178, "solar_percent": 0.029512419764620178, "residential_solar_m2": 14149.237601976032, "residential_polygon_count": 12, "residential_solar_percent": 0.029512419764620178 }, "geometry": { "type": "MultiPolygon", "coordinates": [ [ [ [ 1599253.620745687512681, 152283.021140162105439 ], [ 1600327.163554182741791, 153879.971707484452054 ], [ 1601401.921983727719635, 154525.056364609161392 ], [ 1602078.44996609701775, 153723.195433872926515 ], [ 1602967.858780137263238, 155087.351253029512009 ], [ 1604160.415874011348933, 156180.316618460696191 ], [ 1604668.232976663159207, 156154.210910232592141 ], [ 1605298.141066951910034, 155096.287448018672876 ], [ 1605305.071596292546019, 154788.959256365691544 ], [ 1605519.385720618534833, 154178.529552773485193 ], [ 1605356.345357051119208, 152697.236682831397047 ], [ 1605081.148117851698771, 151686.449549334909534 ], [ 1604692.359104316681623, 150529.344423575617839 ], [ 1604647.191916375420988, 150059.30857057441608 ], [ 1604511.137926221126691, 149344.493095673067728 ], [ 1604308.259612662019208, 148800.095383154897718 ], [ 1604228.860651411116123, 148463.402076719707111 ], [ 1603775.844382593175396, 147356.842580341326538 ], [ 1603088.420930715743452, 145387.332817261718446 ], [ 1602689.69730571238324, 144719.933228334615706 ], [ 1601997.737841184716672, 143626.638225619797595 ], [ 1599736.088425944792107, 144707.225348231237149 ], [ 1599517.002670260611922, 144823.275798697432037 ], [ 1600568.482082701753825, 144982.311216595815495 ], [ 1600533.858850646298379, 145482.554091880563647 ], [ 1600062.30473444913514, 146493.516652952035656 ], [ 1600261.304156970931217, 147678.701999090611935 ], [ 1599627.971846557920799, 148602.245125889283372 ], [ 1599684.492793007753789, 150079.241929038689705 ], [ 1599707.157477708999068, 150390.90697285567876 ], [ 1599745.255518873455003, 150890.005636529356707 ], [ 1599253.620745687512681, 152283.021140162105439 ] ] ] ] } },
{ "type": "Feature", "properties": { "GEOID": "15003001901", "NAME": "Census Tract 19.01; Honolulu County; Hawaii", "variable": "median_income", "median_income": 114167.0, "income_moe": 61065.0, "tract_area_m2": 12549374.093124425, "solar_area_m2": 32142.024085386682, "solar_polygon_count": 16, "solar_fraction": 0.0025612451941325674, "solar_percent": 0.25612451941325676, "residential_solar_m2": 21893.694463459531, "residential_polygon_count": 15, "residential_solar_percent": 0.17446044958891369 }, "geometry": { "type": "MultiPolygon", "coordinates": [ [ [ [ 1693577.776885696919635, 43575.031203545760945 ], [ 1693781.269653778523207, 43673.31153806115617 ], [ 1694822.362285973038524, 44017.630854659139004 ], [ 1694875.660481397295371, 43832.061939222512592 ], [ 1695317.152961435960606, 43236.047828582304646 ], [ 1695556.4375824786257, 42957.676891953946324 ], [ 1695895.951896366197616, 42880.653208048897795 ], [ 1696366.641844637226313, 43035.887507090832514 ], [ 1697287.992276900913566, 43284.594130697521905 ], [ 1697343.587842795532197, 43188.753870963402733 ], [ 1697516.908852211898193, 42840.576928973961913 ], [ 1697961.058550721267238, 42023.728716178789909 ], [ 1698373.879899670137092, 41224.28668880724581 ], [ 1698568.915428986307234, 40957.868840930190345 ], [ 1699007.54831352061592, 40545.688541038689436 ], [ 1699635.358192923478782, 39945.554293664790748 ], [ 1700140.56933687441051, 39381.616446753912896 ], [ 1700493.739179266151041, 38688.921375556303246 ], [ 1700775.281544434372336, 38115.658777329190343 ], [ 1700626.856597124831751, 38091.154372511053225 ], [ 1698391.912431036354974, 39972.896018979874498 ], [ 1697004.689775037346408, 40416.767185867916851 ], [ 1695595.603296486893669, 41618.399322637233126 ], [ 1693053.476570261409506, 41791.550191144175187 ], [ 1693577.776885696919635, 43575.031203545760945 ] ] ] ] } },
{ "type": "Feature", "properties": { "GEOID": "15003007100", "NAME": "Census Tract 71; Honolulu County; Hawaii", "variable": "median_income", "median_income": 127759.0, "income_moe": 10998.0, "tract_area_m2": 13353483.777580183, "solar_area_m2": 107715.58947221407, "solar_polygon_count": 285, "solar_fraction": 0.008066478476056042, "solar_percent": 0.80664784760560415, "residential_solar_m2": 107715.58947221407, "residential_polygon_count": 285, "residential_solar_percent": 0.80664784760560415 }, "geometry": { "type": "MultiPolygon", "coordinates": [ [ [ [ 1659116.646124403458089, 62991.892785130243283 ], [ 1660380.073672979837283, 64466.802083135444263 ], [ 1660626.741956369020045, 64632.539058322079654 ], [ 1662631.272670120000839, 63663.077471676617279 ], [ 1663393.023731579538435, 63413.479009284892527 ], [ 1664186.528661595657468, 62946.678748920130602 ], [ 1664780.513882027938962, 62698.842134064252605 ], [ 1665393.873186242999509, 62516.0438325529758 ], [ 1665063.063721585553139, 61053.061876995532657 ], [ 1664588.607555598951876, 61101.885248905375192 ], [ 1664137.354321163613349, 60248.397480347572127 ], [ 1662400.578762203687802, 61063.527871036967554 ], [ 1662528.773777465801686, 61337.838203307335789 ], [ 1660853.423448363319039, 61876.607035331428051 ], [ 1659137.079362950287759, 62953.031609034987923 ], [ 1659116.646124403458089, 62991.892785130243283 ] ] ] ] } },
{ "type": "Feature", "properties": { "GEOID": "15003002801", "NAME": "Census Tract 28.01; Honolulu County; Hawaii", "variable": "median_income", "median_income": 131875.0, "income_moe": 30992.0, "tract_area_m2": 6696602.8867553603, "solar_area_m2": 110333.06446188458, "solar_polygon_count": 186, "solar_fraction": 0.016475975405395912, "solar_percent": 1.6475975405395911, "residential_solar_m2": 82828.612435194329, "residential_polygon_count": 184, "residential_solar_percent": 1.2368750818271452 }, "geometry": { "type": "MultiPolygon", "coordinates": [ [ [ [ 1705037.085790145210922, 44974.13455119162245 ], [ 1705375.597759990952909, 45727.207170193563798 ], [ 1705380.171916167717427, 45885.95516095819039 ], [ 1707633.838395304977894, 47545.898794688924681 ], [ 1708030.428696386981755, 48093.096134175837506 ], [ 1708285.162744684843346, 49632.531478682554734 ], [ 1708757.544618915300816, 49454.408922835689737 ], [ 1709247.667060199892148, 50044.962433755186794 ], [ 1708378.927464360836893, 48706.711456768207427 ], [ 1708839.655562238534912, 48063.244459406392707 ], [ 1707028.732448495691642, 45209.050443120111595 ], [ 1706967.803639763267711, 44651.015168014608207 ], [ 1706003.453683455241844, 43983.619698485133995 ], [ 1705226.832490566652268, 44592.945460084949445 ], [ 1704766.781772416783497, 44682.842910644802032 ], [ 1705037.085790145210922, 44974.13455119162245 ] ] ] ] } },
{ "type": "Feature", "properties": { "GEOID": "15003000107", "NAME": "Census Tract 1.07; Honolulu County; Hawaii", "variable": "median_income", "median_income": 157260.0, "income_moe": 14691.0, "tract_area_m2": 32485840.721517425, "solar_area_m2": 141210.13710579553, "solar_polygon_count": 445, "solar_fraction": 0.0043468210755667203, "solar_percent": 0.43468210755667203, "residential_solar_m2": 141210.13710579553, "residential_polygon_count": 445, "residential_solar_percent": 0.43468210755667203 }, "geometry": { "type": "MultiPolygon", "coordinates": [ [ [ [ 1741822.186513265129179, 44265.22962922444276 ], [ 1742180.817222191952169, 44733.057294458747492 ], [ 1742659.979424403514713, 45905.837321599799907 ], [ 1743210.42003785003908, 46645.02844524950342 ], [ 1743443.597360055660829, 48075.986420519446256 ], [ 1744112.227166890632361, 48941.828684987143788 ], [ 1744087.225393056869507, 49372.605077381340379 ], [ 1744275.515982929151505, 49352.626511420079623 ], [ 1744577.377472625812516, 50276.614935356075875 ], [ 1744387.653052924200892, 51214.181348883597821 ], [ 1744774.769442285876721, 52927.335516428225674 ], [ 1744761.285258882679045, 54609.925879160451586 ], [ 1743938.438359156949446, 55737.341602648943081 ], [ 1744221.553349144989625, 55954.754603479988873 ], [ 1745352.570286962203681, 55810.561798136579455 ], [ 1746100.891430275281891, 56243.220130549954774 ], [ 1746898.82142202113755, 56370.122917027329095 ], [ 1747507.737259635468945, 56207.505111795391713 ], [ 1747691.042119777062908, 55775.955568379358738 ], [ 1747862.843165091704577, 54121.651733496713859 ], [ 1747686.525078438455239, 53438.734333933454764 ], [ 1747966.744282808853313, 52891.863287350875908 ], [ 1747824.940169635228813, 51970.716824591334444 ], [ 1748012.034736540401354, 51355.003864047488605 ], [ 1747685.950855046510696, 50660.526171209676249 ], [ 1747622.969721386907622, 50492.574641954546678 ], [ 1747644.755008351523429, 49981.875908922673261 ], [ 1747535.406565690413117, 49507.604615945077967 ], [ 1747186.165271407226101, 49150.91519579134183 ], [ 1746939.467260701116174, 48410.46695137185452 ], [ 1746718.863743429770693, 48070.382846455344406 ], [ 1746458.491803402779624, 47697.527904534297704 ], [ 1746057.92498344136402, 47290.615315821487457 ], [ 1744663.250439533498138, 46548.65916435077088 ], [ 1744440.108126366743818, 46101.782101084427268 ], [ 1743220.065442731836811, 44984.957413604730391 ], [ 1742615.344217850361019, 44672.85481847653864 ], [ 1742595.835368316620588, 44369.134122879004281 ], [ 1742527.410494075389579, 44366.097969243812258 ], [ 1741993.172938367817551, 44223.051465050295519 ], [ 1741822.186513265129179, 44265.22962922444276 ] ] ] ] } },
{ "type": "Feature", "properties": { "GEOID": "15003008624", "NAME": "Census Tract 86.24; Honolulu County; Hawaii", "variable": "median_income", "median_income": 134545.0, "income_moe": 39383.0, "tract_area_m2": 10070205.265828634, "solar_area_m2": 47943.795712592902, "solar_polygon_count": 228, "solar_fraction": 0.0047609551590056705, "solar_percent": 0.47609551590056703, "residential_solar_m2": 47943.795712592902, "residential_polygon_count": 228, "residential_solar_percent": 0.47609551590056703 }, "geometry": { "type": "MultiPolygon", "coordinates": [ [ [ [ 1630462.097710458096117, 70376.719562491372926 ], [ 1631209.932828899938613, 71763.49741748215456 ], [ 1631264.402348070172593, 71915.692409517243505 ], [ 1631321.562849007546902, 71886.258914296340663 ], [ 1632063.606250350363553, 71324.180708714440698 ], [ 1632568.587068243417889, 71414.918303520724294 ], [ 1632501.461332719307393, 70794.486818681922159 ], [ 1633048.087006602203473, 69334.119881632170291 ], [ 1633083.529077014187351, 69715.170432471219101 ], [ 1633324.42864011740312, 69548.403521528758574 ], [ 1633297.536007904913276, 69472.849868814402726 ], [ 1633134.697363443439826, 68136.453707863533054 ], [ 1633147.093194427900016, 66699.412758695980301 ], [ 1632325.92068315949291, 66573.844101608337951 ], [ 1632289.180279558058828, 66656.308671872102423 ], [ 1631716.631617540959269, 67785.397073640968301 ], [ 1630800.217080641305074, 67816.430542029964272 ], [ 1630743.385135339573026, 67803.36357352687628 ], [ 1630329.929671042133123, 69638.244938937481493 ], [ 1630462.097710458096117, 70376.719562491372926 ] ] ] ] } },
{ "type": "Feature", "properties": { "GEOID": "15003006704", "NAME": "Census Tract 67.04; Honolulu County; Hawaii", "variable": "median_income", "median_income": 81760.0, "income_moe": 8745.0, "tract_area_m2": 196561982.78900895, "solar_area_m2": 330864.46379044477, "solar_polygon_count": 911, "solar_fraction": 0.001683257663032414, "solar_percent": 0.16832576630324139, "residential_solar_m2": 310505.4365717941, "residential_polygon_count": 910, "residential_solar_percent": 0.15796820532945727 }, "geometry": { "type": "MultiPolygon", "coordinates": [ [ [ [ 1672282.930541122797877, 73820.597372875694418 ], [ 1672997.878399104811251, 73716.773259337598574 ], [ 1674452.074781723320484, 73833.920788504954544 ], [ 1682587.547409740043804, 77449.403873621573439 ], [ 1685763.638259549858049, 79877.112838129585725 ], [ 1687387.380218004574999, 80416.863540975638898 ], [ 1687994.883762902580202, 80940.129479763592826 ], [ 1688671.427653533173725, 81098.390123996970942 ], [ 1689176.341011869721115, 81804.296210818254622 ], [ 1689683.957707760389894, 81777.517381663943524 ], [ 1689984.286245072027668, 82593.310514261960634 ], [ 1690656.879164561163634, 83668.821099176682765 ], [ 1691772.145073665073141, 84273.617662568081869 ], [ 1693124.566674751695246, 84808.925556477130158 ], [ 1694105.583709445782006, 84899.990772145087249 ], [ 1694341.338085422059521, 85234.063353092467878 ], [ 1695221.008539988193661, 85287.267969724183786 ], [ 1695219.420444638235494, 85508.854442386116716 ], [ 1696301.172241232823581, 84896.067204088612925 ], [ 1698299.159449687693268, 84219.989782739663497 ], [ 1698776.303773335646838, 83421.338669520278927 ], [ 1700273.626841405872256, 83023.410018791764742 ], [ 1699798.596083847340196, 81896.776822690459085 ], [ 1700105.635885146213695, 81134.27500148229592 ], [ 1699902.114182335091755, 80589.159747841069475 ], [ 1700447.508190409047529, 79354.689496689898078 ], [ 1699189.355040606111288, 78735.75181772862561 ], [ 1698033.829475500853732, 77572.430208992140251 ], [ 1697183.432012005709112, 77389.891504780389369 ], [ 1695925.572296377271414, 76407.773846056617913 ], [ 1694110.758038042811677, 75345.207722301463946 ], [ 1693167.885939694708213, 75383.86467873158108 ], [ 1692359.929469673195854, 75242.12994470873673 ], [ 1691654.215117648243904, 74922.145724802816403 ], [ 1691621.798426596680656, 74663.475176346575608 ], [ 1690109.457041437970474, 73833.45837989244319 ], [ 1689270.363109176279977, 73102.538097171243862 ], [ 1688159.908405593829229, 72913.731688695348566 ], [ 1687453.458922712365165, 72592.71308538649464 ], [ 1687118.287223185412586, 72212.089185008371715 ], [ 1684129.369848176371306, 70111.755268025503028 ], [ 1683795.269905284279957, 69619.997039406705881 ], [ 1682751.134401648771018, 68932.606024251974304 ], [ 1681776.517082546139136, 68524.270361674003652 ], [ 1681635.093004422495142, 68787.15905425233359 ], [ 1680398.00878244289197, 68498.15854597503494 ], [ 1679385.580693606520072, 67171.52632515449659 ], [ 1678084.024595683440566, 65580.622819489013636 ], [ 1677973.91670130728744, 65362.22861864267179 ], [ 1677771.973144342657179, 64095.777162063350261 ], [ 1677774.732440659543499, 64043.106984452155302 ], [ 1677089.750455755973235, 64415.697507362943725 ], [ 1675844.999560673255473, 66267.465264142156229 ], [ 1675886.834492104593664, 66302.002280217711814 ], [ 1675762.033054904779419, 66679.342852442801814 ], [ 1675712.136951248859987, 67000.428365372674307 ], [ 1675857.040926953777671, 67098.603226510123932 ], [ 1676397.803141139214858, 67065.544255649729166 ], [ 1676439.215061486233026, 68739.093787055680878 ], [ 1677491.540078623918816, 68532.392736744819558 ], [ 1678044.50755293853581, 68544.765953816357069 ], [ 1678766.342636890942231, 69392.028989640748478 ], [ 1678542.189296641619876, 69734.783075830113376 ], [ 1678950.757349190302193, 69894.182003469904885 ], [ 1681017.99884730973281, 71222.323709086835152 ], [ 1680532.278393689077348, 72779.603116297992528 ], [ 1679238.877000326290727, 72848.394438401635853 ], [ 1678941.992375874193385, 73088.655982335971203 ], [ 1678315.991664491826668, 72968.33412748943374 ], [ 1677658.620829632971436, 72449.504965371874277 ], [ 1677446.982605389552191, 72928.857184856315143 ], [ 1676568.392030665418133, 72464.014111184995272 ], [ 1675849.336235466878861, 71541.224274595981115 ], [ 1674941.36795137799345, 71196.2635519936739 ], [ 1674595.923733038827777, 70230.86916899116477 ], [ 1674479.623820880195126, 70645.270722866785945 ], [ 1674388.982248396379873, 70845.730733434247668 ], [ 1673674.179711767472327, 71744.705143072133069 ], [ 1672967.943836655467749, 72584.483615661752992 ], [ 1672325.167586724972352, 73174.751930718281073 ], [ 1671694.257619195850566, 73280.450384829251561 ], [ 1672282.930541122797877, 73820.597372875694418 ] ] ] ] } }
]
}
